==== Nouveau run : 2025-12-08T12:43:34+01:00 ====
---- [2025-12-08T12:43:34+01:00] Début installation: DCV (scripts/install_dcv.sh)
cp: impossible d'évaluer '/home/jason/scripts/Necessary/dcv/dcv': Aucun fichier ou dossier de ce nom
Erreur lors de DCV : exit status 1

---- [2025-12-08T12:43:34+01:00] Début installation: Discord (scripts/install_discord.sh)
--2025-12-08 12:43:34--  https://discord.com/api/download?platform=linux&format=deb
Résolution de discord.com (discord.com)… 162.159.137.232, 162.159.138.232, 162.159.128.233, ...
Connexion à discord.com (discord.com)|162.159.137.232|:443… connecté.
requête HTTP transmise, en attente de la réponse… 302 Found
Emplacement : https://stable.dl2.discordapp.net/apps/linux/0.0.117/discord-0.0.117.deb [suivant]
--2025-12-08 12:43:34--  https://stable.dl2.discordapp.net/apps/linux/0.0.117/discord-0.0.117.deb
Résolution de stable.dl2.discordapp.net (stable.dl2.discordapp.net)… 34.126.226.51
Connexion à stable.dl2.discordapp.net (stable.dl2.discordapp.net)|34.126.226.51|:443… connecté.
requête HTTP transmise, en attente de la réponse… 200 OK
Taille : 108129052 (103M) [application/vnd.debian.binary-package]
Enregistre : ‘/home/jason/Téléchargements/discord.deb’

     0K .......... .......... .......... .......... ..........  0% 2,03M 51s
    50K .......... .......... .......... .......... ..........  0% 4,62M 37s
   100K .......... .......... .......... .......... ..........  0% 7,80M 29s
   150K .......... .......... .......... .......... ..........  0% 10,8M 24s
   200K .......... .......... .......... .......... ..........  0% 8,58M 22s
   250K .......... .......... .......... .......... ..........  0% 17,8M 19s
   300K .......... .......... .......... .......... ..........  0% 17,3M 17s
   350K .......... .......... .......... .......... ..........  0% 17,0M 16s
   400K .......... .......... .......... .......... ..........  0% 22,9M 14s
   450K .......... .......... .......... .......... ..........  0% 16,8M 14s
   500K .......... .......... .......... .......... ..........  0% 37,5M 13s
   550K .......... .......... .......... .......... ..........  0% 25,1M 12s
   600K .......... .......... .......... .......... ..........  0% 41,2M 11s
   650K .......... .......... .......... .......... ..........  0% 30,5M 11s
   700K .......... .......... .......... .......... ..........  0% 30,1M 10s
   750K .......... .......... .......... .......... ..........  0% 39,4M 10s
   800K .......... .......... .......... .......... ..........  0% 39,1M 9s
   850K .......... .......... .......... .......... ..........  0% 54,9M 9s
   900K .......... .......... .......... .......... ..........  0% 41,4M 8s
   950K .......... .......... .......... .......... ..........  0% 31,4M 8s
  1000K .......... .......... .......... .......... ..........  0% 58,2M 8s
  1050K .......... .......... .......... .......... ..........  1% 64,2M 8s
  1100K .......... .......... .......... .......... ..........  1% 48,1M 7s
  1150K .......... .......... .......... .......... ..........  1% 44,2M 7s
  1200K .......... .......... .......... .......... ..........  1% 88,6M 7s
  1250K .......... .......... .......... .......... ..........  1% 41,2M 7s
  1300K .......... .......... .......... .......... ..........  1% 68,5M 7s
  1350K .......... .......... .......... .......... ..........  1% 75,1M 6s
  1400K .......... .......... .......... .......... ..........  1% 82,2M 6s
  1450K .......... .......... .......... .......... ..........  1% 80,2M 6s
  1500K .......... .......... .......... .......... ..........  1% 90,6M 6s
  1550K .......... .......... .......... .......... ..........  1% 84,7M 6s
  1600K .......... .......... .......... .......... ..........  1% 78,8M 6s
  1650K .......... .......... .......... .......... ..........  1% 89,1M 5s
  1700K .......... .......... .......... .......... ..........  1% 81,8M 5s
  1750K .......... .......... .......... .......... ..........  1% 78,8M 5s
  1800K .......... .......... .......... .......... ..........  1% 83,0M 5s
  1850K .......... .......... .......... .......... ..........  1% 91,1M 5s
  1900K .......... .......... .......... .......... ..........  1%  101M 5s
  1950K .......... .......... .......... .......... ..........  1% 69,8M 5s
  2000K .......... .......... .......... .......... ..........  1% 93,9M 5s
  2050K .......... .......... .......... .......... ..........  1% 81,4M 5s
  2100K .......... .......... .......... .......... ..........  2% 80,7M 5s
  2150K .......... .......... .......... .......... ..........  2% 71,5M 4s
  2200K .......... .......... .......... .......... ..........  2%  102M 4s
  2250K .......... .......... .......... .......... ..........  2%  106M 4s
  2300K .......... .......... .......... .......... ..........  2%  104M 4s
  2350K .......... .......... .......... .......... ..........  2% 78,2M 4s
  2400K .......... .......... .......... .......... ..........  2% 94,8M 4s
  2450K .......... .......... .......... .......... ..........  2% 92,0M 4s
  2500K .......... .......... .......... .......... ..........  2% 85,8M 4s
  2550K .......... .......... .......... .......... ..........  2% 93,0M 4s
  2600K .......... .......... .......... .......... ..........  2%  104M 4s
  2650K .......... .......... .......... .......... ..........  2%  108M 4s
  2700K .......... .......... .......... .......... ..........  2%  133M 4s
  2750K .......... .......... .......... .......... ..........  2%  112M 4s
  2800K .......... .......... .......... .......... ..........  2%  123M 4s
  2850K .......... .......... .......... .......... ..........  2%  115M 4s
  2900K .......... .......... .......... .......... ..........  2%  117M 4s
  2950K .......... .......... .......... .......... ..........  2%  118M 3s
  3000K .......... .......... .......... .......... ..........  2%  151M 3s
  3050K .......... .......... .......... .......... ..........  2%  176M 3s
  3100K .......... .......... .......... .......... ..........  2%  136M 3s
  3150K .......... .......... .......... .......... ..........  3% 81,2M 3s
  3200K .......... .......... .......... .......... ..........  3% 98,5M 3s
  3250K .......... .......... .......... .......... ..........  3%  100M 3s
  3300K .......... .......... .......... .......... ..........  3% 98,6M 3s
  3350K .......... .......... .......... .......... ..........  3% 96,8M 3s
  3400K .......... .......... .......... .......... ..........  3%  117M 3s
  3450K .......... .......... .......... .......... ..........  3% 45,0M 3s
  3500K .......... .......... .......... .......... ..........  3%  123M 3s
  3550K .......... .......... .......... .......... ..........  3% 98,4M 3s
  3600K .......... .......... .......... .......... ..........  3%  110M 3s
  3650K .......... .......... .......... .......... ..........  3%  113M 3s
  3700K .......... .......... .......... .......... ..........  3%  119M 3s
  3750K .......... .......... .......... .......... ..........  3% 86,5M 3s
  3800K .......... .......... .......... .......... ..........  3% 90,5M 3s
  3850K .......... .......... .......... .......... ..........  3%  120M 3s
  3900K .......... .......... .......... .......... ..........  3%  130M 3s
  3950K .......... .......... .......... .......... ..........  3% 76,7M 3s
  4000K .......... .......... .......... .......... ..........  3%  137M 3s
  4050K .......... .......... .......... .......... ..........  3% 97,1M 3s
  4100K .......... .......... .......... .......... ..........  3%  144M 3s
  4150K .......... .......... .......... .......... ..........  3%  102M 3s
  4200K .......... .......... .......... .......... ..........  4% 95,5M 3s
  4250K .......... .......... .......... .......... ..........  4%  141M 3s
  4300K .......... .......... .......... .......... ..........  4%  126M 3s
  4350K .......... .......... .......... .......... ..........  4%  102M 3s
  4400K .......... .......... .......... .......... ..........  4% 44,3M 3s
  4450K .......... .......... .......... .......... ..........  4% 95,9M 3s
  4500K .......... .......... .......... .......... ..........  4%  158M 3s
  4550K .......... .......... .......... .......... ..........  4% 90,4M 3s
  4600K .......... .......... .......... .......... ..........  4%  153M 3s
  4650K .......... .......... .......... .......... ..........  4% 98,7M 3s
  4700K .......... .......... .......... .......... ..........  4%  134M 3s
  4750K .......... .......... .......... .......... ..........  4% 80,8M 3s
  4800K .......... .......... .......... .......... ..........  4%  127M 2s
  4850K .......... .......... .......... .......... ..........  4%  125M 2s
  4900K .......... .......... .......... .......... ..........  4%  146M 2s
  4950K .......... .......... .......... .......... ..........  4% 87,8M 2s
  5000K .......... .......... .......... .......... ..........  4%  115M 2s
  5050K .......... .......... .......... .......... ..........  4%  101M 2s
  5100K .......... .......... .......... .......... ..........  4%  153M 2s
  5150K .......... .......... .......... .......... ..........  4% 99,9M 2s
  5200K .......... .......... .......... .......... ..........  4%  114M 2s
  5250K .......... .......... .......... .......... ..........  5% 98,1M 2s
  5300K .......... .......... .......... .......... ..........  5%  118M 2s
  5350K .......... .......... .......... .......... ..........  5%  114M 2s
  5400K .......... .......... .......... .......... ..........  5% 30,0M 2s
  5450K .......... .......... .......... .......... ..........  5%  109M 2s
  5500K .......... .......... .......... .......... ..........  5%  147M 2s
  5550K .......... .......... .......... .......... ..........  5% 82,9M 2s
  5600K .......... .......... .......... .......... ..........  5%  119M 2s
  5650K .......... .......... .......... .......... ..........  5%  143M 2s
  5700K .......... .......... .......... .......... ..........  5% 97,8M 2s
  5750K .......... .......... .......... .......... ..........  5%  104M 2s
  5800K .......... .......... .......... .......... ..........  5%  124M 2s
  5850K .......... .......... .......... .......... ..........  5%  114M 2s
  5900K .......... .......... .......... .......... ..........  5%  101M 2s
  5950K .......... .......... .......... .......... ..........  5%  115M 2s
  6000K .......... .......... .......... .......... ..........  5%  103M 2s
  6050K .......... .......... .......... .......... ..........  5%  113M 2s
  6100K .......... .......... .......... .......... ..........  5%  141M 2s
  6150K .......... .......... .......... .......... ..........  5%  117M 2s
  6200K .......... .......... .......... .......... ..........  5% 96,1M 2s
  6250K .......... .......... .......... .......... ..........  5%  115M 2s
  6300K .......... .......... .......... .......... ..........  6%  143M 2s
  6350K .......... .......... .......... .......... ..........  6% 71,2M 2s
  6400K .......... .......... .......... .......... ..........  6%  144M 2s
  6450K .......... .......... .......... .......... ..........  6% 45,8M 2s
  6500K .......... .......... .......... .......... ..........  6%  135M 2s
  6550K .......... .......... .......... .......... ..........  6%  114M 2s
  6600K .......... .......... .......... .......... ..........  6%  102M 2s
  6650K .......... .......... .......... .......... ..........  6%  116M 2s
  6700K .......... .......... .......... .......... ..........  6% 95,9M 2s
  6750K .......... .......... .......... .......... ..........  6%  105M 2s
  6800K .......... .......... .......... .......... ..........  6%  108M 2s
  6850K .......... .......... .......... .......... ..........  6%  140M 2s
  6900K .......... .......... .......... .......... ..........  6%  111M 2s
  6950K .......... .......... .......... .......... ..........  6% 97,8M 2s
  7000K .......... .......... .......... .......... ..........  6%  142M 2s
  7050K .......... .......... .......... .......... ..........  6%  116M 2s
  7100K .......... .......... .......... .......... ..........  6%  137M 2s
  7150K .......... .......... .......... .......... ..........  6% 75,0M 2s
  7200K .......... .......... .......... .......... ..........  6%  146M 2s
  7250K .......... .......... .......... .......... ..........  6% 98,4M 2s
  7300K .......... .......... .......... .......... ..........  6%  112M 2s
  7350K .......... .......... .......... .......... ..........  7% 94,5M 2s
  7400K .......... .......... .......... .......... ..........  7% 36,6M 2s
  7450K .......... .......... .......... .......... ..........  7%  126M 2s
  7500K .......... .......... .......... .......... ..........  7% 59,5M 2s
  7550K .......... .......... .......... .......... ..........  7%  155M 2s
  7600K .......... .......... .......... .......... ..........  7%  189M 2s
  7650K .......... .......... .......... .......... ..........  7% 88,8M 2s
  7700K .......... .......... .......... .......... ..........  7%  123M 2s
  7750K .......... .......... .......... .......... ..........  7%  127M 2s
  7800K .......... .......... .......... .......... ..........  7%  132M 2s
  7850K .......... .......... .......... .......... ..........  7% 88,5M 2s
  7900K .......... .......... .......... .......... ..........  7%  164M 2s
  7950K .......... .......... .......... .......... ..........  7% 77,2M 2s
  8000K .......... .......... .......... .......... ..........  7%  127M 2s
  8050K .......... .......... .......... .......... ..........  7% 47,4M 2s
  8100K .......... .......... .......... .......... ..........  7% 1,57M 2s
  8150K .......... .......... .......... .......... ..........  7% 74,5M 2s
  8200K .......... .......... .......... .......... ..........  7%  120M 2s
  8250K .......... .......... .......... .......... ..........  7%  126M 2s
  8300K .......... .......... .......... .......... ..........  7%  110M 2s
  8350K .......... .......... .......... .......... ..........  7% 92,1M 2s
  8400K .......... .......... .......... .......... ..........  8%  118M 2s
  8450K .......... .......... .......... .......... ..........  8%  125M 2s
  8500K .......... .......... .......... .......... ..........  8% 97,7M 2s
  8550K .......... .......... .......... .......... ..........  8%  103M 2s
  8600K .......... .......... .......... .......... ..........  8%  110M 2s
  8650K .......... .......... .......... .......... ..........  8%  124M 2s
  8700K .......... .......... .......... .......... ..........  8%  129M 2s
  8750K .......... .......... .......... .......... ..........  8%  103M 2s
  8800K .......... .......... .......... .......... ..........  8%  112M 2s
  8850K .......... .......... .......... .......... ..........  8%  113M 2s
  8900K .......... .......... .......... .......... ..........  8%  108M 2s
  8950K .......... .......... .......... .......... ..........  8%  109M 2s
  9000K .......... .......... .......... .......... ..........  8%  129M 2s
  9050K .......... .......... .......... .......... ..........  8%  104M 2s
  9100K .......... .......... .......... .......... ..........  8%  121M 2s
  9150K .......... .......... .......... .......... ..........  8%  110M 2s
  9200K .......... .......... .......... .......... ..........  8% 95,9M 2s
  9250K .......... .......... .......... .......... ..........  8%  126M 2s
  9300K .......... .......... .......... .......... ..........  8%  101M 2s
  9350K .......... .......... .......... .......... ..........  8% 90,0M 2s
  9400K .......... .......... .......... .......... ..........  8%  135M 2s
  9450K .......... .......... .......... .......... ..........  8% 28,1M 2s
  9500K .......... .......... .......... .......... ..........  9%  135M 2s
  9550K .......... .......... .......... .......... ..........  9% 84,7M 2s
  9600K .......... .......... .......... .......... ..........  9%  139M 2s
  9650K .......... .......... .......... .......... ..........  9%  133M 2s
  9700K .......... .......... .......... .......... ..........  9% 64,7M 2s
  9750K .......... .......... .......... .......... ..........  9%  111M 2s
  9800K .......... .......... .......... .......... ..........  9% 92,4M 2s
  9850K .......... .......... .......... .......... ..........  9%  109M 2s
  9900K .......... .......... .......... .......... ..........  9%  115M 2s
  9950K .......... .......... .......... .......... ..........  9%  105M 2s
 10000K .......... .......... .......... .......... ..........  9%  140M 2s
 10050K .......... .......... .......... .......... ..........  9% 47,6M 2s
 10100K .......... .......... .......... .......... ..........  9% 50,8M 2s
 10150K .......... .......... .......... .......... ..........  9% 71,9M 2s
 10200K .......... .......... .......... .......... ..........  9%  102M 2s
 10250K .......... .......... .......... .......... ..........  9% 63,7M 2s
 10300K .......... .......... .......... .......... ..........  9% 59,1M 2s
 10350K .......... .......... .......... .......... ..........  9%  124M 2s
 10400K .......... .......... .......... .......... ..........  9%  164M 2s
 10450K .......... .......... .......... .......... ..........  9%  177M 2s
 10500K .......... .......... .......... .......... ..........  9%  166M 2s
 10550K .......... .......... .......... .......... .......... 10%  139M 2s
 10600K .......... .......... .......... .......... .......... 10%  175M 2s
 10650K .......... .......... .......... .......... .......... 10%  176M 2s
 10700K .......... .......... .......... .......... .......... 10%  161M 2s
 10750K .......... .......... .......... .......... .......... 10%  148M 2s
 10800K .......... .......... .......... .......... .......... 10%  154M 2s
 10850K .......... .......... .......... .......... .......... 10%  174M 2s
 10900K .......... .......... .......... .......... .......... 10%  164M 2s
 10950K .......... .......... .......... .......... .......... 10%  163M 2s
 11000K .......... .......... .......... .......... .......... 10%  163M 2s
 11050K .......... .......... .......... .......... .......... 10%  168M 2s
 11100K .......... .......... .......... .......... .......... 10%  143M 2s
 11150K .......... .......... .......... .......... .......... 10%  152M 2s
 11200K .......... .......... .......... .......... .......... 10% 63,7M 2s
 11250K .......... .......... .......... .......... .......... 10%  106M 2s
 11300K .......... .......... .......... .......... .......... 10%  184M 2s
 11350K .......... .......... .......... .......... .......... 10%  164M 2s
 11400K .......... .......... .......... .......... .......... 10% 73,6M 2s
 11450K .......... .......... .......... .......... .......... 10% 21,2M 2s
 11500K .......... .......... .......... .......... .......... 10%  126M 2s
 11550K .......... .......... .......... .......... .......... 10%  163M 2s
 11600K .......... .......... .......... .......... .......... 11%  204M 2s
 11650K .......... .......... .......... .......... .......... 11%  208M 2s
 11700K .......... .......... .......... .......... .......... 11% 19,1M 2s
 11750K .......... .......... .......... .......... .......... 11% 35,6M 2s
 11800K .......... .......... .......... .......... .......... 11% 58,9M 2s
 11850K .......... .......... .......... .......... .......... 11%  179M 2s
 11900K .......... .......... .......... .......... .......... 11%  174M 2s
 11950K .......... .......... .......... .......... .......... 11%  164M 2s
 12000K .......... .......... .......... .......... .......... 11%  198M 2s
 12050K .......... .......... .......... .......... .......... 11%  191M 2s
 12100K .......... .......... .......... .......... .......... 11%  191M 2s
 12150K .......... .......... .......... .......... .......... 11%  180M 2s
 12200K .......... .......... .......... .......... .......... 11%  194M 2s
 12250K .......... .......... .......... .......... .......... 11%  199M 2s
 12300K .......... .......... .......... .......... .......... 11%  136M 2s
 12350K .......... .......... .......... .......... .......... 11%  171M 2s
 12400K .......... .......... .......... .......... .......... 11%  203M 2s
 12450K .......... .......... .......... .......... .......... 11%  196M 2s
 12500K .......... .......... .......... .......... .......... 11%  201M 2s
 12550K .......... .......... .......... .......... .......... 11%  175M 2s
 12600K .......... .......... .......... .......... .......... 11%  190M 2s
 12650K .......... .......... .......... .......... .......... 12%  172M 2s
 12700K .......... .......... .......... .......... .......... 12%  203M 2s
 12750K .......... .......... .......... .......... .......... 12%  155M 2s
 12800K .......... .......... .......... .......... .......... 12%  158M 2s
 12850K .......... .......... .......... .......... .......... 12%  110M 2s
 12900K .......... .......... .......... .......... .......... 12%  103M 2s
 12950K .......... .......... .......... .......... .......... 12%  101M 2s
 13000K .......... .......... .......... .......... .......... 12%  126M 2s
 13050K .......... .......... .......... .......... .......... 12%  102M 2s
 13100K .......... .......... .......... .......... .......... 12%  148M 2s
 13150K .......... .......... .......... .......... .......... 12% 93,3M 2s
 13200K .......... .......... .......... .......... .......... 12%  106M 2s
 13250K .......... .......... .......... .......... .......... 12%  119M 2s
 13300K .......... .......... .......... .......... .......... 12%  139M 2s
 13350K .......... .......... .......... .......... .......... 12% 62,9M 2s
 13400K .......... .......... .......... .......... .......... 12%  210M 2s
 13450K .......... .......... .......... .......... .......... 12% 22,2M 2s
 13500K .......... .......... .......... .......... .......... 12%  120M 2s
 13550K .......... .......... .......... .......... .......... 12%  104M 2s
 13600K .......... .......... .......... .......... .......... 12%  122M 2s
 13650K .......... .......... .......... .......... .......... 12% 99,7M 2s
 13700K .......... .......... .......... .......... .......... 13%  132M 2s
 13750K .......... .......... .......... .......... .......... 13% 93,4M 2s
 13800K .......... .......... .......... .......... .......... 13%  117M 2s
 13850K .......... .......... .......... .......... .......... 13%  146M 2s
 13900K .......... .......... .......... .......... .......... 13% 97,7M 2s
 13950K .......... .......... .......... .......... .......... 13%  104M 2s
 14000K .......... .......... .......... .......... .......... 13%  114M 2s
 14050K .......... .......... .......... .......... .......... 13% 95,1M 2s
 14100K .......... .......... .......... .......... .......... 13%  141M 2s
 14150K .......... .......... .......... .......... .......... 13%  110M 2s
 14200K .......... .......... .......... .......... .......... 13% 95,7M 2s
 14250K .......... .......... .......... .......... .......... 13%  151M 2s
 14300K .......... .......... .......... .......... .......... 13% 17,3M 2s
 14350K .......... .......... .......... .......... .......... 13%  134M 2s
 14400K .......... .......... .......... .......... .......... 13%  174M 2s
 14450K .......... .......... .......... .......... .......... 13%  164M 2s
 14500K .......... .......... .......... .......... .......... 13%  175M 2s
 14550K .......... .......... .......... .......... .......... 13%  163M 2s
 14600K .......... .......... .......... .......... .......... 13%  177M 2s
 14650K .......... .......... .......... .......... .......... 13%  158M 2s
 14700K .......... .......... .......... .......... .......... 13%  178M 2s
 14750K .......... .......... .......... .......... .......... 14%  156M 2s
 14800K .......... .......... .......... .......... .......... 14% 1,66M 2s
 14850K .......... .......... .......... .......... .......... 14%  204M 2s
 14900K .......... .......... .......... .......... .......... 14%  205M 2s
 14950K .......... .......... .......... .......... .......... 14%  175M 2s
 15000K .......... .......... .......... .......... .......... 14%  202M 2s
 15050K .......... .......... .......... .......... .......... 14%  209M 2s
 15100K .......... .......... .......... .......... .......... 14%  207M 2s
 15150K .......... .......... .......... .......... .......... 14%  163M 2s
 15200K .......... .......... .......... .......... .......... 14%  205M 2s
 15250K .......... .......... .......... .......... .......... 14%  208M 2s
 15300K .......... .......... .......... .......... .......... 14%  207M 2s
 15350K .......... .......... .......... .......... .......... 14% 1,60M 2s
 15400K .......... .......... .......... .......... .......... 14%  196M 2s
 15450K .......... .......... .......... .......... .......... 14%  200M 2s
 15500K .......... .......... .......... .......... .......... 14%  186M 2s
 15550K .......... .......... .......... .......... .......... 14%  166M 2s
 15600K .......... .......... .......... .......... .......... 14%  203M 2s
 15650K .......... .......... .......... .......... .......... 14%  205M 2s
 15700K .......... .......... .......... .......... .......... 14%  200M 2s
 15750K .......... .......... .......... .......... .......... 14%  172M 2s
 15800K .......... .......... .......... .......... .......... 15%  188M 2s
 15850K .......... .......... .......... .......... .......... 15%  193M 2s
 15900K .......... .......... .......... .......... .......... 15% 1,61M 2s
 15950K .......... .......... .......... .......... .......... 15%  167M 2s
 16000K .......... .......... .......... .......... .......... 15%  208M 2s
 16050K .......... .......... .......... .......... .......... 15%  192M 2s
 16100K .......... .......... .......... .......... .......... 15%  203M 2s
 16150K .......... .......... .......... .......... .......... 15%  185M 2s
 16200K .......... .......... .......... .......... .......... 15%  201M 2s
 16250K .......... .......... .......... .......... .......... 15%  203M 2s
 16300K .......... .......... .......... .......... .......... 15%  201M 2s
 16350K .......... .......... .......... .......... .......... 15%  172M 2s
 16400K .......... .......... .......... .......... .......... 15% 1,76M 2s
 16450K .......... .......... .......... .......... .......... 15%  143M 2s
 16500K .......... .......... .......... .......... .......... 15%  143M 2s
 16550K .......... .......... .......... .......... .......... 15%  121M 2s
 16600K .......... .......... .......... .......... .......... 15%  147M 2s
 16650K .......... .......... .......... .......... .......... 15%  141M 2s
 16700K .......... .......... .......... .......... .......... 15%  189M 2s
 16750K .......... .......... .......... .......... .......... 15%  173M 2s
 16800K .......... .......... .......... .......... .......... 15%  199M 2s
 16850K .......... .......... .......... .......... .......... 16% 1,32M 2s
 16900K .......... .......... .......... .......... .......... 16%  186M 2s
 16950K .......... .......... .......... .......... .......... 16%  182M 2s
 17000K .......... .......... .......... .......... .......... 16%  202M 2s
 17050K .......... .......... .......... .......... .......... 16%  193M 2s
 17100K .......... .......... .......... .......... .......... 16%  196M 2s
 17150K .......... .......... .......... .......... .......... 16%  171M 2s
 17200K .......... .......... .......... .......... .......... 16%  205M 2s
 17250K .......... .......... .......... .......... .......... 16%  205M 2s
 17300K .......... .......... .......... .......... .......... 16% 2,15M 2s
 17350K .......... .......... .......... .......... .......... 16% 98,8M 2s
 17400K .......... .......... .......... .......... .......... 16%  108M 2s
 17450K .......... .......... .......... .......... .......... 16%  130M 2s
 17500K .......... .......... .......... .......... .......... 16%  138M 2s
 17550K .......... .......... .......... .......... .......... 16%  134M 2s
 17600K .......... .......... .......... .......... .......... 16% 1,55M 2s
 17650K .......... .......... .......... .......... .......... 16%  189M 2s
 17700K .......... .......... .......... .......... .......... 16%  202M 2s
 17750K .......... .......... .......... .......... .......... 16%  180M 2s
 17800K .......... .......... .......... .......... .......... 16%  182M 2s
 17850K .......... .......... .......... .......... .......... 16%  184M 2s
 17900K .......... .......... .......... .......... .......... 16%  202M 2s
 17950K .......... .......... .......... .......... .......... 17%  162M 2s
 18000K .......... .......... .......... .......... .......... 17%  206M 2s
 18050K .......... .......... .......... .......... .......... 17%  203M 2s
 18100K .......... .......... .......... .......... .......... 17%  200M 2s
 18150K .......... .......... .......... .......... .......... 17% 1,60M 2s
 18200K .......... .......... .......... .......... .......... 17%  196M 2s
 18250K .......... .......... .......... .......... .......... 17%  196M 2s
 18300K .......... .......... .......... .......... .......... 17%  199M 2s
 18350K .......... .......... .......... .......... .......... 17%  162M 2s
 18400K .......... .......... .......... .......... .......... 17%  191M 2s
 18450K .......... .......... .......... .......... .......... 17%  198M 2s
 18500K .......... .......... .......... .......... .......... 17%  198M 2s
 18550K .......... .......... .......... .......... .......... 17%  172M 2s
 18600K .......... .......... .......... .......... .......... 17%  208M 2s
 18650K .......... .......... .......... .......... .......... 17%  196M 2s
 18700K .......... .......... .......... .......... .......... 17% 1,38M 3s
 18750K .......... .......... .......... .......... .......... 17%  142M 3s
 18800K .......... .......... .......... .......... .......... 17%  199M 2s
 18850K .......... .......... .......... .......... .......... 17%  196M 2s
 18900K .......... .......... .......... .......... .......... 17%  190M 2s
 18950K .......... .......... .......... .......... .......... 17%  172M 2s
 19000K .......... .......... .......... .......... .......... 18%  201M 2s
 19050K .......... .......... .......... .......... .......... 18%  203M 2s
 19100K .......... .......... .......... .......... .......... 18%  184M 2s
 19150K .......... .......... .......... .......... .......... 18%  170M 2s
 19200K .......... .......... .......... .......... .......... 18%  198M 2s
 19250K .......... .......... .......... .......... .......... 18% 1,41M 3s
 19300K .......... .......... .......... .......... .......... 18%  170M 3s
 19350K .......... .......... .......... .......... .......... 18%  182M 3s
 19400K .......... .......... .......... .......... .......... 18%  202M 3s
 19450K .......... .......... .......... .......... .......... 18%  198M 3s
 19500K .......... .......... .......... .......... .......... 18%  203M 3s
 19550K .......... .......... .......... .......... .......... 18%  176M 3s
 19600K .......... .......... .......... .......... .......... 18%  202M 3s
 19650K .......... .......... .......... .......... .......... 18%  211M 3s
 19700K .......... .......... .......... .......... .......... 18%  210M 3s
 19750K .......... .......... .......... .......... .......... 18% 1,59M 3s
 19800K .......... .......... .......... .......... .......... 18%  192M 3s
 19850K .......... .......... .......... .......... .......... 18%  206M 3s
 19900K .......... .......... .......... .......... .......... 18%  202M 3s
 19950K .......... .......... .......... .......... .......... 18%  163M 3s
 20000K .......... .......... .......... .......... .......... 18%  211M 3s
 20050K .......... .......... .......... .......... .......... 19%  208M 3s
 20100K .......... .......... .......... .......... .......... 19%  199M 3s
 20150K .......... .......... .......... .......... .......... 19%  185M 3s
 20200K .......... .......... .......... .......... .......... 19%  202M 3s
 20250K .......... .......... .......... .......... .......... 19%  201M 3s
 20300K .......... .......... .......... .......... .......... 19% 2,72M 3s
 20350K .......... .......... .......... .......... .......... 19% 40,6M 3s
 20400K .......... .......... .......... .......... .......... 19% 50,3M 3s
 20450K .......... .......... .......... .......... .......... 19% 47,3M 3s
 20500K .......... .......... .......... .......... .......... 19% 49,9M 3s
 20550K .......... .......... .......... .......... .......... 19% 44,7M 3s
 20600K .......... .......... .......... .......... .......... 19% 48,7M 3s
 20650K .......... .......... .......... .......... .......... 19% 50,4M 3s
 20700K .......... .......... .......... .......... .......... 19% 50,2M 3s
 20750K .......... .......... .......... .......... .......... 19% 43,1M 3s
 20800K .......... .......... .......... .......... .......... 19% 50,9M 3s
 20850K .......... .......... .......... .......... .......... 19%  114M 3s
 20900K .......... .......... .......... .......... .......... 19%  201M 3s
 20950K .......... .......... .......... .......... .......... 19%  177M 3s
 21000K .......... .......... .......... .......... .......... 19% 53,3M 3s
 21050K .......... .......... .......... .......... .......... 19%  110M 3s
 21100K .......... .......... .......... .......... .......... 20%  207M 3s
 21150K .......... .......... .......... .......... .......... 20%  175M 3s
 21200K .......... .......... .......... .......... .......... 20%  199M 3s
 21250K .......... .......... .......... .......... .......... 20%  207M 3s
 21300K .......... .......... .......... .......... .......... 20%  197M 3s
 21350K .......... .......... .......... .......... .......... 20%  186M 3s
 21400K .......... .......... .......... .......... .......... 20%  103M 3s
 21450K .......... .......... .......... .......... .......... 20% 50,8M 3s
 21500K .......... .......... .......... .......... .......... 20% 50,7M 3s
 21550K .......... .......... .......... .......... .......... 20% 54,9M 3s
 21600K .......... .......... .......... .......... .......... 20%  207M 3s
 21650K .......... .......... .......... .......... .......... 20%  205M 3s
 21700K .......... .......... .......... .......... .......... 20%  209M 3s
 21750K .......... .......... .......... .......... .......... 20%  175M 3s
 21800K .......... .......... .......... .......... .......... 20%  187M 2s
 21850K .......... .......... .......... .......... .......... 20%  198M 2s
 21900K .......... .......... .......... .......... .......... 20%  198M 2s
 21950K .......... .......... .......... .......... .......... 20% 63,7M 2s
 22000K .......... .......... .......... .......... .......... 20% 41,2M 2s
 22050K .......... .......... .......... .......... .......... 20% 31,0M 2s
 22100K .......... .......... .......... .......... .......... 20% 46,9M 2s
 22150K .......... .......... .......... .......... .......... 21% 61,7M 2s
 22200K .......... .......... .......... .......... .......... 21%  199M 2s
 22250K .......... .......... .......... .......... .......... 21%  197M 2s
 22300K .......... .......... .......... .......... .......... 21%  204M 2s
 22350K .......... .......... .......... .......... .......... 21% 76,8M 2s
 22400K .......... .......... .......... .......... .......... 21%  209M 2s
 22450K .......... .......... .......... .......... .......... 21%  198M 2s
 22500K .......... .......... .......... .......... .......... 21%  206M 2s
 22550K .......... .......... .......... .......... .......... 21%  179M 2s
 22600K .......... .......... .......... .......... .......... 21%  210M 2s
 22650K .......... .......... .......... .......... .......... 21%  190M 2s
 22700K .......... .......... .......... .......... .......... 21%  194M 2s
 22750K .......... .......... .......... .......... .......... 21%  177M 2s
 22800K .......... .......... .......... .......... .......... 21%  208M 2s
 22850K .......... .......... .......... .......... .......... 21% 97,8M 2s
 22900K .......... .......... .......... .......... .......... 21% 50,8M 2s
 22950K .......... .......... .......... .......... .......... 21% 44,0M 2s
 23000K .......... .......... .......... .......... .......... 21% 48,8M 2s
 23050K .......... .......... .......... .......... .......... 21% 52,4M 2s
 23100K .......... .......... .......... .......... .......... 21%  201M 2s
 23150K .......... .......... .......... .......... .......... 21%  170M 2s
 23200K .......... .......... .......... .......... .......... 22% 80,4M 2s
 23250K .......... .......... .......... .......... .......... 22%  151M 2s
 23300K .......... .......... .......... .......... .......... 22%  200M 2s
 23350K .......... .......... .......... .......... .......... 22%  187M 2s
 23400K .......... .......... .......... .......... .......... 22%  204M 2s
 23450K .......... .......... .......... .......... .......... 22%  198M 2s
 23500K .......... .......... .......... .......... .......... 22%  193M 2s
 23550K .......... .......... .......... .......... .......... 22%  175M 2s
 23600K .......... .......... .......... .......... .......... 22%  200M 2s
 23650K .......... .......... .......... .......... .......... 22%  211M 2s
 23700K .......... .......... .......... .......... .......... 22%  171M 2s
 23750K .......... .......... .......... .......... .......... 22%  156M 2s
 23800K .......... .......... .......... .......... .......... 22%  202M 2s
 23850K .......... .......... .......... .......... .......... 22%  209M 2s
 23900K .......... .......... .......... .......... .......... 22%  198M 2s
 23950K .......... .......... .......... .......... .......... 22%  172M 2s
 24000K .......... .......... .......... .......... .......... 22%  209M 2s
 24050K .......... .......... .......... .......... .......... 22%  207M 2s
 24100K .......... .......... .......... .......... .......... 22%  197M 2s
 24150K .......... .......... .......... .......... .......... 22%  188M 2s
 24200K .......... .......... .......... .......... .......... 22%  210M 2s
 24250K .......... .......... .......... .......... .......... 23%  200M 2s
 24300K .......... .......... .......... .......... .......... 23% 77,8M 2s
 24350K .......... .......... .......... .......... .......... 23% 42,2M 2s
 24400K .......... .......... .......... .......... .......... 23% 46,6M 2s
 24450K .......... .......... .......... .......... .......... 23% 42,1M 2s
 24500K .......... .......... .......... .......... .......... 23% 47,5M 2s
 24550K .......... .......... .......... .......... .......... 23%  135M 2s
 24600K .......... .......... .......... .......... .......... 23%  164M 2s
 24650K .......... .......... .......... .......... .......... 23%  201M 2s
 24700K .......... .......... .......... .......... .......... 23%  107M 2s
 24750K .......... .......... .......... .......... .......... 23% 37,7M 2s
 24800K .......... .......... .......... .......... .......... 23% 75,5M 2s
 24850K .......... .......... .......... .......... .......... 23%  101M 2s
 24900K .......... .......... .......... .......... .......... 23%  207M 2s
 24950K .......... .......... .......... .......... .......... 23% 43,1M 2s
 25000K .......... .......... .......... .......... .......... 23%  156M 2s
 25050K .......... .......... .......... .......... .......... 23%  205M 2s
 25100K .......... .......... .......... .......... .......... 23%  202M 2s
 25150K .......... .......... .......... .......... .......... 23% 75,6M 2s
 25200K .......... .......... .......... .......... .......... 23% 48,8M 2s
 25250K .......... .......... .......... .......... .......... 23%  176M 2s
 25300K .......... .......... .......... .......... .......... 24%  204M 2s
 25350K .......... .......... .......... .......... .......... 24%  172M 2s
 25400K .......... .......... .......... .......... .......... 24%  171M 2s
 25450K .......... .......... .......... .......... .......... 24%  173M 2s
 25500K .......... .......... .......... .......... .......... 24% 27,6M 2s
 25550K .......... .......... .......... .......... .......... 24% 24,5M 2s
 25600K .......... .......... .......... .......... .......... 24% 44,1M 2s
 25650K .......... .......... .......... .......... .......... 24% 27,5M 2s
 25700K .......... .......... .......... .......... .......... 24% 18,1M 2s
 25750K .......... .......... .......... .......... .......... 24% 23,6M 2s
 25800K .......... .......... .......... .......... .......... 24% 14,9M 2s
 25850K .......... .......... .......... .......... .......... 24% 25,2M 2s
 25900K .......... .......... .......... .......... .......... 24% 44,8M 2s
 25950K .......... .......... .......... .......... .......... 24% 16,4M 2s
 26000K .......... .......... .......... .......... .......... 24% 40,7M 2s
 26050K .......... .......... .......... .......... .......... 24% 26,2M 2s
 26100K .......... .......... .......... .......... .......... 24% 27,3M 2s
 26150K .......... .......... .......... .......... .......... 24% 41,8M 2s
 26200K .......... .......... .......... .......... .......... 24% 26,8M 2s
 26250K .......... .......... .......... .......... .......... 24% 25,7M 2s
 26300K .......... .......... .......... .......... .......... 24% 27,4M 2s
 26350K .......... .......... .......... .......... .......... 25% 25,6M 2s
 26400K .......... .......... .......... .......... .......... 25% 26,1M 2s
 26450K .......... .......... .......... .......... .......... 25% 40,5M 2s
 26500K .......... .......... .......... .......... .......... 25% 28,2M 2s
 26550K .......... .......... .......... .......... .......... 25% 25,5M 2s
 26600K .......... .......... .......... .......... .......... 25% 25,5M 2s
 26650K .......... .......... .......... .......... .......... 25% 39,4M 2s
 26700K .......... .......... .......... .......... .......... 25% 22,4M 2s
 26750K .......... .......... .......... .......... .......... 25% 31,3M 2s
 26800K .......... .......... .......... .......... .......... 25% 25,8M 2s
 26850K .......... .......... .......... .......... .......... 25% 26,4M 2s
 26900K .......... .......... .......... .......... .......... 25% 25,3M 2s
 26950K .......... .......... .......... .......... .......... 25% 47,0M 2s
 27000K .......... .......... .......... .......... .......... 25% 25,7M 2s
 27050K .......... .......... .......... .......... .......... 25% 25,9M 2s
 27100K .......... .......... .......... .......... .......... 25% 32,2M 2s
 27150K .......... .......... .......... .......... .......... 25% 22,5M 2s
 27200K .......... .......... .......... .......... .......... 25% 30,2M 2s
 27250K .......... .......... .......... .......... .......... 25% 36,3M 2s
 27300K .......... .......... .......... .......... .......... 25% 27,6M 2s
 27350K .......... .......... .......... .......... .......... 25% 24,3M 2s
 27400K .......... .......... .......... .......... .......... 25% 30,3M 2s
 27450K .......... .......... .......... .......... .......... 26% 38,9M 2s
 27500K .......... .......... .......... .......... .......... 26% 27,1M 2s
 27550K .......... .......... .......... .......... .......... 26% 25,5M 2s
 27600K .......... .......... .......... .......... .......... 26% 27,6M 2s
 27650K .......... .......... .......... .......... .......... 26% 25,4M 2s
 27700K .......... .......... .......... .......... .......... 26% 46,3M 2s
 27750K .......... .......... .......... .......... .......... 26% 24,9M 2s
 27800K .......... .......... .......... .......... .......... 26% 27,5M 2s
 27850K .......... .......... .......... .......... .......... 26% 30,3M 2s
 27900K .......... .......... .......... .......... .......... 26% 37,1M 2s
 27950K .......... .......... .......... .......... .......... 26% 19,7M 2s
 28000K .......... .......... .......... .......... .......... 26% 36,0M 2s
 28050K .......... .......... .......... .......... .......... 26% 26,0M 2s
 28100K .......... .......... .......... .......... .......... 26% 28,4M 2s
 28150K .......... .......... .......... .......... .......... 26% 47,2M 2s
 28200K .......... .......... .......... .......... .......... 26% 31,1M 2s
 28250K .......... .......... .......... .......... .......... 26% 43,7M 2s
 28300K .......... .......... .......... .......... .......... 26% 49,3M 2s
 28350K .......... .......... .......... .......... .......... 26% 31,5M 2s
 28400K .......... .......... .......... .......... .......... 26% 28,3M 2s
 28450K .......... .......... .......... .......... .......... 26% 48,1M 2s
 28500K .......... .......... .......... .......... .......... 27% 30,4M 2s
 28550K .......... .......... .......... .......... .......... 27% 46,8M 2s
 28600K .......... .......... .......... .......... .......... 27% 31,5M 2s
 28650K .......... .......... .......... .......... .......... 27% 44,6M 2s
 28700K .......... .......... .......... .......... .......... 27% 24,9M 2s
 28750K .......... .......... .......... .......... .......... 27% 15,8M 2s
 28800K .......... .......... .......... .......... .......... 27% 25,2M 2s
 28850K .......... .......... .......... .......... .......... 27% 47,0M 2s
 28900K .......... .......... .......... .......... .......... 27% 27,6M 2s
 28950K .......... .......... .......... .......... .......... 27% 44,0M 2s
 29000K .......... .......... .......... .......... .......... 27% 43,2M 2s
 29050K .......... .......... .......... .......... .......... 27% 29,3M 2s
 29100K .......... .......... .......... .......... .......... 27% 29,0M 2s
 29150K .......... .......... .......... .......... .......... 27% 42,2M 2s
 29200K .......... .......... .......... .......... .......... 27% 22,5M 2s
 29250K .......... .......... .......... .......... .......... 27% 70,0M 2s
 29300K .......... .......... .......... .......... .......... 27% 32,5M 2s
 29350K .......... .......... .......... .......... .......... 27% 45,0M 2s
 29400K .......... .......... .......... .......... .......... 27% 24,0M 2s
 29450K .......... .......... .......... .......... .......... 27% 75,8M 2s
 29500K .......... .......... .......... .......... .......... 27% 45,9M 2s
 29550K .......... .......... .......... .......... .......... 28% 20,8M 2s
 29600K .......... .......... .......... .......... .......... 28% 44,9M 2s
 29650K .......... .......... .......... .......... .......... 28% 36,3M 2s
 29700K .......... .......... .......... .......... .......... 28% 30,8M 2s
 29750K .......... .......... .......... .......... .......... 28% 40,0M 2s
 29800K .......... .......... .......... .......... .......... 28% 32,7M 2s
 29850K .......... .......... .......... .......... .......... 28% 45,7M 2s
 29900K .......... .......... .......... .......... .......... 28% 32,1M 2s
 29950K .......... .......... .......... .......... .......... 28% 29,3M 2s
 30000K .......... .......... .......... .......... .......... 28% 40,0M 2s
 30050K .......... .......... .......... .......... .......... 28% 28,6M 2s
 30100K .......... .......... .......... .......... .......... 28% 43,5M 2s
 30150K .......... .......... .......... .......... .......... 28% 53,4M 2s
 30200K .......... .......... .......... .......... .......... 28% 27,4M 2s
 30250K .......... .......... .......... .......... .......... 28% 46,0M 2s
 30300K .......... .......... .......... .......... .......... 28% 35,7M 2s
 30350K .......... .......... .......... .......... .......... 28% 26,6M 2s
 30400K .......... .......... .......... .......... .......... 28% 44,5M 2s
 30450K .......... .......... .......... .......... .......... 28% 32,5M 2s
 30500K .......... .......... .......... .......... .......... 28% 40,5M 2s
 30550K .......... .......... .......... .......... .......... 28% 32,0M 2s
 30600K .......... .......... .......... .......... .......... 29% 45,7M 2s
 30650K .......... .......... .......... .......... .......... 29% 27,5M 2s
 30700K .......... .......... .......... .......... .......... 29% 53,0M 2s
 30750K .......... .......... .......... .......... .......... 29% 28,0M 2s
 30800K .......... .......... .......... .......... .......... 29% 50,7M 2s
 30850K .......... .......... .......... .......... .......... 29% 27,1M 2s
 30900K .......... .......... .......... .......... .......... 29% 57,5M 2s
 30950K .......... .......... .......... .......... .......... 29% 30,0M 2s
 31000K .......... .......... .......... .......... .......... 29% 41,6M 2s
 31050K .......... .......... .......... .......... .......... 29% 16,5M 2s
 31100K .......... .......... .......... .......... .......... 29%  188M 2s
 31150K .......... .......... .......... .......... .......... 29% 42,4M 2s
 31200K .......... .......... .......... .......... .......... 29% 51,6M 2s
 31250K .......... .......... .......... .......... .......... 29% 28,4M 2s
 31300K .......... .......... .......... .......... .......... 29% 44,9M 2s
 31350K .......... .......... .......... .......... .......... 29% 28,3M 2s
 31400K .......... .......... .......... .......... .......... 29% 48,8M 2s
 31450K .......... .......... .......... .......... .......... 29% 42,7M 2s
 31500K .......... .......... .......... .......... .......... 29% 30,4M 2s
 31550K .......... .......... .......... .......... .......... 29% 29,3M 2s
 31600K .......... .......... .......... .......... .......... 29% 54,3M 2s
 31650K .......... .......... .......... .......... .......... 30% 28,4M 2s
 31700K .......... .......... .......... .......... .......... 30% 47,4M 2s
 31750K .......... .......... .......... .......... .......... 30% 47,0M 2s
 31800K .......... .......... .......... .......... .......... 30% 41,9M 2s
 31850K .......... .......... .......... .......... .......... 30% 41,6M 2s
 31900K .......... .......... .......... .......... .......... 30% 53,5M 2s
 31950K .......... .......... .......... .......... .......... 30% 38,8M 2s
 32000K .......... .......... .......... .......... .......... 30% 59,1M 2s
 32050K .......... .......... .......... .......... .......... 30% 41,0M 2s
 32100K .......... .......... .......... .......... .......... 30% 50,6M 2s
 32150K .......... .......... .......... .......... .......... 30% 40,1M 2s
 32200K .......... .......... .......... .......... .......... 30% 58,8M 2s
 32250K .......... .......... .......... .......... .......... 30% 44,2M 2s
 32300K .......... .......... .......... .......... .......... 30% 44,8M 2s
 32350K .......... .......... .......... .......... .......... 30% 25,2M 2s
 32400K .......... .......... .......... .......... .......... 30% 26,3M 2s
 32450K .......... .......... .......... .......... .......... 30% 26,7M 2s
 32500K .......... .......... .......... .......... .......... 30% 28,2M 2s
 32550K .......... .......... .......... .......... .......... 30% 47,5M 2s
 32600K .......... .......... .......... .......... .......... 30% 47,0M 2s
 32650K .......... .......... .......... .......... .......... 30% 35,9M 2s
 32700K .......... .......... .......... .......... .......... 31% 48,7M 2s
 32750K .......... .......... .......... .......... .......... 31% 34,4M 2s
 32800K .......... .......... .......... .......... .......... 31% 53,0M 2s
 32850K .......... .......... .......... .......... .......... 31% 50,4M 2s
 32900K .......... .......... .......... .......... .......... 31% 48,0M 2s
 32950K .......... .......... .......... .......... .......... 31% 38,3M 2s
 33000K .......... .......... .......... .......... .......... 31% 39,0M 2s
 33050K .......... .......... .......... .......... .......... 31% 49,3M 2s
 33100K .......... .......... .......... .......... .......... 31% 50,1M 2s
 33150K .......... .......... .......... .......... .......... 31% 38,2M 2s
 33200K .......... .......... .......... .......... .......... 31% 48,5M 2s
 33250K .......... .......... .......... .......... .......... 31% 53,5M 2s
 33300K .......... .......... .......... .......... .......... 31% 46,4M 2s
 33350K .......... .......... .......... .......... .......... 31% 22,8M 2s
 33400K .......... .......... .......... .......... .......... 31%  157M 2s
 33450K .......... .......... .......... .......... .......... 31% 42,3M 2s
 33500K .......... .......... .......... .......... .......... 31% 48,3M 2s
 33550K .......... .......... .......... .......... .......... 31% 31,4M 2s
 33600K .......... .......... .......... .......... .......... 31% 81,9M 2s
 33650K .......... .......... .......... .......... .......... 31% 32,5M 2s
 33700K .......... .......... .......... .......... .......... 31% 54,3M 2s
 33750K .......... .......... .......... .......... .......... 32% 40,6M 2s
 33800K .......... .......... .......... .......... .......... 32% 19,1M 2s
 33850K .......... .......... .......... .......... .......... 32%  159M 2s
 33900K .......... .......... .......... .......... .......... 32%  177M 2s
 33950K .......... .......... .......... .......... .......... 32% 54,4M 2s
 34000K .......... .......... .......... .......... .......... 32% 38,9M 2s
 34050K .......... .......... .......... .......... .......... 32% 33,7M 2s
 34100K .......... .......... .......... .......... .......... 32% 50,9M 2s
 34150K .......... .......... .......... .......... .......... 32% 47,9M 2s
 34200K .......... .......... .......... .......... .......... 32% 47,0M 2s
 34250K .......... .......... .......... .......... .......... 32% 49,1M 2s
 34300K .......... .......... .......... .......... .......... 32% 52,3M 2s
 34350K .......... .......... .......... .......... .......... 32% 42,5M 2s
 34400K .......... .......... .......... .......... .......... 32% 52,9M 2s
 34450K .......... .......... .......... .......... .......... 32% 29,9M 2s
 34500K .......... .......... .......... .......... .......... 32% 62,1M 2s
 34550K .......... .......... .......... .......... .......... 32% 48,8M 2s
 34600K .......... .......... .......... .......... .......... 32% 44,1M 2s
 34650K .......... .......... .......... .......... .......... 32% 48,4M 2s
 34700K .......... .......... .......... .......... .......... 32% 51,0M 2s
 34750K .......... .......... .......... .......... .......... 32% 35,9M 2s
 34800K .......... .......... .......... .......... .......... 33% 44,5M 2s
 34850K .......... .......... .......... .......... .......... 33% 48,0M 2s
 34900K .......... .......... .......... .......... .......... 33% 48,1M 2s
 34950K .......... .......... .......... .......... .......... 33% 47,1M 2s
 35000K .......... .......... .......... .......... .......... 33% 44,4M 2s
 35050K .......... .......... .......... .......... .......... 33% 51,1M 2s
 35100K .......... .......... .......... .......... .......... 33% 45,4M 2s
 35150K .......... .......... .......... .......... .......... 33% 47,9M 2s
 35200K .......... .......... .......... .......... .......... 33% 50,3M 2s
 35250K .......... .......... .......... .......... .......... 33% 39,2M 2s
 35300K .......... .......... .......... .......... .......... 33% 36,2M 2s
 35350K .......... .......... .......... .......... .......... 33% 56,2M 2s
 35400K .......... .......... .......... .......... .......... 33% 49,5M 2s
 35450K .......... .......... .......... .......... .......... 33% 42,5M 2s
 35500K .......... .......... .......... .......... .......... 33% 59,7M 2s
 35550K .......... .......... .......... .......... .......... 33% 44,9M 2s
 35600K .......... .......... .......... .......... .......... 33% 49,4M 2s
 35650K .......... .......... .......... .......... .......... 33% 49,9M 2s
 35700K .......... .......... .......... .......... .......... 33% 40,4M 2s
 35750K .......... .......... .......... .......... .......... 33% 33,2M 2s
 35800K .......... .......... .......... .......... .......... 33% 50,3M 2s
 35850K .......... .......... .......... .......... .......... 33% 49,8M 2s
 35900K .......... .......... .......... .......... .......... 34% 53,2M 2s
 35950K .......... .......... .......... .......... .......... 34% 43,8M 2s
 36000K .......... .......... .......... .......... .......... 34% 45,2M 2s
 36050K .......... .......... .......... .......... .......... 34% 51,6M 2s
 36100K .......... .......... .......... .......... .......... 34% 47,7M 2s
 36150K .......... .......... .......... .......... .......... 34% 58,9M 2s
 36200K .......... .......... .......... .......... .......... 34% 62,7M 2s
 36250K .......... .......... .......... .......... .......... 34% 88,0M 2s
 36300K .......... .......... .......... .......... .......... 34% 64,9M 2s
 36350K .......... .......... .......... .......... .......... 34% 47,6M 2s
 36400K .......... .......... .......... .......... .......... 34% 55,9M 2s
 36450K .......... .......... .......... .......... .......... 34% 46,4M 2s
 36500K .......... .......... .......... .......... .......... 34% 78,3M 2s
 36550K .......... .......... .......... .......... .......... 34% 45,6M 2s
 36600K .......... .......... .......... .......... .......... 34%  125M 2s
 36650K .......... .......... .......... .......... .......... 34% 49,8M 2s
 36700K .......... .......... .......... .......... .......... 34% 58,3M 2s
 36750K .......... .......... .......... .......... .......... 34% 48,3M 2s
 36800K .......... .......... .......... .......... .......... 34% 57,6M 2s
 36850K .......... .......... .......... .......... .......... 34% 52,1M 2s
 36900K .......... .......... .......... .......... .......... 34% 50,8M 2s
 36950K .......... .......... .......... .......... .......... 35% 49,8M 2s
 37000K .......... .......... .......... .......... .......... 35% 31,8M 2s
 37050K .......... .......... .......... .......... .......... 35% 66,6M 2s
 37100K .......... .......... .......... .......... .......... 35% 30,3M 2s
 37150K .......... .......... .......... .......... .......... 35% 34,5M 2s
 37200K .......... .......... .......... .......... .......... 35% 45,9M 2s
 37250K .......... .......... .......... .......... .......... 35% 55,1M 2s
 37300K .......... .......... .......... .......... .......... 35% 46,5M 2s
 37350K .......... .......... .......... .......... .......... 35% 80,9M 2s
 37400K .......... .......... .......... .......... .......... 35% 58,7M 2s
 37450K .......... .......... .......... .......... .......... 35% 48,3M 2s
 37500K .......... .......... .......... .......... .......... 35% 54,7M 2s
 37550K .......... .......... .......... .......... .......... 35% 47,7M 2s
 37600K .......... .......... .......... .......... .......... 35% 51,6M 2s
 37650K .......... .......... .......... .......... .......... 35% 59,0M 2s
 37700K .......... .......... .......... .......... .......... 35% 52,2M 2s
 37750K .......... .......... .......... .......... .......... 35% 56,7M 2s
 37800K .......... .......... .......... .......... .......... 35% 54,2M 2s
 37850K .......... .......... .......... .......... .......... 35%  103M 2s
 37900K .......... .......... .......... .......... .......... 35% 52,1M 2s
 37950K .......... .......... .......... .......... .......... 35% 51,7M 2s
 38000K .......... .......... .......... .......... .......... 36% 36,8M 2s
 38050K .......... .......... .......... .......... .......... 36%  103M 2s
 38100K .......... .......... .......... .......... .......... 36% 25,7M 2s
 38150K .......... .......... .......... .......... .......... 36%  165M 2s
 38200K .......... .......... .......... .......... .......... 36% 99,7M 2s
 38250K .......... .......... .......... .......... .......... 36% 55,9M 2s
 38300K .......... .......... .......... .......... .......... 36%  142M 2s
 38350K .......... .......... .......... .......... .......... 36% 31,5M 2s
 38400K .......... .......... .......... .......... .......... 36% 52,1M 2s
 38450K .......... .......... .......... .......... .......... 36% 89,9M 2s
 38500K .......... .......... .......... .......... .......... 36% 70,6M 2s
 38550K .......... .......... .......... .......... .......... 36% 51,5M 2s
 38600K .......... .......... .......... .......... .......... 36% 51,7M 2s
 38650K .......... .......... .......... .......... .......... 36% 62,6M 2s
 38700K .......... .......... .......... .......... .......... 36% 55,2M 2s
 38750K .......... .......... .......... .......... .......... 36% 50,9M 2s
 38800K .......... .......... .......... .......... .......... 36% 50,8M 2s
 38850K .......... .......... .......... .......... .......... 36% 44,5M 2s
 38900K .......... .......... .......... .......... .......... 36%  143M 2s
 38950K .......... .......... .......... .......... .......... 36% 56,7M 2s
 39000K .......... .......... .......... .......... .......... 36% 51,7M 2s
 39050K .......... .......... .......... .......... .......... 37% 47,0M 2s
 39100K .......... .......... .......... .......... .......... 37% 58,2M 2s
 39150K .......... .......... .......... .......... .......... 37% 51,2M 2s
 39200K .......... .......... .......... .......... .......... 37% 52,5M 2s
 39250K .......... .......... .......... .......... .......... 37% 65,3M 2s
 39300K .......... .......... .......... .......... .......... 37% 56,8M 2s
 39350K .......... .......... .......... .......... .......... 37% 47,9M 2s
 39400K .......... .......... .......... .......... .......... 37%  107M 2s
 39450K .......... .......... .......... .......... .......... 37% 59,0M 2s
 39500K .......... .......... .......... .......... .......... 37% 46,9M 2s
 39550K .......... .......... .......... .......... .......... 37% 55,7M 2s
 39600K .......... .......... .......... .......... .......... 37% 49,3M 2s
 39650K .......... .......... .......... .......... .......... 37% 71,3M 2s
 39700K .......... .......... .......... .......... .......... 37% 52,1M 2s
 39750K .......... .......... .......... .......... .......... 37% 48,4M 2s
 39800K .......... .......... .......... .......... .......... 37%  122M 2s
 39850K .......... .......... .......... .......... .......... 37% 50,4M 2s
 39900K .......... .......... .......... .......... .......... 37% 51,4M 2s
 39950K .......... .......... .......... .......... .......... 37% 53,2M 2s
 40000K .......... .......... .......... .......... .......... 37% 49,2M 2s
 40050K .......... .......... .......... .......... .......... 37% 56,6M 2s
 40100K .......... .......... .......... .......... .......... 38% 56,4M 2s
 40150K .......... .......... .......... .......... .......... 38% 49,5M 2s
 40200K .......... .......... .......... .......... .......... 38%  155M 2s
 40250K .......... .......... .......... .......... .......... 38% 55,0M 2s
 40300K .......... .......... .......... .......... .......... 38% 47,3M 2s
 40350K .......... .......... .......... .......... .......... 38% 55,9M 2s
 40400K .......... .......... .......... .......... .......... 38% 50,8M 2s
 40450K .......... .......... .......... .......... .......... 38% 52,3M 2s
 40500K .......... .......... .......... .......... .......... 38% 59,8M 2s
 40550K .......... .......... .......... .......... .......... 38% 45,7M 2s
 40600K .......... .......... .......... .......... .......... 38%  160M 2s
 40650K .......... .......... .......... .......... .......... 38% 55,6M 2s
 40700K .......... .......... .......... .......... .......... 38% 58,2M 2s
 40750K .......... .......... .......... .......... .......... 38% 44,0M 2s
 40800K .......... .......... .......... .......... .......... 38% 56,7M 2s
 40850K .......... .......... .......... .......... .......... 38% 44,6M 2s
 40900K .......... .......... .......... .......... .......... 38% 65,2M 2s
 40950K .......... .......... .......... .......... .......... 38% 13,1M 2s
 41000K .......... .......... .......... .......... .......... 38%  170M 2s
 41050K .......... .......... .......... .......... .......... 38%  188M 2s
 41100K .......... .......... .......... .......... .......... 38%  157M 2s
 41150K .......... .......... .......... .......... .......... 39%  150M 2s
 41200K .......... .......... .......... .......... .......... 39%  190M 2s
 41250K .......... .......... .......... .......... .......... 39% 74,2M 2s
 41300K .......... .......... .......... .......... .......... 39% 13,1M 2s
 41350K .......... .......... .......... .......... .......... 39%  165M 2s
 41400K .......... .......... .......... .......... .......... 39%  188M 2s
 41450K .......... .......... .......... .......... .......... 39%  199M 2s
 41500K .......... .......... .......... .......... .......... 39%  176M 2s
 41550K .......... .......... .......... .......... .......... 39%  151M 2s
 41600K .......... .......... .......... .......... .......... 39% 17,9M 2s
 41650K .......... .......... .......... .......... .......... 39%  185M 2s
 41700K .......... .......... .......... .......... .......... 39%  185M 2s
 41750K .......... .......... .......... .......... .......... 39%  156M 2s
 41800K .......... .......... .......... .......... .......... 39% 3,74M 2s
 41850K .......... .......... .......... .......... .......... 39%  179M 2s
 41900K .......... .......... .......... .......... .......... 39%  196M 2s
 41950K .......... .......... .......... .......... .......... 39%  164M 2s
 42000K .......... .......... .......... .......... .......... 39%  164M 2s
 42050K .......... .......... .......... .......... .......... 39%  196M 2s
 42100K .......... .......... .......... .......... .......... 39%  196M 2s
 42150K .......... .......... .......... .......... .......... 39%  160M 2s
 42200K .......... .......... .......... .......... .......... 40%  189M 2s
 42250K .......... .......... .......... .......... .......... 40%  202M 2s
 42300K .......... .......... .......... .......... .......... 40%  196M 2s
 42350K .......... .......... .......... .......... .......... 40% 2,81M 2s
 42400K .......... .......... .......... .......... .......... 40%  197M 2s
 42450K .......... .......... .......... .......... .......... 40%  204M 2s
 42500K .......... .......... .......... .......... .......... 40%  207M 2s
 42550K .......... .......... .......... .......... .......... 40%  174M 2s
 42600K .......... .......... .......... .......... .......... 40%  207M 2s
 42650K .......... .......... .......... .......... .......... 40%  208M 2s
 42700K .......... .......... .......... .......... .......... 40%  205M 2s
 42750K .......... .......... .......... .......... .......... 40%  168M 2s
 42800K .......... .......... .......... .......... .......... 40%  206M 2s
 42850K .......... .......... .......... .......... .......... 40%  203M 2s
 42900K .......... .......... .......... .......... .......... 40%  414K 2s
 42950K .......... .......... .......... .......... .......... 40% 85,2M 2s
 43000K .......... .......... .......... .......... .......... 40% 7,69M 2s
 43050K .......... .......... .......... .......... .......... 40%  159M 2s
 43100K .......... .......... .......... .......... .......... 40%  175M 2s
 43150K .......... .......... .......... .......... .......... 40%  116M 2s
 43200K .......... .......... .......... .......... .......... 40%  179M 2s
 43250K .......... .......... .......... .......... .......... 41%  166M 2s
 43300K .......... .......... .......... .......... .......... 41% 38,7M 2s
 43350K .......... .......... .......... .......... .......... 41% 14,3M 2s
 43400K .......... .......... .......... .......... .......... 41% 78,8M 2s
 43450K .......... .......... .......... .......... .......... 41%  156M 2s
 43500K .......... .......... .......... .......... .......... 41%  147M 2s
 43550K .......... .......... .......... .......... .......... 41%  152M 2s
 43600K .......... .......... .......... .......... .......... 41%  154M 2s
 43650K .......... .......... .......... .......... .......... 41%  146M 2s
 43700K .......... .......... .......... .......... .......... 41%  123M 2s
 43750K .......... .......... .......... .......... .......... 41%  134M 2s
 43800K .......... .......... .......... .......... .......... 41%  169M 2s
 43850K .......... .......... .......... .......... .......... 41%  148M 2s
 43900K .......... .......... .......... .......... .......... 41%  150M 2s
 43950K .......... .......... .......... .......... .......... 41% 73,8M 2s
 44000K .......... .......... .......... .......... .......... 41%  142M 2s
 44050K .......... .......... .......... .......... .......... 41%  194M 2s
 44100K .......... .......... .......... .......... .......... 41%  136M 2s
 44150K .......... .......... .......... .......... .......... 41%  118M 2s
 44200K .......... .......... .......... .......... .......... 41%  154M 2s
 44250K .......... .......... .......... .......... .......... 41%  121M 2s
 44300K .......... .......... .......... .......... .......... 42%  189M 2s
 44350K .......... .......... .......... .......... .......... 42%  117M 2s
 44400K .......... .......... .......... .......... .......... 42%  157M 2s
 44450K .......... .......... .......... .......... .......... 42%  197M 2s
 44500K .......... .......... .......... .......... .......... 42%  140M 2s
 44550K .......... .......... .......... .......... .......... 42% 41,5M 2s
 44600K .......... .......... .......... .......... .......... 42%  198M 2s
 44650K .......... .......... .......... .......... .......... 42%  145M 2s
 44700K .......... .......... .......... .......... .......... 42%  151M 2s
 44750K .......... .......... .......... .......... .......... 42%  159M 2s
 44800K .......... .......... .......... .......... .......... 42% 95,1M 2s
 44850K .......... .......... .......... .......... .......... 42% 74,1M 2s
 44900K .......... .......... .......... .......... .......... 42% 59,1M 2s
 44950K .......... .......... .......... .......... .......... 42% 33,4M 2s
 45000K .......... .......... .......... .......... .......... 42%  769K 2s
 45050K .......... .......... .......... .......... .......... 42% 15,8M 2s
 45100K .......... .......... .......... .......... .......... 42% 1,30M 2s
 45150K .......... .......... .......... .......... .......... 42% 96,4M 2s
 45200K .......... .......... .......... .......... .......... 42% 23,6M 2s
 45250K .......... .......... .......... .......... .......... 42% 69,9M 2s
 45300K .......... .......... .......... .......... .......... 42%  168M 2s
 45350K .......... .......... .......... .......... .......... 42% 9,10M 2s
 45400K .......... .......... .......... .......... .......... 43%  177M 2s
 45450K .......... .......... .......... .......... .......... 43%  201M 2s
 45500K .......... .......... .......... .......... .......... 43%  205M 2s
 45550K .......... .......... .......... .......... .......... 43%  164M 2s
 45600K .......... .......... .......... .......... .......... 43%  197M 2s
 45650K .......... .......... .......... .......... .......... 43%  208M 2s
 45700K .......... .......... .......... .......... .......... 43%  208M 2s
 45750K .......... .......... .......... .......... .......... 43% 5,49M 2s
 45800K .......... .......... .......... .......... .......... 43%  126M 2s
 45850K .......... .......... .......... .......... .......... 43%  143M 2s
 45900K .......... .......... .......... .......... .......... 43%  142M 2s
 45950K .......... .......... .......... .......... .......... 43%  149M 2s
 46000K .......... .......... .......... .......... .......... 43%  207M 2s
 46050K .......... .......... .......... .......... .......... 43%  206M 2s
 46100K .......... .......... .......... .......... .......... 43%  203M 2s
 46150K .......... .......... .......... .......... .......... 43% 14,7M 2s
 46200K .......... .......... .......... .......... .......... 43%  203M 2s
 46250K .......... .......... .......... .......... .......... 43%  208M 2s
 46300K .......... .......... .......... .......... .......... 43%  199M 2s
 46350K .......... .......... .......... .......... .......... 43%  130M 2s
 46400K .......... .......... .......... .......... .......... 43%  148M 2s
 46450K .......... .......... .......... .......... .......... 44%  192M 2s
 46500K .......... .......... .......... .......... .......... 44%  198M 2s
 46550K .......... .......... .......... .......... .......... 44%  182M 2s
 46600K .......... .......... .......... .......... .......... 44%  203M 2s
 46650K .......... .......... .......... .......... .......... 44%  205M 2s
 46700K .......... .......... .......... .......... .......... 44% 14,3M 2s
 46750K .......... .......... .......... .......... .......... 44%  126M 2s
 46800K .......... .......... .......... .......... .......... 44%  137M 2s
 46850K .......... .......... .......... .......... .......... 44%  137M 2s
 46900K .......... .......... .......... .......... .......... 44%  150M 2s
 46950K .......... .......... .......... .......... .......... 44%  124M 2s
 47000K .......... .......... .......... .......... .......... 44%  151M 2s
 47050K .......... .......... .......... .......... .......... 44%  153M 2s
 47100K .......... .......... .......... .......... .......... 44% 14,4M 2s
 47150K .......... .......... .......... .......... .......... 44% 82,9M 2s
 47200K .......... .......... .......... .......... .......... 44%  153M 2s
 47250K .......... .......... .......... .......... .......... 44%  192M 2s
 47300K .......... .......... .......... .......... .......... 44% 54,2M 2s
 47350K .......... .......... .......... .......... .......... 44% 20,4M 2s
 47400K .......... .......... .......... .......... .......... 44% 63,0M 2s
 47450K .......... .......... .......... .......... .......... 44% 57,2M 2s
 47500K .......... .......... .......... .......... .......... 45%  205M 2s
 47550K .......... .......... .......... .......... .......... 45%  169M 2s
 47600K .......... .......... .......... .......... .......... 45% 82,0M 2s
 47650K .......... .......... .......... .......... .......... 45% 39,0M 2s
 47700K .......... .......... .......... .......... .......... 45%  200M 2s
 47750K .......... .......... .......... .......... .......... 45% 24,2M 2s
 47800K .......... .......... .......... .......... .......... 45% 68,4M 2s
 47850K .......... .......... .......... .......... .......... 45% 1,69M 2s
 47900K .......... .......... .......... .......... .......... 45%  175M 2s
 47950K .......... .......... .......... .......... .......... 45% 17,4M 2s
 48000K .......... .......... .......... .......... .......... 45%  194M 2s
 48050K .......... .......... .......... .......... .......... 45%  196M 2s
 48100K .......... .......... .......... .......... .......... 45%  202M 2s
 48150K .......... .......... .......... .......... .......... 45%  182M 2s
 48200K .......... .......... .......... .......... .......... 45% 11,4M 2s
 48250K .......... .......... .......... .......... .......... 45%  185M 2s
 48300K .......... .......... .......... .......... .......... 45%  201M 2s
 48350K .......... .......... .......... .......... .......... 45%  169M 2s
 48400K .......... .......... .......... .......... .......... 45%  208M 2s
 48450K .......... .......... .......... .......... .......... 45%  198M 2s
 48500K .......... .......... .......... .......... .......... 45%  205M 2s
 48550K .......... .......... .......... .......... .......... 46%  186M 2s
 48600K .......... .......... .......... .......... .......... 46%  203M 2s
 48650K .......... .......... .......... .......... .......... 46%  196M 2s
 48700K .......... .......... .......... .......... .......... 46%  210M 2s
 48750K .......... .......... .......... .......... .......... 46%  171M 2s
 48800K .......... .......... .......... .......... .......... 46% 23,1M 2s
 48850K .......... .......... .......... .......... .......... 46%  199M 2s
 48900K .......... .......... .......... .......... .......... 46%  182M 2s
 48950K .......... .......... .......... .......... .......... 46%  165M 2s
 49000K .......... .......... .......... .......... .......... 46%  168M 2s
 49050K .......... .......... .......... .......... .......... 46%  177M 2s
 49100K .......... .......... .......... .......... .......... 46%  199M 2s
 49150K .......... .......... .......... .......... .......... 46%  139M 2s
 49200K .......... .......... .......... .......... .......... 46%  110M 2s
 49250K .......... .......... .......... .......... .......... 46% 95,4M 2s
 49300K .......... .......... .......... .......... .......... 46%  195M 2s
 49350K .......... .......... .......... .......... .......... 46%  154M 2s
 49400K .......... .......... .......... .......... .......... 46%  162M 2s
 49450K .......... .......... .......... .......... .......... 46%  117M 2s
 49500K .......... .......... .......... .......... .......... 46%  182M 2s
 49550K .......... .......... .......... .......... .......... 46% 84,4M 2s
 49600K .......... .......... .......... .......... .......... 47%  121M 2s
 49650K .......... .......... .......... .......... .......... 47%  104M 2s
 49700K .......... .......... .......... .......... .......... 47% 97,0M 2s
 49750K .......... .......... .......... .......... .......... 47% 47,9M 2s
 49800K .......... .......... .......... .......... .......... 47%  123M 2s
 49850K .......... .......... .......... .......... .......... 47% 13,8M 2s
 49900K .......... .......... .......... .......... .......... 47%  189M 2s
 49950K .......... .......... .......... .......... .......... 47%  147M 2s
 50000K .......... .......... .......... .......... .......... 47%  105M 2s
 50050K .......... .......... .......... .......... .......... 47% 15,8M 2s
 50100K .......... .......... .......... .......... .......... 47%  165M 2s
 50150K .......... .......... .......... .......... .......... 47%  178M 2s
 50200K .......... .......... .......... .......... .......... 47% 58,3M 2s
 50250K .......... .......... .......... .......... .......... 47%  107M 2s
 50300K .......... .......... .......... .......... .......... 47% 50,9M 2s
 50350K .......... .......... .......... .......... .......... 47% 23,0M 2s
 50400K .......... .......... .......... .......... .......... 47%  105M 2s
 50450K .......... .......... .......... .......... .......... 47% 35,2M 2s
 50500K .......... .......... .......... .......... .......... 47%  175M 2s
 50550K .......... .......... .......... .......... .......... 47% 24,5M 2s
 50600K .......... .......... .......... .......... .......... 47%  139M 2s
 50650K .......... .......... .......... .......... .......... 48% 20,2M 2s
 50700K .......... .......... .......... .......... .......... 48%  165M 2s
 50750K .......... .......... .......... .......... .......... 48% 29,3M 2s
 50800K .......... .......... .......... .......... .......... 48%  149M 2s
 50850K .......... .......... .......... .......... .......... 48% 27,1M 2s
 50900K .......... .......... .......... .......... .......... 48%  106M 2s
 50950K .......... .......... .......... .......... .......... 48% 15,6M 2s
 51000K .......... .......... .......... .......... .......... 48%  164M 2s
 51050K .......... .......... .......... .......... .......... 48% 40,4M 2s
 51100K .......... .......... .......... .......... .......... 48% 49,2M 2s
 51150K .......... .......... .......... .......... .......... 48% 3,51M 2s
 51200K .......... .......... .......... .......... .......... 48% 24,5M 2s
 51250K .......... .......... .......... .......... .......... 48% 31,7M 2s
 51300K .......... .......... .......... .......... .......... 48% 81,7M 2s
 51350K .......... .......... .......... .......... .......... 48% 1,39M 2s
 51400K .......... .......... .......... .......... .......... 48% 28,7M 2s
 51450K .......... .......... .......... .......... .......... 48% 41,1M 2s
 51500K .......... .......... .......... .......... .......... 48% 43,5M 2s
 51550K .......... .......... .......... .......... .......... 48% 56,2M 2s
 51600K .......... .......... .......... .......... .......... 48% 86,6M 2s
 51650K .......... .......... .......... .......... .......... 48%  149M 2s
 51700K .......... .......... .......... .......... .......... 49%  146M 2s
 51750K .......... .......... .......... .......... .......... 49%  153M 2s
 51800K .......... .......... .......... .......... .......... 49%  184M 2s
 51850K .......... .......... .......... .......... .......... 49%  175M 2s
 51900K .......... .......... .......... .......... .......... 49% 49,1M 2s
 51950K .......... .......... .......... .......... .......... 49% 90,4M 2s
 52000K .......... .......... .......... .......... .......... 49%  175M 2s
 52050K .......... .......... .......... .......... .......... 49% 11,2M 2s
 52100K .......... .......... .......... .......... .......... 49%  159M 2s
 52150K .......... .......... .......... .......... .......... 49%  165M 2s
 52200K .......... .......... .......... .......... .......... 49%  190M 2s
 52250K .......... .......... .......... .......... .......... 49%  186M 2s
 52300K .......... .......... .......... .......... .......... 49%  202M 2s
 52350K .......... .......... .......... .......... .......... 49%  163M 2s
 52400K .......... .......... .......... .......... .......... 49%  198M 2s
 52450K .......... .......... .......... .......... .......... 49%  193M 2s
 52500K .......... .......... .......... .......... .......... 49%  199M 2s
 52550K .......... .......... .......... .......... .......... 49% 71,8M 2s
 52600K .......... .......... .......... .......... .......... 49%  198M 2s
 52650K .......... .......... .......... .......... .......... 49%  190M 2s
 52700K .......... .......... .......... .......... .......... 49%  197M 2s
 52750K .......... .......... .......... .......... .......... 50% 18,4M 2s
 52800K .......... .......... .......... .......... .......... 50% 59,0M 2s
 52850K .......... .......... .......... .......... .......... 50%  102M 2s
 52900K .......... .......... .......... .......... .......... 50% 48,6M 2s
 52950K .......... .......... .......... .......... .......... 50% 47,5M 2s
 53000K .......... .......... .......... .......... .......... 50% 32,4M 2s
 53050K .......... .......... .......... .......... .......... 50% 71,9M 2s
 53100K .......... .......... .......... .......... .......... 50% 38,1M 2s
 53150K .......... .......... .......... .......... .......... 50% 46,1M 2s
 53200K .......... .......... .......... .......... .......... 50%  571K 2s
 53250K .......... .......... .......... .......... .......... 50% 27,0M 2s
 53300K .......... .......... .......... .......... .......... 50%  153M 2s
 53350K .......... .......... .......... .......... .......... 50% 31,8M 2s
 53400K .......... .......... .......... .......... .......... 50% 47,1M 2s
 53450K .......... .......... .......... .......... .......... 50% 16,0M 2s
 53500K .......... .......... .......... .......... .......... 50%  183M 2s
 53550K .......... .......... .......... .......... .......... 50%  152M 2s
 53600K .......... .......... .......... .......... .......... 50% 57,9M 2s
 53650K .......... .......... .......... .......... .......... 50% 31,5M 2s
 53700K .......... .......... .......... .......... .......... 50%  118M 2s
 53750K .......... .......... .......... .......... .......... 50% 30,5M 2s
 53800K .......... .......... .......... .......... .......... 50% 47,4M 2s
 53850K .......... .......... .......... .......... .......... 51% 33,5M 2s
 53900K .......... .......... .......... .......... .......... 51% 32,7M 2s
 53950K .......... .......... .......... .......... .......... 51% 15,6M 2s
 54000K .......... .......... .......... .......... .......... 51%  197M 2s
 54050K .......... .......... .......... .......... .......... 51%  207M 2s
 54100K .......... .......... .......... .......... .......... 51% 50,9M 2s
 54150K .......... .......... .......... .......... .......... 51% 47,6M 2s
 54200K .......... .......... .......... .......... .......... 51%  118M 2s
 54250K .......... .......... .......... .......... .......... 51% 32,5M 2s
 54300K .......... .......... .......... .......... .......... 51% 31,3M 2s
 54350K .......... .......... .......... .......... .......... 51% 25,8M 2s
 54400K .......... .......... .......... .......... .......... 51% 67,9M 2s
 54450K .......... .......... .......... .......... .......... 51%  120M 2s
 54500K .......... .......... .......... .......... .......... 51% 16,9M 2s
 54550K .......... .......... .......... .......... .......... 51%  187M 2s
 54600K .......... .......... .......... .......... .......... 51% 52,1M 2s
 54650K .......... .......... .......... .......... .......... 51% 1,30M 2s
 54700K .......... .......... .......... .......... .......... 51%  169M 2s
 54750K .......... .......... .......... .......... .......... 51%  165M 2s
 54800K .......... .......... .......... .......... .......... 51% 10,1M 2s
 54850K .......... .......... .......... .......... .......... 51%  204M 2s
 54900K .......... .......... .......... .......... .......... 52%  209M 2s
 54950K .......... .......... .......... .......... .......... 52% 7,89M 2s
 55000K .......... .......... .......... .......... .......... 52%  187M 2s
 55050K .......... .......... .......... .......... .......... 52%  208M 2s
 55100K .......... .......... .......... .......... .......... 52%  202M 2s
 55150K .......... .......... .......... .......... .......... 52%  176M 2s
 55200K .......... .......... .......... .......... .......... 52% 4,64M 2s
 55250K .......... .......... .......... .......... .......... 52% 17,6M 2s
 55300K .......... .......... .......... .......... .......... 52%  176M 2s
 55350K .......... .......... .......... .......... .......... 52% 31,1M 2s
 55400K .......... .......... .......... .......... .......... 52% 15,5M 2s
 55450K .......... .......... .......... .......... .......... 52%  182M 2s
 55500K .......... .......... .......... .......... .......... 52% 4,15M 2s
 55550K .......... .......... .......... .......... .......... 52%  138M 2s
 55600K .......... .......... .......... .......... .......... 52%  200M 2s
 55650K .......... .......... .......... .......... .......... 52%  190M 2s
 55700K .......... .......... .......... .......... .......... 52% 15,8M 2s
 55750K .......... .......... .......... .......... .......... 52%  177M 2s
 55800K .......... .......... .......... .......... .......... 52%  202M 2s
 55850K .......... .......... .......... .......... .......... 52%  205M 2s
 55900K .......... .......... .......... .......... .......... 52%  196M 2s
 55950K .......... .......... .......... .......... .......... 53%  172M 2s
 56000K .......... .......... .......... .......... .......... 53%  197M 2s
 56050K .......... .......... .......... .......... .......... 53%  201M 2s
 56100K .......... .......... .......... .......... .......... 53% 6,32M 2s
 56150K .......... .......... .......... .......... .......... 53%  184M 2s
 56200K .......... .......... .......... .......... .......... 53%  190M 2s
 56250K .......... .......... .......... .......... .......... 53%  206M 2s
 56300K .......... .......... .......... .......... .......... 53%  194M 2s
 56350K .......... .......... .......... .......... .......... 53%  176M 2s
 56400K .......... .......... .......... .......... .......... 53%  182M 2s
 56450K .......... .......... .......... .......... .......... 53%  179M 2s
 56500K .......... .......... .......... .......... .......... 53%  197M 2s
 56550K .......... .......... .......... .......... .......... 53% 20,8M 2s
 56600K .......... .......... .......... .......... .......... 53%  141M 2s
 56650K .......... .......... .......... .......... .......... 53%  151M 2s
 56700K .......... .......... .......... .......... .......... 53%  188M 2s
 56750K .......... .......... .......... .......... .......... 53%  168M 2s
 56800K .......... .......... .......... .......... .......... 53%  209M 2s
 56850K .......... .......... .......... .......... .......... 53%  209M 2s
 56900K .......... .......... .......... .......... .......... 53% 21,4M 2s
 56950K .......... .......... .......... .......... .......... 53%  171M 2s
 57000K .......... .......... .......... .......... .......... 54%  209M 2s
 57050K .......... .......... .......... .......... .......... 54%  202M 2s
 57100K .......... .......... .......... .......... .......... 54% 38,6M 2s
 57150K .......... .......... .......... .......... .......... 54%  143M 2s
 57200K .......... .......... .......... .......... .......... 54%  183M 2s
 57250K .......... .......... .......... .......... .......... 54%  130M 2s
 57300K .......... .......... .......... .......... .......... 54% 23,0M 2s
 57350K .......... .......... .......... .......... .......... 54%  186M 2s
 57400K .......... .......... .......... .......... .......... 54%  199M 2s
 57450K .......... .......... .......... .......... .......... 54%  186M 2s
 57500K .......... .......... .......... .......... .......... 54%  205M 2s
 57550K .......... .......... .......... .......... .......... 54%  176M 2s
 57600K .......... .......... .......... .......... .......... 54%  205M 2s
 57650K .......... .......... .......... .......... .......... 54%  205M 1s
 57700K .......... .......... .......... .......... .......... 54% 14,9M 1s
 57750K .......... .......... .......... .......... .......... 54%  177M 1s
 57800K .......... .......... .......... .......... .......... 54%  211M 1s
 57850K .......... .......... .......... .......... .......... 54%  197M 1s
 57900K .......... .......... .......... .......... .......... 54%  210M 1s
 57950K .......... .......... .......... .......... .......... 54%  173M 1s
 58000K .......... .......... .......... .......... .......... 54%  211M 1s
 58050K .......... .......... .......... .......... .......... 55%  204M 1s
 58100K .......... .......... .......... .......... .......... 55% 78,5M 1s
 58150K .......... .......... .......... .......... .......... 55% 52,0M 1s
 58200K .......... .......... .......... .......... .......... 55%  155M 1s
 58250K .......... .......... .......... .......... .......... 55% 31,2M 1s
 58300K .......... .......... .......... .......... .......... 55% 46,6M 1s
 58350K .......... .......... .......... .......... .......... 55% 45,1M 1s
 58400K .......... .......... .......... .......... .......... 55% 32,2M 1s
 58450K .......... .......... .......... .......... .......... 55% 25,2M 1s
 58500K .......... .......... .......... .......... .......... 55% 31,4M 1s
 58550K .......... .......... .......... .......... .......... 55%  147M 1s
 58600K .......... .......... .......... .......... .......... 55%  161M 1s
 58650K .......... .......... .......... .......... .......... 55% 16,8M 1s
 58700K .......... .......... .......... .......... .......... 55%  199M 1s
 58750K .......... .......... .......... .......... .......... 55%  165M 1s
 58800K .......... .......... .......... .......... .......... 55%  203M 1s
 58850K .......... .......... .......... .......... .......... 55%  198M 1s
 58900K .......... .......... .......... .......... .......... 55%  177M 1s
 58950K .......... .......... .......... .......... .......... 55% 64,9M 1s
 59000K .......... .......... .......... .......... .......... 55% 53,8M 1s
 59050K .......... .......... .......... .......... .......... 55% 23,0M 1s
 59100K .......... .......... .......... .......... .......... 56%  195M 1s
 59150K .......... .......... .......... .......... .......... 56%  167M 1s
 59200K .......... .......... .......... .......... .......... 56%  196M 1s
 59250K .......... .......... .......... .......... .......... 56% 19,8M 1s
 59300K .......... .......... .......... .......... .......... 56% 1,08M 1s
 59350K .......... .......... .......... .......... .......... 56% 15,4M 1s
 59400K .......... .......... .......... .......... .......... 56% 41,8M 1s
 59450K .......... .......... .......... .......... .......... 56%  204M 1s
 59500K .......... .......... .......... .......... .......... 56%  194M 1s
 59550K .......... .......... .......... .......... .......... 56%  162M 1s
 59600K .......... .......... .......... .......... .......... 56%  210M 1s
 59650K .......... .......... .......... .......... .......... 56%  205M 1s
 59700K .......... .......... .......... .......... .......... 56%  141M 1s
 59750K .......... .......... .......... .......... .......... 56% 54,1M 1s
 59800K .......... .......... .......... .......... .......... 56% 56,6M 1s
 59850K .......... .......... .......... .......... .......... 56% 33,8M 1s
 59900K .......... .......... .......... .......... .......... 56% 36,6M 1s
 59950K .......... .......... .......... .......... .......... 56%  156M 1s
 60000K .......... .......... .......... .......... .......... 56%  205M 1s
 60050K .......... .......... .......... .......... .......... 56% 32,4M 1s
 60100K .......... .......... .......... .......... .......... 56%  184M 1s
 60150K .......... .......... .......... .......... .......... 57% 14,7M 1s
 60200K .......... .......... .......... .......... .......... 57%  177M 1s
 60250K .......... .......... .......... .......... .......... 57%  197M 1s
 60300K .......... .......... .......... .......... .......... 57%  199M 1s
 60350K .......... .......... .......... .......... .......... 57%  161M 1s
 60400K .......... .......... .......... .......... .......... 57%  202M 1s
 60450K .......... .......... .......... .......... .......... 57% 13,3M 1s
 60500K .......... .......... .......... .......... .......... 57%  176M 1s
 60550K .......... .......... .......... .......... .......... 57%  185M 1s
 60600K .......... .......... .......... .......... .......... 57%  207M 1s
 60650K .......... .......... .......... .......... .......... 57% 43,7M 1s
 60700K .......... .......... .......... .......... .......... 57%  170M 1s
 60750K .......... .......... .......... .......... .......... 57% 83,1M 1s
 60800K .......... .......... .......... .......... .......... 57% 77,2M 1s
 60850K .......... .......... .......... .......... .......... 57% 80,6M 1s
 60900K .......... .......... .......... .......... .......... 57% 77,3M 1s
 60950K .......... .......... .......... .......... .......... 57% 64,7M 1s
 61000K .......... .......... .......... .......... .......... 57% 57,0M 1s
 61050K .......... .......... .......... .......... .......... 57%  200M 1s
 61100K .......... .......... .......... .......... .......... 57% 76,2M 1s
 61150K .......... .......... .......... .......... .......... 57% 37,0M 1s
 61200K .......... .......... .......... .......... .......... 58% 30,1M 1s
 61250K .......... .......... .......... .......... .......... 58%  201M 1s
 61300K .......... .......... .......... .......... .......... 58%  186M 1s
 61350K .......... .......... .......... .......... .......... 58%  561K 1s
 61400K .......... .......... .......... .......... .......... 58% 98,3M 1s
 61450K .......... .......... .......... .......... .......... 58% 28,9M 1s
 61500K .......... .......... .......... .......... .......... 58%  168M 1s
 61550K .......... .......... .......... .......... .......... 58%  121M 1s
 61600K .......... .......... .......... .......... .......... 58% 20,2M 1s
 61650K .......... .......... .......... .......... .......... 58%  168M 1s
 61700K .......... .......... .......... .......... .......... 58%  138M 1s
 61750K .......... .......... .......... .......... .......... 58%  129M 1s
 61800K .......... .......... .......... .......... .......... 58%  137M 1s
 61850K .......... .......... .......... .......... .......... 58% 24,2M 1s
 61900K .......... .......... .......... .......... .......... 58% 17,3M 1s
 61950K .......... .......... .......... .......... .......... 58% 26,1M 1s
 62000K .......... .......... .......... .......... .......... 58% 10,0M 1s
 62050K .......... .......... .......... .......... .......... 58%  189M 1s
 62100K .......... .......... .......... .......... .......... 58%  207M 1s
 62150K .......... .......... .......... .......... .......... 58%  184M 1s
 62200K .......... .......... .......... .......... .......... 58% 54,3M 1s
 62250K .......... .......... .......... .......... .......... 58% 46,1M 1s
 62300K .......... .......... .......... .......... .......... 59% 40,7M 1s
 62350K .......... .......... .......... .......... .......... 59%  110M 1s
 62400K .......... .......... .......... .......... .......... 59%  195M 1s
 62450K .......... .......... .......... .......... .......... 59%  188M 1s
 62500K .......... .......... .......... .......... .......... 59%  168M 1s
 62550K .......... .......... .......... .......... .......... 59% 77,6M 1s
 62600K .......... .......... .......... .......... .......... 59% 82,2M 1s
 62650K .......... .......... .......... .......... .......... 59%  115M 1s
 62700K .......... .......... .......... .......... .......... 59%  104M 1s
 62750K .......... .......... .......... .......... .......... 59% 45,1M 1s
 62800K .......... .......... .......... .......... .......... 59% 72,7M 1s
 62850K .......... .......... .......... .......... .......... 59%  113M 1s
 62900K .......... .......... .......... .......... .......... 59%  184M 1s
 62950K .......... .......... .......... .......... .......... 59%  170M 1s
 63000K .......... .......... .......... .......... .......... 59%  165M 1s
 63050K .......... .......... .......... .......... .......... 59%  185M 1s
 63100K .......... .......... .......... .......... .......... 59%  189M 1s
 63150K .......... .......... .......... .......... .......... 59%  152M 1s
 63200K .......... .......... .......... .......... .......... 59%  189M 1s
 63250K .......... .......... .......... .......... .......... 59%  199M 1s
 63300K .......... .......... .......... .......... .......... 59%  194M 1s
 63350K .......... .......... .......... .......... .......... 60%  171M 1s
 63400K .......... .......... .......... .......... .......... 60%  198M 1s
 63450K .......... .......... .......... .......... .......... 60% 5,85M 1s
 63500K .......... .......... .......... .......... .......... 60% 91,2M 1s
 63550K .......... .......... .......... .......... .......... 60% 58,7M 1s
 63600K .......... .......... .......... .......... .......... 60% 75,1M 1s
 63650K .......... .......... .......... .......... .......... 60% 62,3M 1s
 63700K .......... .......... .......... .......... .......... 60% 79,7M 1s
 63750K .......... .......... .......... .......... .......... 60%  108M 1s
 63800K .......... .......... .......... .......... .......... 60% 63,9M 1s
 63850K .......... .......... .......... .......... .......... 60% 64,1M 1s
 63900K .......... .......... .......... .......... .......... 60% 91,7M 1s
 63950K .......... .......... .......... .......... .......... 60% 66,0M 1s
 64000K .......... .......... .......... .......... .......... 60%  105M 1s
 64050K .......... .......... .......... .......... .......... 60% 70,3M 1s
 64100K .......... .......... .......... .......... .......... 60% 77,8M 1s
 64150K .......... .......... .......... .......... .......... 60% 69,3M 1s
 64200K .......... .......... .......... .......... .......... 60% 64,1M 1s
 64250K .......... .......... .......... .......... .......... 60% 97,8M 1s
 64300K .......... .......... .......... .......... .......... 60% 79,2M 1s
 64350K .......... .......... .......... .......... .......... 60% 65,4M 1s
 64400K .......... .......... .......... .......... .......... 61% 69,9M 1s
 64450K .......... .......... .......... .......... .......... 61% 64,4M 1s
 64500K .......... .......... .......... .......... .......... 61%  170M 1s
 64550K .......... .......... .......... .......... .......... 61% 54,8M 1s
 64600K .......... .......... .......... .......... .......... 61% 51,9M 1s
 64650K .......... .......... .......... .......... .......... 61% 84,5M 1s
 64700K .......... .......... .......... .......... .......... 61%  182M 1s
 64750K .......... .......... .......... .......... .......... 61% 67,8M 1s
 64800K .......... .......... .......... .......... .......... 61% 90,1M 1s
 64850K .......... .......... .......... .......... .......... 61% 83,9M 1s
 64900K .......... .......... .......... .......... .......... 61% 63,6M 1s
 64950K .......... .......... .......... .......... .......... 61% 89,3M 1s
 65000K .......... .......... .......... .......... .......... 61% 94,7M 1s
 65050K .......... .......... .......... .......... .......... 61% 64,2M 1s
 65100K .......... .......... .......... .......... .......... 61% 75,1M 1s
 65150K .......... .......... .......... .......... .......... 61% 71,0M 1s
 65200K .......... .......... .......... .......... .......... 61% 58,4M 1s
 65250K .......... .......... .......... .......... .......... 61% 97,5M 1s
 65300K .......... .......... .......... .......... .......... 61% 79,4M 1s
 65350K .......... .......... .......... .......... .......... 61% 79,1M 1s
 65400K .......... .......... .......... .......... .......... 61% 69,3M 1s
 65450K .......... .......... .......... .......... .......... 62% 72,0M 1s
 65500K .......... .......... .......... .......... .......... 62% 1,86M 1s
 65550K .......... .......... .......... .......... .......... 62% 96,5M 1s
 65600K .......... .......... .......... .......... .......... 62% 75,6M 1s
 65650K .......... .......... .......... .......... .......... 62% 72,7M 1s
 65700K .......... .......... .......... .......... .......... 62%  140M 1s
 65750K .......... .......... .......... .......... .......... 62% 53,2M 1s
 65800K .......... .......... .......... .......... .......... 62%  101M 1s
 65850K .......... .......... .......... .......... .......... 62% 72,4M 1s
 65900K .......... .......... .......... .......... .......... 62%  156M 1s
 65950K .......... .......... .......... .......... .......... 62% 57,4M 1s
 66000K .......... .......... .......... .......... .......... 62% 65,4M 1s
 66050K .......... .......... .......... .......... .......... 62% 89,2M 1s
 66100K .......... .......... .......... .......... .......... 62% 58,5M 1s
 66150K .......... .......... .......... .......... .......... 62% 90,6M 1s
 66200K .......... .......... .......... .......... .......... 62%  106M 1s
 66250K .......... .......... .......... .......... .......... 62% 79,7M 1s
 66300K .......... .......... .......... .......... .......... 62% 65,7M 1s
 66350K .......... .......... .......... .......... .......... 62% 61,8M 1s
 66400K .......... .......... .......... .......... .......... 62% 59,4M 1s
 66450K .......... .......... .......... .......... .......... 62% 48,3M 1s
 66500K .......... .......... .......... .......... .......... 63% 49,2M 1s
 66550K .......... .......... .......... .......... .......... 63% 46,3M 1s
 66600K .......... .......... .......... .......... .......... 63%  206M 1s
 66650K .......... .......... .......... .......... .......... 63%  201M 1s
 66700K .......... .......... .......... .......... .......... 63%  203M 1s
 66750K .......... .......... .......... .......... .......... 63% 7,89M 1s
 66800K .......... .......... .......... .......... .......... 63%  178M 1s
 66850K .......... .......... .......... .......... .......... 63%  208M 1s
 66900K .......... .......... .......... .......... .......... 63%  200M 1s
 66950K .......... .......... .......... .......... .......... 63%  185M 1s
 67000K .......... .......... .......... .......... .......... 63%  200M 1s
 67050K .......... .......... .......... .......... .......... 63%  208M 1s
 67100K .......... .......... .......... .......... .......... 63%  199M 1s
 67150K .......... .......... .......... .......... .......... 63%  170M 1s
 67200K .......... .......... .......... .......... .......... 63%  212M 1s
 67250K .......... .......... .......... .......... .......... 63%  209M 1s
 67300K .......... .......... .......... .......... .......... 63% 2,40M 1s
 67350K .......... .......... .......... .......... .......... 63%  172M 1s
 67400K .......... .......... .......... .......... .......... 63%  209M 1s
 67450K .......... .......... .......... .......... .......... 63%  201M 1s
 67500K .......... .......... .......... .......... .......... 63% 2,20M 1s
 67550K .......... .......... .......... .......... .......... 64%  157M 1s
 67600K .......... .......... .......... .......... .......... 64%  194M 1s
 67650K .......... .......... .......... .......... .......... 64%  193M 1s
 67700K .......... .......... .......... .......... .......... 64%  192M 1s
 67750K .......... .......... .......... .......... .......... 64%  179M 1s
 67800K .......... .......... .......... .......... .......... 64%  204M 1s
 67850K .......... .......... .......... .......... .......... 64%  189M 1s
 67900K .......... .......... .......... .......... .......... 64%  197M 1s
 67950K .......... .......... .......... .......... .......... 64%  170M 1s
 68000K .......... .......... .......... .......... .......... 64%  210M 1s
 68050K .......... .......... .......... .......... .......... 64% 1,85M 1s
 68100K .......... .......... .......... .......... .......... 64%  191M 1s
 68150K .......... .......... .......... .......... .......... 64%  159M 1s
 68200K .......... .......... .......... .......... .......... 64%  153M 1s
 68250K .......... .......... .......... .......... .......... 64%  179M 1s
 68300K .......... .......... .......... .......... .......... 64%  198M 1s
 68350K .......... .......... .......... .......... .......... 64%  156M 1s
 68400K .......... .......... .......... .......... .......... 64%  186M 1s
 68450K .......... .......... .......... .......... .......... 64%  194M 1s
 68500K .......... .......... .......... .......... .......... 64%  199M 1s
 68550K .......... .......... .......... .......... .......... 64%  181M 1s
 68600K .......... .......... .......... .......... .......... 65% 1,31M 1s
 68650K .......... .......... .......... .......... .......... 65%  193M 1s
 68700K .......... .......... .......... .......... .......... 65%  187M 1s
 68750K .......... .......... .......... .......... .......... 65%  157M 1s
 68800K .......... .......... .......... .......... .......... 65%  198M 1s
 68850K .......... .......... .......... .......... .......... 65%  198M 1s
 68900K .......... .......... .......... .......... .......... 65%  200M 1s
 68950K .......... .......... .......... .......... .......... 65%  174M 1s
 69000K .......... .......... .......... .......... .......... 65%  200M 1s
 69050K .......... .......... .......... .......... .......... 65%  191M 1s
 69100K .......... .......... .......... .......... .......... 65%  201M 1s
 69150K .......... .......... .......... .......... .......... 65% 1,34M 1s
 69200K .......... .......... .......... .......... .......... 65%  200M 1s
 69250K .......... .......... .......... .......... .......... 65%  209M 1s
 69300K .......... .......... .......... .......... .......... 65%  198M 1s
 69350K .......... .......... .......... .......... .......... 65%  173M 1s
 69400K .......... .......... .......... .......... .......... 65%  210M 1s
 69450K .......... .......... .......... .......... .......... 65%  207M 1s
 69500K .......... .......... .......... .......... .......... 65%  209M 1s
 69550K .......... .......... .......... .......... .......... 65%  170M 1s
 69600K .......... .......... .......... .......... .......... 65%  200M 1s
 69650K .......... .......... .......... .......... .......... 66%  207M 1s
 69700K .......... .......... .......... .......... .......... 66%  204M 1s
 69750K .......... .......... .......... .......... .......... 66% 1,42M 1s
 69800K .......... .......... .......... .......... .......... 66%  199M 1s
 69850K .......... .......... .......... .......... .......... 66%  208M 1s
 69900K .......... .......... .......... .......... .......... 66%  203M 1s
 69950K .......... .......... .......... .......... .......... 66%  174M 1s
 70000K .......... .......... .......... .......... .......... 66%  212M 1s
 70050K .......... .......... .......... .......... .......... 66%  200M 1s
 70100K .......... .......... .......... .......... .......... 66%  200M 1s
 70150K .......... .......... .......... .......... .......... 66%  188M 1s
 70200K .......... .......... .......... .......... .......... 66%  209M 1s
 70250K .......... .......... .......... .......... .......... 66%  210M 1s
 70300K .......... .......... .......... .......... .......... 66% 1,31M 1s
 70350K .......... .......... .......... .......... .......... 66%  148M 1s
 70400K .......... .......... .......... .......... .......... 66%  203M 1s
 70450K .......... .......... .......... .......... .......... 66%  210M 1s
 70500K .......... .......... .......... .......... .......... 66%  194M 1s
 70550K .......... .......... .......... .......... .......... 66%  188M 1s
 70600K .......... .......... .......... .......... .......... 66%  207M 1s
 70650K .......... .......... .......... .......... .......... 66%  207M 1s
 70700K .......... .......... .......... .......... .......... 67%  201M 1s
 70750K .......... .......... .......... .......... .......... 67%  177M 1s
 70800K .......... .......... .......... .......... .......... 67%  211M 1s
 70850K .......... .......... .......... .......... .......... 67% 1,46M 1s
 70900K .......... .......... .......... .......... .......... 67%  179M 1s
 70950K .......... .......... .......... .......... .......... 67%  186M 1s
 71000K .......... .......... .......... .......... .......... 67%  185M 1s
 71050K .......... .......... .......... .......... .......... 67%  181M 1s
 71100K .......... .......... .......... .......... .......... 67%  194M 1s
 71150K .......... .......... .......... .......... .......... 67%  171M 1s
 71200K .......... .......... .......... .......... .......... 67%  206M 1s
 71250K .......... .......... .......... .......... .......... 67%  194M 1s
 71300K .......... .......... .......... .......... .......... 67%  203M 1s
 71350K .......... .......... .......... .......... .......... 67%  154M 1s
 71400K .......... .......... .......... .......... .......... 67%  180M 1s
 71450K .......... .......... .......... .......... .......... 67% 1,38M 1s
 71500K .......... .......... .......... .......... .......... 67%  206M 1s
 71550K .......... .......... .......... .......... .......... 67%  177M 1s
 71600K .......... .......... .......... .......... .......... 67%  195M 1s
 71650K .......... .......... .......... .......... .......... 67%  205M 1s
 71700K .......... .......... .......... .......... .......... 67%  210M 1s
 71750K .......... .......... .......... .......... .......... 67%  190M 1s
 71800K .......... .......... .......... .......... .......... 68%  196M 1s
 71850K .......... .......... .......... .......... .......... 68%  212M 1s
 71900K .......... .......... .......... .......... .......... 68%  205M 1s
 71950K .......... .......... .......... .......... .......... 68%  161M 1s
 72000K .......... .......... .......... .......... .......... 68% 1,76M 1s
 72050K .......... .......... .......... .......... .......... 68%  196M 1s
 72100K .......... .......... .......... .......... .......... 68%  188M 1s
 72150K .......... .......... .......... .......... .......... 68% 46,4M 1s
 72200K .......... .......... .......... .......... .......... 68%  183M 1s
 72250K .......... .......... .......... .......... .......... 68%  205M 1s
 72300K .......... .......... .......... .......... .......... 68%  202M 1s
 72350K .......... .......... .......... .......... .......... 68%  165M 1s
 72400K .......... .......... .......... .......... .......... 68%  207M 1s
 72450K .......... .......... .......... .......... .......... 68%  205M 1s
 72500K .......... .......... .......... .......... .......... 68%  208M 1s
 72550K .......... .......... .......... .......... .......... 68% 36,3M 1s
 72600K .......... .......... .......... .......... .......... 68%  200M 1s
 72650K .......... .......... .......... .......... .......... 68%  190M 1s
 72700K .......... .......... .......... .......... .......... 68%  202M 1s
 72750K .......... .......... .......... .......... .......... 68%  165M 1s
 72800K .......... .......... .......... .......... .......... 68%  207M 1s
 72850K .......... .......... .......... .......... .......... 69%  208M 1s
 72900K .......... .......... .......... .......... .......... 69%  206M 1s
 72950K .......... .......... .......... .......... .......... 69%  181M 1s
 73000K .......... .......... .......... .......... .......... 69%  210M 1s
 73050K .......... .......... .......... .......... .......... 69%  209M 1s
 73100K .......... .......... .......... .......... .......... 69%  211M 1s
 73150K .......... .......... .......... .......... .......... 69%  151M 1s
 73200K .......... .......... .......... .......... .......... 69%  181M 1s
 73250K .......... .......... .......... .......... .......... 69%  210M 1s
 73300K .......... .......... .......... .......... .......... 69%  202M 1s
 73350K .......... .......... .......... .......... .......... 69%  181M 1s
 73400K .......... .......... .......... .......... .......... 69%  208M 1s
 73450K .......... .......... .......... .......... .......... 69%  206M 1s
 73500K .......... .......... .......... .......... .......... 69%  209M 1s
 73550K .......... .......... .......... .......... .......... 69%  165M 1s
 73600K .......... .......... .......... .......... .......... 69%  205M 1s
 73650K .......... .......... .......... .......... .......... 69%  210M 1s
 73700K .......... .......... .......... .......... .......... 69%  208M 1s
 73750K .......... .......... .......... .......... .......... 69%  164M 1s
 73800K .......... .......... .......... .......... .......... 69%  207M 1s
 73850K .......... .......... .......... .......... .......... 69%  199M 1s
 73900K .......... .......... .......... .......... .......... 70%  210M 1s
 73950K .......... .......... .......... .......... .......... 70%  151M 1s
 74000K .......... .......... .......... .......... .......... 70%  209M 1s
 74050K .......... .......... .......... .......... .......... 70%  212M 1s
 74100K .......... .......... .......... .......... .......... 70%  207M 1s
 74150K .......... .......... .......... .......... .......... 70%  184M 1s
 74200K .......... .......... .......... .......... .......... 70%  213M 1s
 74250K .......... .......... .......... .......... .......... 70%  210M 1s
 74300K .......... .......... .......... .......... .......... 70%  211M 1s
 74350K .......... .......... .......... .......... .......... 70%  145M 1s
 74400K .......... .......... .......... .......... .......... 70%  207M 1s
 74450K .......... .......... .......... .......... .......... 70%  179M 1s
 74500K .......... .......... .......... .......... .......... 70%  192M 1s
 74550K .......... .......... .......... .......... .......... 70%  155M 1s
 74600K .......... .......... .......... .......... .......... 70%  210M 1s
 74650K .......... .......... .......... .......... .......... 70%  203M 1s
 74700K .......... .......... .......... .......... .......... 70%  202M 1s
 74750K .......... .......... .......... .......... .......... 70%  171M 1s
 74800K .......... .......... .......... .......... .......... 70%  212M 1s
 74850K .......... .......... .......... .......... .......... 70%  209M 1s
 74900K .......... .......... .......... .......... .......... 70%  186M 1s
 74950K .......... .......... .......... .......... .......... 71%  139M 1s
 75000K .......... .......... .......... .......... .......... 71%  202M 1s
 75050K .......... .......... .......... .......... .......... 71%  205M 1s
 75100K .......... .......... .......... .......... .......... 71%  195M 1s
 75150K .......... .......... .......... .......... .......... 71%  150M 1s
 75200K .......... .......... .......... .......... .......... 71%  192M 1s
 75250K .......... .......... .......... .......... .......... 71%  192M 1s
 75300K .......... .......... .......... .......... .......... 71%  201M 1s
 75350K .......... .......... .......... .......... .......... 71%  184M 1s
 75400K .......... .......... .......... .......... .......... 71%  212M 1s
 75450K .......... .......... .......... .......... .......... 71%  206M 1s
 75500K .......... .......... .......... .......... .......... 71%  166M 1s
 75550K .......... .......... .......... .......... .......... 71%  171M 1s
 75600K .......... .......... .......... .......... .......... 71%  208M 1s
 75650K .......... .......... .......... .......... .......... 71%  201M 1s
 75700K .......... .......... .......... .......... .......... 71%  206M 1s
 75750K .......... .......... .......... .......... .......... 71% 4,12M 1s
 75800K .......... .......... .......... .......... .......... 71%  175M 1s
 75850K .......... .......... .......... .......... .......... 71%  194M 1s
 75900K .......... .......... .......... .......... .......... 71% 9,47M 1s
 75950K .......... .......... .......... .......... .......... 71%  140M 1s
 76000K .......... .......... .......... .......... .......... 72%  198M 1s
 76050K .......... .......... .......... .......... .......... 72%  203M 1s
 76100K .......... .......... .......... .......... .......... 72% 18,8M 1s
 76150K .......... .......... .......... .......... .......... 72%  184M 1s
 76200K .......... .......... .......... .......... .......... 72% 28,4M 1s
 76250K .......... .......... .......... .......... .......... 72% 46,6M 1s
 76300K .......... .......... .......... .......... .......... 72% 17,5M 1s
 76350K .......... .......... .......... .......... .......... 72% 58,4M 1s
 76400K .......... .......... .......... .......... .......... 72% 27,9M 1s
 76450K .......... .......... .......... .......... .......... 72% 31,2M 1s
 76500K .......... .......... .......... .......... .......... 72% 37,3M 1s
 76550K .......... .......... .......... .......... .......... 72% 42,2M 1s
 76600K .......... .......... .......... .......... .......... 72% 17,5M 1s
 76650K .......... .......... .......... .......... .......... 72%  174M 1s
 76700K .......... .......... .......... .......... .......... 72% 28,9M 1s
 76750K .......... .......... .......... .......... .......... 72% 26,5M 1s
 76800K .......... .......... .......... .......... .......... 72% 44,0M 1s
 76850K .......... .......... .......... .......... .......... 72% 24,9M 1s
 76900K .......... .......... .......... .......... .......... 72% 33,8M 1s
 76950K .......... .......... .......... .......... .......... 72% 20,5M 1s
 77000K .......... .......... .......... .......... .......... 72%  108M 1s
 77050K .......... .......... .......... .......... .......... 73% 48,5M 1s
 77100K .......... .......... .......... .......... .......... 73% 27,4M 1s
 77150K .......... .......... .......... .......... .......... 73% 26,7M 1s
 77200K .......... .......... .......... .......... .......... 73% 44,5M 1s
 77250K .......... .......... .......... .......... .......... 73% 27,9M 1s
 77300K .......... .......... .......... .......... .......... 73% 49,2M 1s
 77350K .......... .......... .......... .......... .......... 73% 26,8M 1s
 77400K .......... .......... .......... .......... .......... 73% 21,2M 1s
 77450K .......... .......... .......... .......... .......... 73%  103M 1s
 77500K .......... .......... .......... .......... .......... 73% 45,8M 1s
 77550K .......... .......... .......... .......... .......... 73% 21,5M 1s
 77600K .......... .......... .......... .......... .......... 73% 38,9M 1s
 77650K .......... .......... .......... .......... .......... 73% 25,5M 1s
 77700K .......... .......... .......... .......... .......... 73% 53,2M 1s
 77750K .......... .......... .......... .......... .......... 73% 44,5M 1s
 77800K .......... .......... .......... .......... .......... 73% 26,2M 1s
 77850K .......... .......... .......... .......... .......... 73% 15,2M 1s
 77900K .......... .......... .......... .......... .......... 73%  135M 1s
 77950K .......... .......... .......... .......... .......... 73% 57,1M 1s
 78000K .......... .......... .......... .......... .......... 73% 43,9M 1s
 78050K .......... .......... .......... .......... .......... 73% 28,4M 1s
 78100K .......... .......... .......... .......... .......... 74% 46,1M 1s
 78150K .......... .......... .......... .......... .......... 74% 24,8M 1s
 78200K .......... .......... .......... .......... .......... 74% 54,1M 1s
 78250K .......... .......... .......... .......... .......... 74% 24,2M 1s
 78300K .......... .......... .......... .......... .......... 74% 60,6M 1s
 78350K .......... .......... .......... .......... .......... 74% 28,4M 1s
 78400K .......... .......... .......... .......... .......... 74% 27,9M 1s
 78450K .......... .......... .......... .......... .......... 74% 45,2M 1s
 78500K .......... .......... .......... .......... .......... 74% 27,8M 1s
 78550K .......... .......... .......... .......... .......... 74% 47,2M 1s
 78600K .......... .......... .......... .......... .......... 74% 29,8M 1s
 78650K .......... .......... .......... .......... .......... 74% 43,2M 1s
 78700K .......... .......... .......... .......... .......... 74% 27,9M 1s
 78750K .......... .......... .......... .......... .......... 74% 27,8M 1s
 78800K .......... .......... .......... .......... .......... 74% 48,2M 1s
 78850K .......... .......... .......... .......... .......... 74% 28,5M 1s
 78900K .......... .......... .......... .......... .......... 74% 45,6M 1s
 78950K .......... .......... .......... .......... .......... 74% 29,0M 1s
 79000K .......... .......... .......... .......... .......... 74% 59,0M 1s
 79050K .......... .......... .......... .......... .......... 74% 49,1M 1s
 79100K .......... .......... .......... .......... .......... 74% 47,7M 1s
 79150K .......... .......... .......... .......... .......... 75% 28,6M 1s
 79200K .......... .......... .......... .......... .......... 75% 48,9M 1s
 79250K .......... .......... .......... .......... .......... 75% 47,2M 1s
 79300K .......... .......... .......... .......... .......... 75% 51,0M 1s
 79350K .......... .......... .......... .......... .......... 75% 36,7M 1s
 79400K .......... .......... .......... .......... .......... 75% 55,7M 1s
 79450K .......... .......... .......... .......... .......... 75% 50,8M 1s
 79500K .......... .......... .......... .......... .......... 75% 47,7M 1s
 79550K .......... .......... .......... .......... .......... 75% 20,4M 1s
 79600K .......... .......... .......... .......... .......... 75% 26,4M 1s
 79650K .......... .......... .......... .......... .......... 75% 22,4M 1s
 79700K .......... .......... .......... .......... .......... 75% 50,1M 1s
 79750K .......... .......... .......... .......... .......... 75% 43,1M 1s
 79800K .......... .......... .......... .......... .......... 75% 2,35M 1s
 79850K .......... .......... .......... .......... .......... 75% 61,6M 1s
 79900K .......... .......... .......... .......... .......... 75% 49,3M 1s
 79950K .......... .......... .......... .......... .......... 75% 29,3M 1s
 80000K .......... .......... .......... .......... .......... 75% 48,0M 1s
 80050K .......... .......... .......... .......... .......... 75% 37,6M 1s
 80100K .......... .......... .......... .......... .......... 75% 34,9M 1s
 80150K .......... .......... .......... .......... .......... 75% 68,0M 1s
 80200K .......... .......... .......... .......... .......... 75% 36,5M 1s
 80250K .......... .......... .......... .......... .......... 76% 48,7M 1s
 80300K .......... .......... .......... .......... .......... 76% 47,1M 1s
 80350K .......... .......... .......... .......... .......... 76% 33,8M 1s
 80400K .......... .......... .......... .......... .......... 76% 49,8M 1s
 80450K .......... .......... .......... .......... .......... 76% 34,8M 1s
 80500K .......... .......... .......... .......... .......... 76% 42,9M 1s
 80550K .......... .......... .......... .......... .......... 76% 53,5M 1s
 80600K .......... .......... .......... .......... .......... 76% 36,1M 1s
 80650K .......... .......... .......... .......... .......... 76% 47,9M 1s
 80700K .......... .......... .......... .......... .......... 76% 47,6M 1s
 80750K .......... .......... .......... .......... .......... 76% 34,5M 1s
 80800K .......... .......... .......... .......... .......... 76% 44,6M 1s
 80850K .......... .......... .......... .......... .......... 76% 50,6M 1s
 80900K .......... .......... .......... .......... .......... 76% 35,4M 1s
 80950K .......... .......... .......... .......... .......... 76% 46,6M 1s
 81000K .......... .......... .......... .......... .......... 76% 47,5M 1s
 81050K .......... .......... .......... .......... .......... 76% 36,1M 1s
 81100K .......... .......... .......... .......... .......... 76% 47,6M 1s
 81150K .......... .......... .......... .......... .......... 76% 28,2M 1s
 81200K .......... .......... .......... .......... .......... 76% 73,6M 1s
 81250K .......... .......... .......... .......... .......... 76% 32,7M 1s
 81300K .......... .......... .......... .......... .......... 77% 48,1M 1s
 81350K .......... .......... .......... .......... .......... 77% 45,0M 1s
 81400K .......... .......... .......... .......... .......... 77% 47,7M 1s
 81450K .......... .......... .......... .......... .......... 77% 48,6M 1s
 81500K .......... .......... .......... .......... .......... 77% 48,2M 1s
 81550K .......... .......... .......... .......... .......... 77% 35,5M 1s
 81600K .......... .......... .......... .......... .......... 77% 36,0M 1s
 81650K .......... .......... .......... .......... .......... 77% 47,7M 1s
 81700K .......... .......... .......... .......... .......... 77% 45,9M 1s
 81750K .......... .......... .......... .......... .......... 77% 46,9M 1s
 81800K .......... .......... .......... .......... .......... 77% 46,3M 1s
 81850K .......... .......... .......... .......... .......... 77%  369K 1s
 81900K .......... .......... .......... .......... .......... 77% 46,4M 1s
 81950K .......... .......... .......... .......... .......... 77% 44,8M 1s
 82000K .......... .......... .......... .......... .......... 77% 13,1M 1s
 82050K .......... .......... .......... .......... .......... 77%  178M 1s
 82100K .......... .......... .......... .......... .......... 77%  198M 1s
 82150K .......... .......... .......... .......... .......... 77% 50,5M 1s
 82200K .......... .......... .......... .......... .......... 77% 22,6M 1s
 82250K .......... .......... .......... .......... .......... 77%  184M 1s
 82300K .......... .......... .......... .......... .......... 77%  166M 1s
 82350K .......... .......... .......... .......... .......... 78% 41,0M 1s
 82400K .......... .......... .......... .......... .......... 78% 69,4M 1s
 82450K .......... .......... .......... .......... .......... 78% 40,2M 1s
 82500K .......... .......... .......... .......... .......... 78% 35,4M 1s
 82550K .......... .......... .......... .......... .......... 78% 39,7M 1s
 82600K .......... .......... .......... .......... .......... 78% 92,4M 1s
 82650K .......... .......... .......... .......... .......... 78% 88,5M 1s
 82700K .......... .......... .......... .......... .......... 78% 48,7M 1s
 82750K .......... .......... .......... .......... .......... 78% 19,9M 1s
 82800K .......... .......... .......... .......... .......... 78%  172M 1s
 82850K .......... .......... .......... .......... .......... 78%  192M 1s
 82900K .......... .......... .......... .......... .......... 78% 18,0M 1s
 82950K .......... .......... .......... .......... .......... 78%  175M 1s
 83000K .......... .......... .......... .......... .......... 78%  204M 1s
 83050K .......... .......... .......... .......... .......... 78%  186M 1s
 83100K .......... .......... .......... .......... .......... 78% 18,5M 1s
 83150K .......... .......... .......... .......... .......... 78%  143M 1s
 83200K .......... .......... .......... .......... .......... 78%  147M 1s
 83250K .......... .......... .......... .......... .......... 78%  161M 1s
 83300K .......... .......... .......... .......... .......... 78% 42,8M 1s
 83350K .......... .......... .......... .......... .......... 78% 48,9M 1s
 83400K .......... .......... .......... .......... .......... 79% 25,6M 1s
 83450K .......... .......... .......... .......... .......... 79% 47,3M 1s
 83500K .......... .......... .......... .......... .......... 79% 30,1M 1s
 83550K .......... .......... .......... .......... .......... 79% 43,7M 1s
 83600K .......... .......... .......... .......... .......... 79% 42,5M 1s
 83650K .......... .......... .......... .......... .......... 79% 38,4M 1s
 83700K .......... .......... .......... .......... .......... 79% 47,2M 1s
 83750K .......... .......... .......... .......... .......... 79%  113M 1s
 83800K .......... .......... .......... .......... .......... 79% 53,9M 1s
 83850K .......... .......... .......... .......... .......... 79% 37,6M 1s
 83900K .......... .......... .......... .......... .......... 79% 71,7M 1s
 83950K .......... .......... .......... .......... .......... 79% 4,29M 1s
 84000K .......... .......... .......... .......... .......... 79% 47,4M 1s
 84050K .......... .......... .......... .......... .......... 79% 58,3M 1s
 84100K .......... .......... .......... .......... .......... 79% 55,9M 1s
 84150K .......... .......... .......... .......... .......... 79% 48,5M 1s
 84200K .......... .......... .......... .......... .......... 79%  118M 1s
 84250K .......... .......... .......... .......... .......... 79% 41,1M 1s
 84300K .......... .......... .......... .......... .......... 79% 62,2M 1s
 84350K .......... .......... .......... .......... .......... 79% 51,1M 1s
 84400K .......... .......... .......... .......... .......... 79% 49,1M 1s
 84450K .......... .......... .......... .......... .......... 80% 52,1M 1s
 84500K .......... .......... .......... .......... .......... 80% 69,4M 1s
 84550K .......... .......... .......... .......... .......... 80% 54,0M 1s
 84600K .......... .......... .......... .......... .......... 80% 51,8M 1s
 84650K .......... .......... .......... .......... .......... 80% 54,2M 1s
 84700K .......... .......... .......... .......... .......... 80% 48,7M 1s
 84750K .......... .......... .......... .......... .......... 80% 39,2M 1s
 84800K .......... .......... .......... .......... .......... 80% 49,1M 1s
 84850K .......... .......... .......... .......... .......... 80% 59,7M 1s
 84900K .......... .......... .......... .......... .......... 80% 49,9M 1s
 84950K .......... .......... .......... .......... .......... 80% 79,4M 1s
 85000K .......... .......... .......... .......... .......... 80% 73,6M 1s
 85050K .......... .......... .......... .......... .......... 80% 55,3M 1s
 85100K .......... .......... .......... .......... .......... 80% 48,6M 1s
 85150K .......... .......... .......... .......... .......... 80% 31,4M 1s
 85200K .......... .......... .......... .......... .......... 80% 46,9M 1s
 85250K .......... .......... .......... .......... .......... 80% 93,4M 1s
 85300K .......... .......... .......... .......... .......... 80% 53,3M 1s
 85350K .......... .......... .......... .......... .......... 80% 43,5M 1s
 85400K .......... .......... .......... .......... .......... 80% 56,2M 1s
 85450K .......... .......... .......... .......... .......... 80% 72,6M 1s
 85500K .......... .......... .......... .......... .......... 81% 55,9M 1s
 85550K .......... .......... .......... .......... .......... 81% 48,7M 1s
 85600K .......... .......... .......... .......... .......... 81% 52,9M 1s
 85650K .......... .......... .......... .......... .......... 81% 48,0M 1s
 85700K .......... .......... .......... .......... .......... 81% 48,8M 1s
 85750K .......... .......... .......... .......... .......... 81%  118M 1s
 85800K .......... .......... .......... .......... .......... 81% 49,0M 1s
 85850K .......... .......... .......... .......... .......... 81% 48,0M 1s
 85900K .......... .......... .......... .......... .......... 81% 62,4M 1s
 85950K .......... .......... .......... .......... .......... 81%  570K 1s
 86000K .......... .......... .......... .......... .......... 81%  185M 1s
 86050K .......... .......... .......... .......... .......... 81%  192M 1s
 86100K .......... .......... .......... .......... .......... 81%  199M 1s
 86150K .......... .......... .......... .......... .......... 81%  177M 1s
 86200K .......... .......... .......... .......... .......... 81%  202M 1s
 86250K .......... .......... .......... .......... .......... 81%  200M 1s
 86300K .......... .......... .......... .......... .......... 81%  208M 1s
 86350K .......... .......... .......... .......... .......... 81% 2,36M 1s
 86400K .......... .......... .......... .......... .......... 81%  168M 1s
 86450K .......... .......... .......... .......... .......... 81%  198M 1s
 86500K .......... .......... .......... .......... .......... 81%  208M 1s
 86550K .......... .......... .......... .......... .......... 82%  178M 1s
 86600K .......... .......... .......... .......... .......... 82%  208M 1s
 86650K .......... .......... .......... .......... .......... 82%  207M 1s
 86700K .......... .......... .......... .......... .......... 82%  201M 1s
 86750K .......... .......... .......... .......... .......... 82%  167M 1s
 86800K .......... .......... .......... .......... .......... 82%  211M 1s
 86850K .......... .......... .......... .......... .......... 82%  212M 1s
 86900K .......... .......... .......... .......... .......... 82%  213M 1s
 86950K .......... .......... .......... .......... .......... 82% 2,44M 1s
 87000K .......... .......... .......... .......... .......... 82%  167M 1s
 87050K .......... .......... .......... .......... .......... 82%  207M 1s
 87100K .......... .......... .......... .......... .......... 82%  203M 1s
 87150K .......... .......... .......... .......... .......... 82%  166M 1s
 87200K .......... .......... .......... .......... .......... 82%  192M 1s
 87250K .......... .......... .......... .......... .......... 82%  203M 1s
 87300K .......... .......... .......... .......... .......... 82%  200M 1s
 87350K .......... .......... .......... .......... .......... 82%  178M 1s
 87400K .......... .......... .......... .......... .......... 82%  199M 1s
 87450K .......... .......... .......... .......... .......... 82%  210M 1s
 87500K .......... .......... .......... .......... .......... 82%  198M 1s
 87550K .......... .......... .......... .......... .......... 82%  169M 1s
 87600K .......... .......... .......... .......... .......... 83%  184M 1s
 87650K .......... .......... .......... .......... .......... 83%  206M 1s
 87700K .......... .......... .......... .......... .......... 83%  203M 1s
 87750K .......... .......... .......... .......... .......... 83%  188M 1s
 87800K .......... .......... .......... .......... .......... 83%  179M 1s
 87850K .......... .......... .......... .......... .......... 83%  201M 1s
 87900K .......... .......... .......... .......... .......... 83%  205M 1s
 87950K .......... .......... .......... .......... .......... 83%  176M 1s
 88000K .......... .......... .......... .......... .......... 83%  202M 1s
 88050K .......... .......... .......... .......... .......... 83%  210M 1s
 88100K .......... .......... .......... .......... .......... 83%  204M 1s
 88150K .......... .......... .......... .......... .......... 83%  183M 1s
 88200K .......... .......... .......... .......... .......... 83%  170M 1s
 88250K .......... .......... .......... .......... .......... 83%  193M 1s
 88300K .......... .......... .......... .......... .......... 83%  207M 1s
 88350K .......... .......... .......... .......... .......... 83%  175M 1s
 88400K .......... .......... .......... .......... .......... 83%  195M 1s
 88450K .......... .......... .......... .......... .......... 83%  205M 1s
 88500K .......... .......... .......... .......... .......... 83%  163M 1s
 88550K .......... .......... .......... .......... .......... 83%  149M 1s
 88600K .......... .......... .......... .......... .......... 83%  164M 1s
 88650K .......... .......... .......... .......... .......... 84%  162M 1s
 88700K .......... .......... .......... .......... .......... 84%  179M 1s
 88750K .......... .......... .......... .......... .......... 84%  158M 1s
 88800K .......... .......... .......... .......... .......... 84%  197M 1s
 88850K .......... .......... .......... .......... .......... 84%  202M 1s
 88900K .......... .......... .......... .......... .......... 84%  194M 1s
 88950K .......... .......... .......... .......... .......... 84%  163M 1s
 89000K .......... .......... .......... .......... .......... 84%  209M 1s
 89050K .......... .......... .......... .......... .......... 84% 13,7M 1s
 89100K .......... .......... .......... .......... .......... 84%  201M 1s
 89150K .......... .......... .......... .......... .......... 84%  101M 1s
 89200K .......... .......... .......... .......... .......... 84% 77,4M 1s
 89250K .......... .......... .......... .......... .......... 84% 25,7M 1s
 89300K .......... .......... .......... .......... .......... 84%  203M 1s
 89350K .......... .......... .......... .......... .......... 84% 71,3M 1s
 89400K .......... .......... .......... .......... .......... 84% 51,8M 1s
 89450K .......... .......... .......... .......... .......... 84% 15,8M 1s
 89500K .......... .......... .......... .......... .......... 84%  203M 1s
 89550K .......... .......... .......... .......... .......... 84%  168M 1s
 89600K .......... .......... .......... .......... .......... 84%  192M 1s
 89650K .......... .......... .......... .......... .......... 84% 16,0M 1s
 89700K .......... .......... .......... .......... .......... 84%  201M 1s
 89750K .......... .......... .......... .......... .......... 85%  173M 1s
 89800K .......... .......... .......... .......... .......... 85% 5,15M 1s
 89850K .......... .......... .......... .......... .......... 85%  178M 1s
 89900K .......... .......... .......... .......... .......... 85%  178M 1s
 89950K .......... .......... .......... .......... .......... 85%  109M 1s
 90000K .......... .......... .......... .......... .......... 85%  190M 1s
 90050K .......... .......... .......... .......... .......... 85%  198M 1s
 90100K .......... .......... .......... .......... .......... 85%  200M 1s
 90150K .......... .......... .......... .......... .......... 85%  130M 1s
 90200K .......... .......... .......... .......... .......... 85%  155M 1s
 90250K .......... .......... .......... .......... .......... 85%  202M 1s
 90300K .......... .......... .......... .......... .......... 85% 2,29M 1s
 90350K .......... .......... .......... .......... .......... 85%  138M 1s
 90400K .......... .......... .......... .......... .......... 85%  143M 1s
 90450K .......... .......... .......... .......... .......... 85%  186M 1s
 90500K .......... .......... .......... .......... .......... 85%  205M 1s
 90550K .......... .......... .......... .......... .......... 85%  184M 1s
 90600K .......... .......... .......... .......... .......... 85%  162M 1s
 90650K .......... .......... .......... .......... .......... 85%  141M 1s
 90700K .......... .......... .......... .......... .......... 85%  196M 1s
 90750K .......... .......... .......... .......... .......... 85%  133M 1s
 90800K .......... .......... .......... .......... .......... 86% 1,34M 1s
 90850K .......... .......... .......... .......... .......... 86%  172M 1s
 90900K .......... .......... .......... .......... .......... 86%  154M 1s
 90950K .......... .......... .......... .......... .......... 86%  143M 0s
 91000K .......... .......... .......... .......... .......... 86%  196M 0s
 91050K .......... .......... .......... .......... .......... 86%  203M 0s
 91100K .......... .......... .......... .......... .......... 86%  206M 0s
 91150K .......... .......... .......... .......... .......... 86%  136M 0s
 91200K .......... .......... .......... .......... .......... 86%  158M 0s
 91250K .......... .......... .......... .......... .......... 86%  160M 0s
 91300K .......... .......... .......... .......... .......... 86% 1,34M 0s
 91350K .......... .......... .......... .......... .......... 86%  155M 0s
 91400K .......... .......... .......... .......... .......... 86%  133M 0s
 91450K .......... .......... .......... .......... .......... 86%  196M 0s
 91500K .......... .......... .......... .......... .......... 86%  206M 0s
 91550K .......... .......... .......... .......... .......... 86%  168M 0s
 91600K .......... .......... .......... .......... .......... 86%  206M 0s
 91650K .......... .......... .......... .......... .......... 86%  185M 0s
 91700K .......... .......... .......... .......... .......... 86%  204M 0s
 91750K .......... .......... .......... .......... .......... 86%  185M 0s
 91800K .......... .......... .......... .......... .......... 86%  201M 0s
 91850K .......... .......... .......... .......... .......... 87% 1,34M 0s
 91900K .......... .......... .......... .......... .......... 87%  170M 0s
 91950K .......... .......... .......... .......... .......... 87%  161M 0s
 92000K .......... .......... .......... .......... .......... 87%  142M 0s
 92050K .......... .......... .......... .......... .......... 87%  202M 0s
 92100K .......... .......... .......... .......... .......... 87%  157M 0s
 92150K .......... .......... .......... .......... .......... 87%  158M 0s
 92200K .......... .......... .......... .......... .......... 87%  168M 0s
 92250K .......... .......... .......... .......... .......... 87%  168M 0s
 92300K .......... .......... .......... .......... .......... 87%  201M 0s
 92350K .......... .......... .......... .......... .......... 87% 1,52M 0s
 92400K .......... .......... .......... .......... .......... 87%  164M 0s
 92450K .......... .......... .......... .......... .......... 87%  204M 0s
 92500K .......... .......... .......... .......... .......... 87%  201M 0s
 92550K .......... .......... .......... .......... .......... 87%  179M 0s
 92600K .......... .......... .......... .......... .......... 87%  204M 0s
 92650K .......... .......... .......... .......... .......... 87%  201M 0s
 92700K .......... .......... .......... .......... .......... 87%  205M 0s
 92750K .......... .......... .......... .......... .......... 87% 3,96M 0s
 92800K .......... .......... .......... .......... .......... 87%  163M 0s
 92850K .......... .......... .......... .......... .......... 87%  167M 0s
 92900K .......... .......... .......... .......... .......... 88%  181M 0s
 92950K .......... .......... .......... .......... .......... 88%  134M 0s
 93000K .......... .......... .......... .......... .......... 88%  204M 0s
 93050K .......... .......... .......... .......... .......... 88%  199M 0s
 93100K .......... .......... .......... .......... .......... 88%  171M 0s
 93150K .......... .......... .......... .......... .......... 88%  128M 0s
 93200K .......... .......... .......... .......... .......... 88%  178M 0s
 93250K .......... .......... .......... .......... .......... 88% 1,85M 0s
 93300K .......... .......... .......... .......... .......... 88%  199M 0s
 93350K .......... .......... .......... .......... .......... 88%  170M 0s
 93400K .......... .......... .......... .......... .......... 88%  189M 0s
 93450K .......... .......... .......... .......... .......... 88% 7,73M 0s
 93500K .......... .......... .......... .......... .......... 88%  166M 0s
 93550K .......... .......... .......... .......... .......... 88%  143M 0s
 93600K .......... .......... .......... .......... .......... 88%  180M 0s
 93650K .......... .......... .......... .......... .......... 88%  205M 0s
 93700K .......... .......... .......... .......... .......... 88%  183M 0s
 93750K .......... .......... .......... .......... .......... 88% 3,27M 0s
 93800K .......... .......... .......... .......... .......... 88%  150M 0s
 93850K .......... .......... .......... .......... .......... 88% 14,6M 0s
 93900K .......... .......... .......... .......... .......... 88%  196M 0s
 93950K .......... .......... .......... .......... .......... 89%  149M 0s
 94000K .......... .......... .......... .......... .......... 89%  156M 0s
 94050K .......... .......... .......... .......... .......... 89%  162M 0s
 94100K .......... .......... .......... .......... .......... 89%  194M 0s
 94150K .......... .......... .......... .......... .......... 89% 3,17M 0s
 94200K .......... .......... .......... .......... .......... 89%  178M 0s
 94250K .......... .......... .......... .......... .......... 89%  201M 0s
 94300K .......... .......... .......... .......... .......... 89%  195M 0s
 94350K .......... .......... .......... .......... .......... 89%  161M 0s
 94400K .......... .......... .......... .......... .......... 89%  202M 0s
 94450K .......... .......... .......... .......... .......... 89%  175M 0s
 94500K .......... .......... .......... .......... .......... 89%  187M 0s
 94550K .......... .......... .......... .......... .......... 89%  159M 0s
 94600K .......... .......... .......... .......... .......... 89%  191M 0s
 94650K .......... .......... .......... .......... .......... 89%  202M 0s
 94700K .......... .......... .......... .......... .......... 89% 3,19M 0s
 94750K .......... .......... .......... .......... .......... 89%  107M 0s
 94800K .......... .......... .......... .......... .......... 89%  180M 0s
 94850K .......... .......... .......... .......... .......... 89%  174M 0s
 94900K .......... .......... .......... .......... .......... 89%  188M 0s
 94950K .......... .......... .......... .......... .......... 89%  164M 0s
 95000K .......... .......... .......... .......... .......... 90%  169M 0s
 95050K .......... .......... .......... .......... .......... 90%  181M 0s
 95100K .......... .......... .......... .......... .......... 90%  196M 0s
 95150K .......... .......... .......... .......... .......... 90%  165M 0s
 95200K .......... .......... .......... .......... .......... 90%  202M 0s
 95250K .......... .......... .......... .......... .......... 90% 5,21M 0s
 95300K .......... .......... .......... .......... .......... 90%  165M 0s
 95350K .......... .......... .......... .......... .......... 90%  166M 0s
 95400K .......... .......... .......... .......... .......... 90%  152M 0s
 95450K .......... .......... .......... .......... .......... 90%  174M 0s
 95500K .......... .......... .......... .......... .......... 90%  161M 0s
 95550K .......... .......... .......... .......... .......... 90%  137M 0s
 95600K .......... .......... .......... .......... .......... 90%  154M 0s
 95650K .......... .......... .......... .......... .......... 90%  202M 0s
 95700K .......... .......... .......... .......... .......... 90% 5,27M 0s
 95750K .......... .......... .......... .......... .......... 90%  119M 0s
 95800K .......... .......... .......... .......... .......... 90%  164M 0s
 95850K .......... .......... .......... .......... .......... 90%  163M 0s
 95900K .......... .......... .......... .......... .......... 90%  133M 0s
 95950K .......... .......... .......... .......... .......... 90%  156M 0s
 96000K .......... .......... .......... .......... .......... 90%  193M 0s
 96050K .......... .......... .......... .......... .......... 91%  189M 0s
 96100K .......... .......... .......... .......... .......... 91% 52,2M 0s
 96150K .......... .......... .......... .......... .......... 91%  171M 0s
 96200K .......... .......... .......... .......... .......... 91%  174M 0s
 96250K .......... .......... .......... .......... .......... 91%  181M 0s
 96300K .......... .......... .......... .......... .......... 91%  183M 0s
 96350K .......... .......... .......... .......... .......... 91% 79,9M 0s
 96400K .......... .......... .......... .......... .......... 91% 35,2M 0s
 96450K .......... .......... .......... .......... .......... 91%  108M 0s
 96500K .......... .......... .......... .......... .......... 91%  106M 0s
 96550K .......... .......... .......... .......... .......... 91%  118M 0s
 96600K .......... .......... .......... .......... .......... 91%  187M 0s
 96650K .......... .......... .......... .......... .......... 91%  170M 0s
 96700K .......... .......... .......... .......... .......... 91%  187M 0s
 96750K .......... .......... .......... .......... .......... 91%  153M 0s
 96800K .......... .......... .......... .......... .......... 91%  187M 0s
 96850K .......... .......... .......... .......... .......... 91%  183M 0s
 96900K .......... .......... .......... .......... .......... 91%  189M 0s
 96950K .......... .......... .......... .......... .......... 91%  162M 0s
 97000K .......... .......... .......... .......... .......... 91%  173M 0s
 97050K .......... .......... .......... .......... .......... 91%  193M 0s
 97100K .......... .......... .......... .......... .......... 92%  202M 0s
 97150K .......... .......... .......... .......... .......... 92%  172M 0s
 97200K .......... .......... .......... .......... .......... 92% 88,3M 0s
 97250K .......... .......... .......... .......... .......... 92%  184M 0s
 97300K .......... .......... .......... .......... .......... 92%  192M 0s
 97350K .......... .......... .......... .......... .......... 92%  160M 0s
 97400K .......... .......... .......... .......... .......... 92% 33,4M 0s
 97450K .......... .......... .......... .......... .......... 92% 40,6M 0s
 97500K .......... .......... .......... .......... .......... 92% 36,4M 0s
 97550K .......... .......... .......... .......... .......... 92% 25,0M 0s
 97600K .......... .......... .......... .......... .......... 92% 79,1M 0s
 97650K .......... .......... .......... .......... .......... 92% 42,6M 0s
 97700K .......... .......... .......... .......... .......... 92% 29,5M 0s
 97750K .......... .......... .......... .......... .......... 92% 31,4M 0s
 97800K .......... .......... .......... .......... .......... 92% 24,5M 0s
 97850K .......... .......... .......... .......... .......... 92% 47,0M 0s
 97900K .......... .......... .......... .......... .......... 92% 31,1M 0s
 97950K .......... .......... .......... .......... .......... 92% 28,1M 0s
 98000K .......... .......... .......... .......... .......... 92% 11,9M 0s
 98050K .......... .......... .......... .......... .......... 92% 1,16M 0s
 98100K .......... .......... .......... .......... .......... 92% 76,6M 0s
 98150K .......... .......... .......... .......... .......... 92% 60,3M 0s
 98200K .......... .......... .......... .......... .......... 93%  160M 0s
 98250K .......... .......... .......... .......... .......... 93%  125M 0s
 98300K .......... .......... .......... .......... .......... 93%  135M 0s
 98350K .......... .......... .......... .......... .......... 93%  132M 0s
 98400K .......... .......... .......... .......... .......... 93%  162M 0s
 98450K .......... .......... .......... .......... .......... 93%  139M 0s
 98500K .......... .......... .......... .......... .......... 93% 90,6M 0s
 98550K .......... .......... .......... .......... .......... 93%  118M 0s
 98600K .......... .......... .......... .......... .......... 93%  170M 0s
 98650K .......... .......... .......... .......... .......... 93%  163M 0s
 98700K .......... .......... .......... .......... .......... 93%  189M 0s
 98750K .......... .......... .......... .......... .......... 93%  157M 0s
 98800K .......... .......... .......... .......... .......... 93%  188M 0s
 98850K .......... .......... .......... .......... .......... 93%  199M 0s
 98900K .......... .......... .......... .......... .......... 93%  185M 0s
 98950K .......... .......... .......... .......... .......... 93%  178M 0s
 99000K .......... .......... .......... .......... .......... 93%  200M 0s
 99050K .......... .......... .......... .......... .......... 93%  199M 0s
 99100K .......... .......... .......... .......... .......... 93%  101M 0s
 99150K .......... .......... .......... .......... .......... 93%  168M 0s
 99200K .......... .......... .......... .......... .......... 93%  202M 0s
 99250K .......... .......... .......... .......... .......... 94% 9,51M 0s
 99300K .......... .......... .......... .......... .......... 94%  162M 0s
 99350K .......... .......... .......... .......... .......... 94% 48,0M 0s
 99400K .......... .......... .......... .......... .......... 94% 80,7M 0s
 99450K .......... .......... .......... .......... .......... 94% 98,2M 0s
 99500K .......... .......... .......... .......... .......... 94% 21,1M 0s
 99550K .......... .......... .......... .......... .......... 94% 33,5M 0s
 99600K .......... .......... .......... .......... .......... 94% 32,4M 0s
 99650K .......... .......... .......... .......... .......... 94% 63,9M 0s
 99700K .......... .......... .......... .......... .......... 94% 22,0M 0s
 99750K .......... .......... .......... .......... .......... 94% 38,4M 0s
 99800K .......... .......... .......... .......... .......... 94% 19,8M 0s
 99850K .......... .......... .......... .......... .......... 94% 27,9M 0s
 99900K .......... .......... .......... .......... .......... 94% 21,9M 0s
 99950K .......... .......... .......... .......... .......... 94% 23,4M 0s
100000K .......... .......... .......... .......... .......... 94% 21,9M 0s
100050K .......... .......... .......... .......... .......... 94% 30,4M 0s
100100K .......... .......... .......... .......... .......... 94% 19,5M 0s
100150K .......... .......... .......... .......... .......... 94% 44,8M 0s
100200K .......... .......... .......... .......... .......... 94% 17,6M 0s
100250K .......... .......... .......... .......... .......... 94% 29,5M 0s
100300K .......... .......... .......... .......... .......... 95%  934K 0s
100350K .......... .......... .......... .......... .......... 95% 20,8M 0s
100400K .......... .......... .......... .......... .......... 95% 29,3M 0s
100450K .......... .......... .......... .......... .......... 95% 22,3M 0s
100500K .......... .......... .......... .......... .......... 95% 24,8M 0s
100550K .......... .......... .......... .......... .......... 95% 27,9M 0s
100600K .......... .......... .......... .......... .......... 95% 22,9M 0s
100650K .......... .......... .......... .......... .......... 95% 31,3M 0s
100700K .......... .......... .......... .......... .......... 95% 22,4M 0s
100750K .......... .......... .......... .......... .......... 95% 17,4M 0s
100800K .......... .......... .......... .......... .......... 95% 23,3M 0s
100850K .......... .......... .......... .......... .......... 95% 29,9M 0s
100900K .......... .......... .......... .......... .......... 95% 26,5M 0s
100950K .......... .......... .......... .......... .......... 95% 1,14M 0s
101000K .......... .......... .......... .......... .......... 95% 48,9M 0s
101050K .......... .......... .......... .......... .......... 95% 65,3M 0s
101100K .......... .......... .......... .......... .......... 95% 30,7M 0s
101150K .......... .......... .......... .......... .......... 95% 38,5M 0s
101200K .......... .......... .......... .......... .......... 95% 49,5M 0s
101250K .......... .......... .......... .......... .......... 95% 37,0M 0s
101300K .......... .......... .......... .......... .......... 95% 53,8M 0s
101350K .......... .......... .......... .......... .......... 96% 79,9M 0s
101400K .......... .......... .......... .......... .......... 96% 90,1M 0s
101450K .......... .......... .......... .......... .......... 96% 86,2M 0s
101500K .......... .......... .......... .......... .......... 96% 72,0M 0s
101550K .......... .......... .......... .......... .......... 96% 51,6M 0s
101600K .......... .......... .......... .......... .......... 96% 86,5M 0s
101650K .......... .......... .......... .......... .......... 96% 98,6M 0s
101700K .......... .......... .......... .......... .......... 96%  103M 0s
101750K .......... .......... .......... .......... .......... 96%  109M 0s
101800K .......... .......... .......... .......... .......... 96%  119M 0s
101850K .......... .......... .......... .......... .......... 96%  126M 0s
101900K .......... .......... .......... .......... .......... 96%  123M 0s
101950K .......... .......... .......... .......... .......... 96%  106M 0s
102000K .......... .......... .......... .......... .......... 96% 92,6M 0s
102050K .......... .......... .......... .......... .......... 96% 74,1M 0s
102100K .......... .......... .......... .......... .......... 96%  104M 0s
102150K .......... .......... .......... .......... .......... 96%  109M 0s
102200K .......... .......... .......... .......... .......... 96%  106M 0s
102250K .......... .......... .......... .......... .......... 96%  126M 0s
102300K .......... .......... .......... .......... .......... 96% 44,7M 0s
102350K .......... .......... .......... .......... .......... 96% 9,33M 0s
102400K .......... .......... .......... .......... .......... 97% 26,7M 0s
102450K .......... .......... .......... .......... .......... 97% 36,3M 0s
102500K .......... .......... .......... .......... .......... 97% 39,3M 0s
102550K .......... .......... .......... .......... .......... 97% 29,8M 0s
102600K .......... .......... .......... .......... .......... 97% 38,6M 0s
102650K .......... .......... .......... .......... .......... 97% 24,8M 0s
102700K .......... .......... .......... .......... .......... 97% 33,8M 0s
102750K .......... .......... .......... .......... .......... 97% 20,6M 0s
102800K .......... .......... .......... .......... .......... 97% 32,1M 0s
102850K .......... .......... .......... .......... .......... 97% 26,7M 0s
102900K .......... .......... .......... .......... .......... 97% 26,5M 0s
102950K .......... .......... .......... .......... .......... 97% 26,0M 0s
103000K .......... .......... .......... .......... .......... 97% 32,8M 0s
103050K .......... .......... .......... .......... .......... 97% 23,9M 0s
103100K .......... .......... .......... .......... .......... 97% 37,7M 0s
103150K .......... .......... .......... .......... .......... 97% 19,4M 0s
103200K .......... .......... .......... .......... .......... 97% 22,9M 0s
103250K .......... .......... .......... .......... .......... 97% 31,2M 0s
103300K .......... .......... .......... .......... .......... 97% 58,0M 0s
103350K .......... .......... .......... .......... .......... 97% 22,2M 0s
103400K .......... .......... .......... .......... .......... 97% 35,2M 0s
103450K .......... .......... .......... .......... .......... 98% 22,2M 0s
103500K .......... .......... .......... .......... .......... 98% 35,0M 0s
103550K .......... .......... .......... .......... .......... 98% 20,6M 0s
103600K .......... .......... .......... .......... .......... 98% 23,5M 0s
103650K .......... .......... .......... .......... .......... 98% 26,7M 0s
103700K .......... .......... .......... .......... .......... 98% 22,6M 0s
103750K .......... .......... .......... .......... .......... 98% 43,9M 0s
103800K .......... .......... .......... .......... .......... 98% 18,5M 0s
103850K .......... .......... .......... .......... .......... 98% 34,1M 0s
103900K .......... .......... .......... .......... .......... 98% 27,7M 0s
103950K .......... .......... .......... .......... .......... 98% 24,9M 0s
104000K .......... .......... .......... .......... .......... 98% 1,11M 0s
104050K .......... .......... .......... .......... .......... 98%  107M 0s
104100K .......... .......... .......... .......... .......... 98% 1,39M 0s
104150K .......... .......... .......... .......... .......... 98%  127M 0s
104200K .......... .......... .......... .......... .......... 98%  153M 0s
104250K .......... .......... .......... .......... .......... 98%  147M 0s
104300K .......... .......... .......... .......... .......... 98%  149M 0s
104350K .......... .......... .......... .......... .......... 98%  129M 0s
104400K .......... .......... .......... .......... .......... 98%  148M 0s
104450K .......... .......... .......... .......... .......... 98%  151M 0s
104500K .......... .......... .......... .......... .......... 99%  151M 0s
104550K .......... .......... .......... .......... .......... 99%  131M 0s
104600K .......... .......... .......... .......... .......... 99%  155M 0s
104650K .......... .......... .......... .......... .......... 99%  146M 0s
104700K .......... .......... .......... .......... .......... 99%  150M 0s
104750K .......... .......... .......... .......... .......... 99%  119M 0s
104800K .......... .......... .......... .......... .......... 99%  149M 0s
104850K .......... .......... .......... .......... .......... 99%  149M 0s
104900K .......... .......... .......... .......... .......... 99%  155M 0s
104950K .......... .......... .......... .......... .......... 99%  121M 0s
105000K .......... .......... .......... .......... .......... 99%  125M 0s
105050K .......... .......... .......... .......... .......... 99%  123M 0s
105100K .......... .......... .......... .......... .......... 99%  128M 0s
105150K .......... .......... .......... .......... .......... 99%  106M 0s
105200K .......... .......... .......... .......... .......... 99%  128M 0s
105250K .......... .......... .......... .......... .......... 99%  126M 0s
105300K .......... .......... .......... .......... .......... 99%  121M 0s
105350K .......... .......... .......... .......... .......... 99%  114M 0s
105400K .......... .......... .......... .......... .......... 99%  132M 0s
105450K .......... .......... .......... .......... .......... 99%  130M 0s
105500K .......... .......... .......... .......... .......... 99% 3,12M 0s
105550K .......... .......... .......... .......... ....      100% 28,2M=3,8s

2025-12-08 12:43:38 (27,2 MB/s) - ‘/home/jason/Téléchargements/discord.deb’ enregistré [108129052/108129052]

(Lecture de la base de données... 600527 fichiers et répertoires déjà installés.)
Préparation du dépaquetage de .../Téléchargements/discord.deb ...
Dépaquetage de discord (0.0.117) sur (0.0.117) ...
Paramétrage de discord (0.0.117) ...
34925
34930
34931
34933
34970
34975
35036
35076
Traitement des actions différées (« triggers ») pour mailcap (3.70+nmu1ubuntu1) ...
Traitement des actions différées (« triggers ») pour gnome-menus (3.36.0-1ubuntu3) ...
Traitement des actions différées (« triggers ») pour desktop-file-utils (0.26-1ubuntu3) ...
Discord installé avec succès

---- [2025-12-08T12:43:42+01:00] Début installation: Lazy Docker (scripts/install_lazy-docker.sh)
  % Total    % Received % Xferd  Average Speed   Time    Time     Time  Current
                                 Dload  Upload   Total   Spent    Left  Speed
  0     0    0     0    0     0      0      0 --:--:-- --:--:-- --:--:--     0100   884  100   884    0     0   3447      0 --:--:-- --:--:-- --:--:--  3453
  % Total    % Received % Xferd  Average Speed   Time    Time     Time  Current
                                 Dload  Upload   Total   Spent    Left  Speed
  0     0    0     0    0     0      0      0 --:--:-- --:--:-- --:--:--     0  0     0    0     0    0     0      0      0 --:--:-- --:--:-- --:--:--     0
  5 4619k    5  255k    0     0   487k      0  0:00:09 --:--:--  0:00:09  487k100 4619k  100 4619k    0     0  6490k      0 --:--:-- --:--:-- --:--:-- 22.9M
lazydocker
Lazy Docker installé avec succès

==== Fin du run : 2025-12-08T12:43:46+01:00 ====

==== Nouveau run : 2025-12-09T11:06:34+01:00 ====
---- [2025-12-09T11:06:34+01:00] Début installation: Discord (scripts/install_discord.sh)
--2025-12-09 11:06:34--  https://discord.com/api/download?platform=linux&format=deb
Résolution de discord.com (discord.com)… 162.159.138.232, 162.159.137.232, 162.159.128.233, ...
Connexion à discord.com (discord.com)|162.159.138.232|:443… connecté.
requête HTTP transmise, en attente de la réponse… 302 Found
Emplacement : https://stable.dl2.discordapp.net/apps/linux/0.0.118/discord-0.0.118.deb [suivant]
--2025-12-09 11:06:35--  https://stable.dl2.discordapp.net/apps/linux/0.0.118/discord-0.0.118.deb
Résolution de stable.dl2.discordapp.net (stable.dl2.discordapp.net)… 34.126.226.51
Connexion à stable.dl2.discordapp.net (stable.dl2.discordapp.net)|34.126.226.51|:443… connecté.
requête HTTP transmise, en attente de la réponse… 200 OK
Taille : 108129322 (103M) [application/vnd.debian.binary-package]
Enregistre : ‘/home/jason/Téléchargements/discord.deb’

     0K .......... .......... .......... .......... ..........  0% 2,01M 51s
    50K .......... .......... .......... .......... ..........  0% 4,65M 37s
   100K .......... .......... .......... .......... ..........  0% 7,08M 29s
   150K .......... .......... .......... .......... ..........  0% 10,1M 25s
   200K .......... .......... .......... .......... ..........  0% 10,1M 22s
   250K .......... .......... .......... .......... ..........  0% 13,1M 19s
   300K .......... .......... .......... .......... ..........  0% 18,6M 17s
   350K .......... .......... .......... .......... ..........  0% 14,3M 16s
   400K .......... .......... .......... .......... ..........  0% 25,8M 15s
   450K .......... .......... .......... .......... ..........  0% 23,6M 14s
   500K .......... .......... .......... .......... ..........  0% 32,9M 13s
   550K .......... .......... .......... .......... ..........  0% 22,9M 12s
   600K .......... .......... .......... .......... ..........  0% 33,8M 11s
   650K .......... .......... .......... .......... ..........  0% 51,4M 11s
   700K .......... .......... .......... .......... ..........  0% 26,1M 10s
   750K .......... .......... .......... .......... ..........  0% 30,3M 10s
   800K .......... .......... .......... .......... ..........  0% 46,8M 9s
   850K .......... .......... .......... .......... ..........  0% 46,5M 9s
   900K .......... .......... .......... .......... ..........  0% 51,1M 9s
   950K .......... .......... .......... .......... ..........  0% 50,3M 8s
  1000K .......... .......... .......... .......... ..........  0% 32,9M 8s
  1050K .......... .......... .......... .......... ..........  1% 34,8M 8s
  1100K .......... .......... .......... .......... ..........  1%  123M 7s
  1150K .......... .......... .......... .......... ..........  1% 60,4M 7s
  1200K .......... .......... .......... .......... ..........  1% 44,8M 7s
  1250K .......... .......... .......... .......... ..........  1%  103M 7s
  1300K .......... .......... .......... .......... ..........  1% 60,2M 7s
  1350K .......... .......... .......... .......... ..........  1% 92,6M 6s
  1400K .......... .......... .......... .......... ..........  1% 72,0M 6s
  1450K .......... .......... .......... .......... ..........  1% 60,9M 6s
  1500K .......... .......... .......... .......... ..........  1% 71,5M 6s
  1550K .......... .......... .......... .......... ..........  1% 64,1M 6s
  1600K .......... .......... .......... .......... ..........  1% 68,8M 6s
  1650K .......... .......... .......... .......... ..........  1%  149M 5s
  1700K .......... .......... .......... .......... ..........  1% 70,9M 5s
  1750K .......... .......... .......... .......... ..........  1% 63,2M 5s
  1800K .......... .......... .......... .......... ..........  1%  136M 5s
  1850K .......... .......... .......... .......... ..........  1%  125M 5s
  1900K .......... .......... .......... .......... ..........  1%  103M 5s
  1950K .......... .......... .......... .......... ..........  1% 74,0M 5s
  2000K .......... .......... .......... .......... ..........  1% 83,7M 5s
  2050K .......... .......... .......... .......... ..........  1% 32,1M 5s
  2100K .......... .......... .......... .......... ..........  2%  131M 5s
  2150K .......... .......... .......... .......... ..........  2%  131M 5s
  2200K .......... .......... .......... .......... ..........  2%  110M 4s
  2250K .......... .......... .......... .......... ..........  2% 96,2M 4s
  2300K .......... .......... .......... .......... ..........  2%  130M 4s
  2350K .......... .......... .......... .......... ..........  2% 17,4M 4s
  2400K .......... .......... .......... .......... ..........  2%  149M 4s
  2450K .......... .......... .......... .......... ..........  2%  131M 4s
  2500K .......... .......... .......... .......... ..........  2%  163M 4s
  2550K .......... .......... .......... .......... ..........  2%  139M 4s
  2600K .......... .......... .......... .......... ..........  2%  152M 4s
  2650K .......... .......... .......... .......... ..........  2%  168M 4s
  2700K .......... .......... .......... .......... ..........  2%  161M 4s
  2750K .......... .......... .......... .......... ..........  2% 34,4M 4s
  2800K .......... .......... .......... .......... ..........  2% 43,3M 4s
  2850K .......... .......... .......... .......... ..........  2%  117M 4s
  2900K .......... .......... .......... .......... ..........  2%  170M 4s
  2950K .......... .......... .......... .......... ..........  2% 49,4M 4s
  3000K .......... .......... .......... .......... ..........  2% 88,4M 4s
  3050K .......... .......... .......... .......... ..........  2%  171M 4s
  3100K .......... .......... .......... .......... ..........  2%  145M 3s
  3150K .......... .......... .......... .......... ..........  3%  143M 3s
  3200K .......... .......... .......... .......... ..........  3%  186M 3s
  3250K .......... .......... .......... .......... ..........  3%  190M 3s
  3300K .......... .......... .......... .......... ..........  3%  185M 3s
  3350K .......... .......... .......... .......... ..........  3%  160M 3s
  3400K .......... .......... .......... .......... ..........  3%  164M 3s
  3450K .......... .......... .......... .......... ..........  3%  157M 3s
  3500K .......... .......... .......... .......... ..........  3%  165M 3s
  3550K .......... .......... .......... .......... ..........  3%  146M 3s
  3600K .......... .......... .......... .......... ..........  3%  173M 3s
  3650K .......... .......... .......... .......... ..........  3%  165M 3s
  3700K .......... .......... .......... .......... ..........  3%  147M 3s
  3750K .......... .......... .......... .......... ..........  3%  129M 3s
  3800K .......... .......... .......... .......... ..........  3% 97,1M 3s
  3850K .......... .......... .......... .......... ..........  3%  117M 3s
  3900K .......... .......... .......... .......... ..........  3% 97,2M 3s
  3950K .......... .......... .......... .......... ..........  3%  104M 3s
  4000K .......... .......... .......... .......... ..........  3%  148M 3s
  4050K .......... .......... .......... .......... ..........  3% 70,4M 3s
  4100K .......... .......... .......... .......... ..........  3% 92,9M 3s
  4150K .......... .......... .......... .......... ..........  3%  125M 3s
  4200K .......... .......... .......... .......... ..........  4%  115M 3s
  4250K .......... .......... .......... .......... ..........  4%  142M 3s
  4300K .......... .......... .......... .......... ..........  4% 92,2M 3s
  4350K .......... .......... .......... .......... ..........  4%  106M 3s
  4400K .......... .......... .......... .......... ..........  4%  112M 3s
  4450K .......... .......... .......... .......... ..........  4% 98,9M 3s
  4500K .......... .......... .......... .......... ..........  4% 66,2M 3s
  4550K .......... .......... .......... .......... ..........  4%  143M 3s
  4600K .......... .......... .......... .......... ..........  4%  115M 3s
  4650K .......... .......... .......... .......... ..........  4% 92,9M 3s
  4700K .......... .......... .......... .......... ..........  4%  164M 3s
  4750K .......... .......... .......... .......... ..........  4% 94,9M 3s
  4800K .......... .......... .......... .......... ..........  4%  107M 3s
  4850K .......... .......... .......... .......... ..........  4% 98,2M 3s
  4900K .......... .......... .......... .......... ..........  4%  149M 2s
  4950K .......... .......... .......... .......... ..........  4%  106M 2s
  5000K .......... .......... .......... .......... ..........  4%  102M 2s
  5050K .......... .......... .......... .......... ..........  4%  122M 2s
  5100K .......... .......... .......... .......... ..........  4%  121M 2s
  5150K .......... .......... .......... .......... ..........  4% 88,6M 2s
  5200K .......... .......... .......... .......... ..........  4% 32,8M 2s
  5250K .......... .......... .......... .......... ..........  5% 78,0M 2s
  5300K .......... .......... .......... .......... ..........  5% 92,4M 2s
  5350K .......... .......... .......... .......... ..........  5% 89,3M 2s
  5400K .......... .......... .......... .......... ..........  5%  147M 2s
  5450K .......... .......... .......... .......... ..........  5%  123M 2s
  5500K .......... .......... .......... .......... ..........  5%  125M 2s
  5550K .......... .......... .......... .......... ..........  5%  116M 2s
  5600K .......... .......... .......... .......... ..........  5%  109M 2s
  5650K .......... .......... .......... .......... ..........  5% 90,0M 2s
  5700K .......... .......... .......... .......... ..........  5%  131M 2s
  5750K .......... .......... .......... .......... ..........  5%  131M 2s
  5800K .......... .......... .......... .......... ..........  5% 80,8M 2s
  5850K .......... .......... .......... .......... ..........  5%  100M 2s
  5900K .......... .......... .......... .......... ..........  5%  146M 2s
  5950K .......... .......... .......... .......... ..........  5% 75,8M 2s
  6000K .......... .......... .......... .......... ..........  5%  139M 2s
  6050K .......... .......... .......... .......... ..........  5%  100M 2s
  6100K .......... .......... .......... .......... ..........  5%  108M 2s
  6150K .......... .......... .......... .......... ..........  5%  136M 2s
  6200K .......... .......... .......... .......... ..........  5% 98,2M 2s
  6250K .......... .......... .......... .......... ..........  5% 89,7M 2s
  6300K .......... .......... .......... .......... ..........  6%  169M 2s
  6350K .......... .......... .......... .......... ..........  6% 98,4M 2s
  6400K .......... .......... .......... .......... ..........  6% 96,1M 2s
  6450K .......... .......... .......... .......... ..........  6%  164M 2s
  6500K .......... .......... .......... .......... ..........  6%  103M 2s
  6550K .......... .......... .......... .......... ..........  6% 90,9M 2s
  6600K .......... .......... .......... .......... ..........  6% 25,9M 2s
  6650K .......... .......... .......... .......... ..........  6% 91,1M 2s
  6700K .......... .......... .......... .......... ..........  6%  116M 2s
  6750K .......... .......... .......... .......... ..........  6%  105M 2s
  6800K .......... .......... .......... .......... ..........  6%  106M 2s
  6850K .......... .......... .......... .......... ..........  6%  140M 2s
  6900K .......... .......... .......... .......... ..........  6% 99,9M 2s
  6950K .......... .......... .......... .......... ..........  6%  111M 2s
  7000K .......... .......... .......... .......... ..........  6%  140M 2s
  7050K .......... .......... .......... .......... ..........  6%  116M 2s
  7100K .......... .......... .......... .......... ..........  6% 95,8M 2s
  7150K .......... .......... .......... .......... ..........  6%  102M 2s
  7200K .......... .......... .......... .......... ..........  6% 96,8M 2s
  7250K .......... .......... .......... .......... ..........  6%  143M 2s
  7300K .......... .......... .......... .......... ..........  6%  116M 2s
  7350K .......... .......... .......... .......... ..........  7% 85,0M 2s
  7400K .......... .......... .......... .......... ..........  7%  107M 2s
  7450K .......... .......... .......... .......... ..........  7%  126M 2s
  7500K .......... .......... .......... .......... ..........  7%  108M 2s
  7550K .......... .......... .......... .......... ..........  7% 91,2M 2s
  7600K .......... .......... .......... .......... ..........  7% 93,8M 2s
  7650K .......... .......... .......... .......... ..........  7%  141M 2s
  7700K .......... .......... .......... .......... ..........  7%  133M 2s
  7750K .......... .......... .......... .......... ..........  7% 90,7M 2s
  7800K .......... .......... .......... .......... ..........  7%  118M 2s
  7850K .......... .......... .......... .......... ..........  7%  123M 2s
  7900K .......... .......... .......... .......... ..........  7%  103M 2s
  7950K .......... .......... .......... .......... ..........  7%  115M 2s
  8000K .......... .......... .......... .......... ..........  7% 95,0M 2s
  8050K .......... .......... .......... .......... ..........  7%  149M 2s
  8100K .......... .......... .......... .......... ..........  7%  114M 2s
  8150K .......... .......... .......... .......... ..........  7% 83,6M 2s
  8200K .......... .......... .......... .......... ..........  7% 25,6M 2s
  8250K .......... .......... .......... .......... ..........  7%  109M 2s
  8300K .......... .......... .......... .......... ..........  7% 89,0M 2s
  8350K .......... .......... .......... .......... ..........  7%  106M 2s
  8400K .......... .......... .......... .......... ..........  8%  113M 2s
  8450K .......... .......... .......... .......... ..........  8% 96,8M 2s
  8500K .......... .......... .......... .......... ..........  8%  150M 2s
  8550K .......... .......... .......... .......... ..........  8%  106M 2s
  8600K .......... .......... .......... .......... ..........  8% 89,4M 2s
  8650K .......... .......... .......... .......... ..........  8%  155M 2s
  8700K .......... .......... .......... .......... ..........  8% 13,9M 2s
  8750K .......... .......... .......... .......... ..........  8%  128M 2s
  8800K .......... .......... .......... .......... ..........  8%  179M 2s
  8850K .......... .......... .......... .......... ..........  8%  168M 2s
  8900K .......... .......... .......... .......... ..........  8%  173M 2s
  8950K .......... .......... .......... .......... ..........  8%  161M 2s
  9000K .......... .......... .......... .......... ..........  8%  182M 2s
  9050K .......... .......... .......... .......... ..........  8%  173M 2s
  9100K .......... .......... .......... .......... ..........  8%  181M 2s
  9150K .......... .......... .......... .......... ..........  8%  143M 2s
  9200K .......... .......... .......... .......... ..........  8% 10,7M 2s
  9250K .......... .......... .......... .......... ..........  8%  170M 2s
  9300K .......... .......... .......... .......... ..........  8%  179M 2s
  9350K .......... .......... .......... .......... ..........  8%  154M 2s
  9400K .......... .......... .......... .......... ..........  8%  172M 2s
  9450K .......... .......... .......... .......... ..........  8%  180M 2s
  9500K .......... .......... .......... .......... ..........  9%  155M 2s
  9550K .......... .......... .......... .......... ..........  9%  150M 2s
  9600K .......... .......... .......... .......... ..........  9%  187M 2s
  9650K .......... .......... .......... .......... ..........  9%  179M 2s
  9700K .......... .......... .......... .......... ..........  9% 3,66M 2s
  9750K .......... .......... .......... .......... ..........  9%  153M 2s
  9800K .......... .......... .......... .......... ..........  9%  180M 2s
  9850K .......... .......... .......... .......... ..........  9%  160M 2s
  9900K .......... .......... .......... .......... ..........  9%  175M 2s
  9950K .......... .......... .......... .......... ..........  9%  152M 2s
 10000K .......... .......... .......... .......... ..........  9%  172M 2s
 10050K .......... .......... .......... .......... ..........  9%  182M 2s
 10100K .......... .......... .......... .......... ..........  9%  176M 2s
 10150K .......... .......... .......... .......... ..........  9%  150M 2s
 10200K .......... .......... .......... .......... ..........  9% 5,25M 2s
 10250K .......... .......... .......... .......... ..........  9%  202M 2s
 10300K .......... .......... .......... .......... ..........  9%  204M 2s
 10350K .......... .......... .......... .......... ..........  9%  164M 2s
 10400K .......... .......... .......... .......... ..........  9%  200M 2s
 10450K .......... .......... .......... .......... ..........  9%  204M 2s
 10500K .......... .......... .......... .......... ..........  9%  190M 2s
 10550K .......... .......... .......... .......... .......... 10%  155M 2s
 10600K .......... .......... .......... .......... .......... 10%  186M 2s
 10650K .......... .......... .......... .......... .......... 10%  160M 2s
 10700K .......... .......... .......... .......... .......... 10%  179M 2s
 10750K .......... .......... .......... .......... .......... 10% 5,19M 2s
 10800K .......... .......... .......... .......... .......... 10%  203M 2s
 10850K .......... .......... .......... .......... .......... 10%  205M 2s
 10900K .......... .......... .......... .......... .......... 10%  199M 2s
 10950K .......... .......... .......... .......... .......... 10%  181M 2s
 11000K .......... .......... .......... .......... .......... 10%  169M 2s
 11050K .......... .......... .......... .......... .......... 10%  146M 2s
 11100K .......... .......... .......... .......... .......... 10%  138M 2s
 11150K .......... .......... .......... .......... .......... 10%  123M 2s
 11200K .......... .......... .......... .......... .......... 10% 5,22M 2s
 11250K .......... .......... .......... .......... .......... 10%  164M 2s
 11300K .......... .......... .......... .......... .......... 10%  203M 2s
 11350K .......... .......... .......... .......... .......... 10%  183M 2s
 11400K .......... .......... .......... .......... .......... 10%  197M 2s
 11450K .......... .......... .......... .......... .......... 10%  203M 2s
 11500K .......... .......... .......... .......... .......... 10% 33,9M 2s
 11550K .......... .......... .......... .......... .......... 10%  117M 2s
 11600K .......... .......... .......... .......... .......... 11% 6,88M 2s
 11650K .......... .......... .......... .......... .......... 11%  138M 2s
 11700K .......... .......... .......... .......... .......... 11%  140M 2s
 11750K .......... .......... .......... .......... .......... 11%  111M 2s
 11800K .......... .......... .......... .......... .......... 11%  143M 2s
 11850K .......... .......... .......... .......... .......... 11%  136M 2s
 11900K .......... .......... .......... .......... .......... 11%  150M 2s
 11950K .......... .......... .......... .......... .......... 11%  121M 2s
 12000K .......... .......... .......... .......... .......... 11% 4,67M 2s
 12050K .......... .......... .......... .......... .......... 11%  161M 2s
 12100K .......... .......... .......... .......... .......... 11%  140M 2s
 12150K .......... .......... .......... .......... .......... 11%  126M 2s
 12200K .......... .......... .......... .......... .......... 11%  146M 2s
 12250K .......... .......... .......... .......... .......... 11%  141M 2s
 12300K .......... .......... .......... .......... .......... 11%  142M 2s
 12350K .......... .......... .......... .......... .......... 11%  121M 2s
 12400K .......... .......... .......... .......... .......... 11% 5,38M 2s
 12450K .......... .......... .......... .......... .......... 11%  183M 2s
 12500K .......... .......... .......... .......... .......... 11%  199M 2s
 12550K .......... .......... .......... .......... .......... 11%  181M 2s
 12600K .......... .......... .......... .......... .......... 11%  205M 2s
 12650K .......... .......... .......... .......... .......... 12%  196M 2s
 12700K .......... .......... .......... .......... .......... 12%  200M 2s
 12750K .......... .......... .......... .......... .......... 12%  140M 2s
 12800K .......... .......... .......... .......... .......... 12% 9,07M 2s
 12850K .......... .......... .......... .......... .......... 12%  199M 2s
 12900K .......... .......... .......... .......... .......... 12%  201M 2s
 12950K .......... .......... .......... .......... .......... 12%  179M 2s
 13000K .......... .......... .......... .......... .......... 12%  190M 2s
 13050K .......... .......... .......... .......... .......... 12%  201M 2s
 13100K .......... .......... .......... .......... .......... 12%  201M 2s
 13150K .......... .......... .......... .......... .......... 12%  170M 2s
 13200K .......... .......... .......... .......... .......... 12%  195M 2s
 13250K .......... .......... .......... .......... .......... 12%  193M 2s
 13300K .......... .......... .......... .......... .......... 12%  198M 2s
 13350K .......... .......... .......... .......... .......... 12%  183M 2s
 13400K .......... .......... .......... .......... .......... 12% 5,19M 2s
 13450K .......... .......... .......... .......... .......... 12%  136M 2s
 13500K .......... .......... .......... .......... .......... 12%  199M 2s
 13550K .......... .......... .......... .......... .......... 12%  164M 2s
 13600K .......... .......... .......... .......... .......... 12%  166M 2s
 13650K .......... .......... .......... .......... .......... 12%  156M 2s
 13700K .......... .......... .......... .......... .......... 13%  195M 2s
 13750K .......... .......... .......... .......... .......... 13%  178M 2s
 13800K .......... .......... .......... .......... .......... 13%  203M 2s
 13850K .......... .......... .......... .......... .......... 13%  204M 2s
 13900K .......... .......... .......... .......... .......... 13% 4,30M 2s
 13950K .......... .......... .......... .......... .......... 13%  166M 2s
 14000K .......... .......... .......... .......... .......... 13%  189M 2s
 14050K .......... .......... .......... .......... .......... 13%  134M 2s
 14100K .......... .......... .......... .......... .......... 13%  138M 2s
 14150K .......... .......... .......... .......... .......... 13%  130M 2s
 14200K .......... .......... .......... .......... .......... 13%  135M 2s
 14250K .......... .......... .......... .......... .......... 13% 6,15M 2s
 14300K .......... .......... .......... .......... .......... 13%  190M 2s
 14350K .......... .......... .......... .......... .......... 13%  165M 2s
 14400K .......... .......... .......... .......... .......... 13%  203M 2s
 14450K .......... .......... .......... .......... .......... 13%  186M 2s
 14500K .......... .......... .......... .......... .......... 13%  202M 2s
 14550K .......... .......... .......... .......... .......... 13% 16,9M 2s
 14600K .......... .......... .......... .......... .......... 13%  144M 2s
 14650K .......... .......... .......... .......... .......... 13% 19,8M 2s
 14700K .......... .......... .......... .......... .......... 13%  181M 2s
 14750K .......... .......... .......... .......... .......... 14%  166M 2s
 14800K .......... .......... .......... .......... .......... 14%  200M 2s
 14850K .......... .......... .......... .......... .......... 14%  196M 2s
 14900K .......... .......... .......... .......... .......... 14%  204M 2s
 14950K .......... .......... .......... .......... .......... 14%  183M 2s
 15000K .......... .......... .......... .......... .......... 14%  203M 2s
 15050K .......... .......... .......... .......... .......... 14% 7,89M 2s
 15100K .......... .......... .......... .......... .......... 14%  198M 2s
 15150K .......... .......... .......... .......... .......... 14%  171M 2s
 15200K .......... .......... .......... .......... .......... 14%  204M 2s
 15250K .......... .......... .......... .......... .......... 14% 5,75M 2s
 15300K .......... .......... .......... .......... .......... 14%  190M 2s
 15350K .......... .......... .......... .......... .......... 14%  182M 2s
 15400K .......... .......... .......... .......... .......... 14%  152M 2s
 15450K .......... .......... .......... .......... .......... 14%  168M 2s
 15500K .......... .......... .......... .......... .......... 14% 91,7M 2s
 15550K .......... .......... .......... .......... .......... 14%  124M 2s
 15600K .......... .......... .......... .......... .......... 14%  199M 2s
 15650K .......... .......... .......... .......... .......... 14% 26,0M 2s
 15700K .......... .......... .......... .......... .......... 14% 18,4M 2s
 15750K .......... .......... .......... .......... .......... 14%  126M 2s
 15800K .......... .......... .......... .......... .......... 15%  145M 2s
 15850K .......... .......... .......... .......... .......... 15%  194M 2s
 15900K .......... .......... .......... .......... .......... 15%  205M 2s
 15950K .......... .......... .......... .......... .......... 15%  168M 2s
 16000K .......... .......... .......... .......... .......... 15%  199M 2s
 16050K .......... .......... .......... .......... .......... 15% 20,9M 2s
 16100K .......... .......... .......... .......... .......... 15%  200M 2s
 16150K .......... .......... .......... .......... .......... 15%  183M 2s
 16200K .......... .......... .......... .......... .......... 15%  197M 2s
 16250K .......... .......... .......... .......... .......... 15%  201M 2s
 16300K .......... .......... .......... .......... .......... 15%  202M 2s
 16350K .......... .......... .......... .......... .......... 15%  168M 2s
 16400K .......... .......... .......... .......... .......... 15%  186M 2s
 16450K .......... .......... .......... .......... .......... 15%  196M 2s
 16500K .......... .......... .......... .......... .......... 15%  179M 2s
 16550K .......... .......... .......... .......... .......... 15%  173M 2s
 16600K .......... .......... .......... .......... .......... 15% 18,1M 2s
 16650K .......... .......... .......... .......... .......... 15% 26,9M 2s
 16700K .......... .......... .......... .......... .......... 15% 74,6M 2s
 16750K .......... .......... .......... .......... .......... 15%  118M 2s
 16800K .......... .......... .......... .......... .......... 15%  142M 2s
 16850K .......... .......... .......... .......... .......... 16% 99,6M 2s
 16900K .......... .......... .......... .......... .......... 16%  202M 2s
 16950K .......... .......... .......... .......... .......... 16%  128M 2s
 17000K .......... .......... .......... .......... .......... 16%  134M 2s
 17050K .......... .......... .......... .......... .......... 16%  138M 2s
 17100K .......... .......... .......... .......... .......... 16%  185M 2s
 17150K .......... .......... .......... .......... .......... 16%  102M 2s
 17200K .......... .......... .......... .......... .......... 16%  202M 2s
 17250K .......... .......... .......... .......... .......... 16%  205M 2s
 17300K .......... .......... .......... .......... .......... 16%  151M 2s
 17350K .......... .......... .......... .......... .......... 16%  184M 2s
 17400K .......... .......... .......... .......... .......... 16%  205M 2s
 17450K .......... .......... .......... .......... .......... 16%  204M 2s
 17500K .......... .......... .......... .......... .......... 16% 22,7M 2s
 17550K .......... .......... .......... .......... .......... 16%  127M 2s
 17600K .......... .......... .......... .......... .......... 16%  145M 2s
 17650K .......... .......... .......... .......... .......... 16%  136M 2s
 17700K .......... .......... .......... .......... .......... 16%  138M 2s
 17750K .......... .......... .......... .......... .......... 16%  139M 2s
 17800K .......... .......... .......... .......... .......... 16% 9,57M 2s
 17850K .......... .......... .......... .......... .......... 16% 21,8M 2s
 17900K .......... .......... .......... .......... .......... 16%  177M 2s
 17950K .......... .......... .......... .......... .......... 17%  120M 2s
 18000K .......... .......... .......... .......... .......... 17%  166M 2s
 18050K .......... .......... .......... .......... .......... 17%  142M 2s
 18100K .......... .......... .......... .......... .......... 17%  161M 2s
 18150K .......... .......... .......... .......... .......... 17% 11,6M 2s
 18200K .......... .......... .......... .......... .......... 17% 38,0M 2s
 18250K .......... .......... .......... .......... .......... 17% 47,4M 2s
 18300K .......... .......... .......... .......... .......... 17%  201M 2s
 18350K .......... .......... .......... .......... .......... 17%  159M 2s
 18400K .......... .......... .......... .......... .......... 17%  194M 2s
 18450K .......... .......... .......... .......... .......... 17%  200M 2s
 18500K .......... .......... .......... .......... .......... 17%  197M 2s
 18550K .......... .......... .......... .......... .......... 17%  177M 2s
 18600K .......... .......... .......... .......... .......... 17%  193M 2s
 18650K .......... .......... .......... .......... .......... 17%  174M 2s
 18700K .......... .......... .......... .......... .......... 17%  199M 2s
 18750K .......... .......... .......... .......... .......... 17%  164M 2s
 18800K .......... .......... .......... .......... .......... 17%  190M 2s
 18850K .......... .......... .......... .......... .......... 17%  188M 2s
 18900K .......... .......... .......... .......... .......... 17%  199M 2s
 18950K .......... .......... .......... .......... .......... 17%  172M 2s
 19000K .......... .......... .......... .......... .......... 18%  196M 2s
 19050K .......... .......... .......... .......... .......... 18%  175M 2s
 19100K .......... .......... .......... .......... .......... 18%  199M 2s
 19150K .......... .......... .......... .......... .......... 18%  160M 2s
 19200K .......... .......... .......... .......... .......... 18%  195M 2s
 19250K .......... .......... .......... .......... .......... 18%  190M 2s
 19300K .......... .......... .......... .......... .......... 18%  196M 2s
 19350K .......... .......... .......... .......... .......... 18%  168M 2s
 19400K .......... .......... .......... .......... .......... 18%  199M 2s
 19450K .......... .......... .......... .......... .......... 18%  193M 2s
 19500K .......... .......... .......... .......... .......... 18%  198M 2s
 19550K .......... .......... .......... .......... .......... 18%  138M 2s
 19600K .......... .......... .......... .......... .......... 18%  196M 2s
 19650K .......... .......... .......... .......... .......... 18%  198M 2s
 19700K .......... .......... .......... .......... .......... 18%  182M 2s
 19750K .......... .......... .......... .......... .......... 18%  174M 2s
 19800K .......... .......... .......... .......... .......... 18%  197M 2s
 19850K .......... .......... .......... .......... .......... 18%  170M 2s
 19900K .......... .......... .......... .......... .......... 18%  168M 2s
 19950K .......... .......... .......... .......... .......... 18%  164M 2s
 20000K .......... .......... .......... .......... .......... 18%  188M 2s
 20050K .......... .......... .......... .......... .......... 19%  188M 2s
 20100K .......... .......... .......... .......... .......... 19%  190M 2s
 20150K .......... .......... .......... .......... .......... 19%  176M 2s
 20200K .......... .......... .......... .......... .......... 19%  191M 2s
 20250K .......... .......... .......... .......... .......... 19%  189M 2s
 20300K .......... .......... .......... .......... .......... 19%  181M 2s
 20350K .......... .......... .......... .......... .......... 19%  168M 2s
 20400K .......... .......... .......... .......... .......... 19%  200M 2s
 20450K .......... .......... .......... .......... .......... 19%  193M 2s
 20500K .......... .......... .......... .......... .......... 19%  177M 2s
 20550K .......... .......... .......... .......... .......... 19%  172M 2s
 20600K .......... .......... .......... .......... .......... 19%  190M 2s
 20650K .......... .......... .......... .......... .......... 19%  192M 2s
 20700K .......... .......... .......... .......... .......... 19%  192M 2s
 20750K .......... .......... .......... .......... .......... 19%  163M 2s
 20800K .......... .......... .......... .......... .......... 19%  195M 2s
 20850K .......... .......... .......... .......... .......... 19%  190M 2s
 20900K .......... .......... .......... .......... .......... 19%  199M 2s
 20950K .......... .......... .......... .......... .......... 19%  162M 2s
 21000K .......... .......... .......... .......... .......... 19%  179M 2s
 21050K .......... .......... .......... .......... .......... 19%  192M 2s
 21100K .......... .......... .......... .......... .......... 20%  193M 2s
 21150K .......... .......... .......... .......... .......... 20%  165M 2s
 21200K .......... .......... .......... .......... .......... 20%  188M 2s
 21250K .......... .......... .......... .......... .......... 20%  180M 2s
 21300K .......... .......... .......... .......... .......... 20%  195M 2s
 21350K .......... .......... .......... .......... .......... 20%  175M 2s
 21400K .......... .......... .......... .......... .......... 20%  184M 2s
 21450K .......... .......... .......... .......... .......... 20%  198M 2s
 21500K .......... .......... .......... .......... .......... 20%  193M 2s
 21550K .......... .......... .......... .......... .......... 20%  161M 1s
 21600K .......... .......... .......... .......... .......... 20%  190M 1s
 21650K .......... .......... .......... .......... .......... 20%  192M 1s
 21700K .......... .......... .......... .......... .......... 20%  198M 1s
 21750K .......... .......... .......... .......... .......... 20%  176M 1s
 21800K .......... .......... .......... .......... .......... 20%  179M 1s
 21850K .......... .......... .......... .......... .......... 20%  189M 1s
 21900K .......... .......... .......... .......... .......... 20%  191M 1s
 21950K .......... .......... .......... .......... .......... 20%  152M 1s
 22000K .......... .......... .......... .......... .......... 20%  184M 1s
 22050K .......... .......... .......... .......... .......... 20%  183M 1s
 22100K .......... .......... .......... .......... .......... 20%  187M 1s
 22150K .......... .......... .......... .......... .......... 21%  170M 1s
 22200K .......... .......... .......... .......... .......... 21%  187M 1s
 22250K .......... .......... .......... .......... .......... 21%  182M 1s
 22300K .......... .......... .......... .......... .......... 21%  192M 1s
 22350K .......... .......... .......... .......... .......... 21%  147M 1s
 22400K .......... .......... .......... .......... .......... 21%  186M 1s
 22450K .......... .......... .......... .......... .......... 21%  182M 1s
 22500K .......... .......... .......... .......... .......... 21%  179M 1s
 22550K .......... .......... .......... .......... .......... 21%  175M 1s
 22600K .......... .......... .......... .......... .......... 21%  192M 1s
 22650K .......... .......... .......... .......... .......... 21%  178M 1s
 22700K .......... .......... .......... .......... .......... 21%  187M 1s
 22750K .......... .......... .......... .......... .......... 21%  140M 1s
 22800K .......... .......... .......... .......... .......... 21%  185M 1s
 22850K .......... .......... .......... .......... .......... 21%  185M 1s
 22900K .......... .......... .......... .......... .......... 21%  178M 1s
 22950K .......... .......... .......... .......... .......... 21%  167M 1s
 23000K .......... .......... .......... .......... .......... 21%  195M 1s
 23050K .......... .......... .......... .......... .......... 21%  178M 1s
 23100K .......... .......... .......... .......... .......... 21%  187M 1s
 23150K .......... .......... .......... .......... .......... 21%  154M 1s
 23200K .......... .......... .......... .......... .......... 22%  193M 1s
 23250K .......... .......... .......... .......... .......... 22%  191M 1s
 23300K .......... .......... .......... .......... .......... 22%  199M 1s
 23350K .......... .......... .......... .......... .......... 22%  171M 1s
 23400K .......... .......... .......... .......... .......... 22% 83,4M 1s
 23450K .......... .......... .......... .......... .......... 22%  166M 1s
 23500K .......... .......... .......... .......... .......... 22% 71,0M 1s
 23550K .......... .......... .......... .......... .......... 22% 69,6M 1s
 23600K .......... .......... .......... .......... .......... 22% 72,6M 1s
 23650K .......... .......... .......... .......... .......... 22% 72,7M 1s
 23700K .......... .......... .......... .......... .......... 22% 81,5M 1s
 23750K .......... .......... .......... .......... .......... 22%  109M 1s
 23800K .......... .......... .......... .......... .......... 22% 71,5M 1s
 23850K .......... .......... .......... .......... .......... 22% 82,2M 1s
 23900K .......... .......... .......... .......... .......... 22% 70,4M 1s
 23950K .......... .......... .......... .......... .......... 22% 70,9M 1s
 24000K .......... .......... .......... .......... .......... 22%  108M 1s
 24050K .......... .......... .......... .......... .......... 22% 76,0M 1s
 24100K .......... .......... .......... .......... .......... 22% 75,8M 1s
 24150K .......... .......... .......... .......... .......... 22% 69,0M 1s
 24200K .......... .......... .......... .......... .......... 22% 77,2M 1s
 24250K .......... .......... .......... .......... .......... 23%  123M 1s
 24300K .......... .......... .......... .......... .......... 23% 79,4M 1s
 24350K .......... .......... .......... .......... .......... 23% 52,7M 1s
 24400K .......... .......... .......... .......... .......... 23% 96,8M 1s
 24450K .......... .......... .......... .......... .......... 23% 77,3M 1s
 24500K .......... .......... .......... .......... .......... 23%  116M 1s
 24550K .......... .......... .......... .......... .......... 23% 75,5M 1s
 24600K .......... .......... .......... .......... .......... 23% 75,4M 1s
 24650K .......... .......... .......... .......... .......... 23% 74,3M 1s
 24700K .......... .......... .......... .......... .......... 23% 78,7M 1s
 24750K .......... .......... .......... .......... .......... 23% 62,4M 1s
 24800K .......... .......... .......... .......... .......... 23%  115M 1s
 24850K .......... .......... .......... .......... .......... 23% 78,7M 1s
 24900K .......... .......... .......... .......... .......... 23% 75,1M 1s
 24950K .......... .......... .......... .......... .......... 23% 76,0M 1s
 25000K .......... .......... .......... .......... .......... 23%  115M 1s
 25050K .......... .......... .......... .......... .......... 23% 72,6M 1s
 25100K .......... .......... .......... .......... .......... 23% 74,6M 1s
 25150K .......... .......... .......... .......... .......... 23% 65,7M 1s
 25200K .......... .......... .......... .......... .......... 23% 72,9M 1s
 25250K .......... .......... .......... .......... .......... 23%  135M 1s
 25300K .......... .......... .......... .......... .......... 24% 77,7M 1s
 25350K .......... .......... .......... .......... .......... 24% 66,9M 1s
 25400K .......... .......... .......... .......... .......... 24% 77,8M 1s
 25450K .......... .......... .......... .......... .......... 24% 74,8M 1s
 25500K .......... .......... .......... .......... .......... 24%  128M 1s
 25550K .......... .......... .......... .......... .......... 24% 61,2M 1s
 25600K .......... .......... .......... .......... .......... 24% 80,0M 1s
 25650K .......... .......... .......... .......... .......... 24% 79,6M 1s
 25700K .......... .......... .......... .......... .......... 24% 73,6M 1s
 25750K .......... .......... .......... .......... .......... 24%  105M 1s
 25800K .......... .......... .......... .......... .......... 24% 76,9M 1s
 25850K .......... .......... .......... .......... .......... 24% 72,6M 1s
 25900K .......... .......... .......... .......... .......... 24% 76,6M 1s
 25950K .......... .......... .......... .......... .......... 24% 69,6M 1s
 26000K .......... .......... .......... .......... .......... 24% 74,6M 1s
 26050K .......... .......... .......... .......... .......... 24%  112M 1s
 26100K .......... .......... .......... .......... .......... 24% 79,4M 1s
 26150K .......... .......... .......... .......... .......... 24% 70,4M 1s
 26200K .......... .......... .......... .......... .......... 24% 73,4M 1s
 26250K .......... .......... .......... .......... .......... 24%  128M 1s
 26300K .......... .......... .......... .......... .......... 24% 73,7M 1s
 26350K .......... .......... .......... .......... .......... 25% 65,1M 1s
 26400K .......... .......... .......... .......... .......... 25% 76,2M 1s
 26450K .......... .......... .......... .......... .......... 25% 76,2M 1s
 26500K .......... .......... .......... .......... .......... 25% 80,5M 1s
 26550K .......... .......... .......... .......... .......... 25% 94,1M 1s
 26600K .......... .......... .......... .......... .......... 25% 77,5M 1s
 26650K .......... .......... .......... .......... .......... 25% 75,1M 1s
 26700K .......... .......... .......... .......... .......... 25% 82,5M 1s
 26750K .......... .......... .......... .......... .......... 25% 61,3M 1s
 26800K .......... .......... .......... .......... .......... 25%  134M 1s
 26850K .......... .......... .......... .......... .......... 25% 76,4M 1s
 26900K .......... .......... .......... .......... .......... 25% 65,9M 1s
 26950K .......... .......... .......... .......... .......... 25% 80,0M 1s
 27000K .......... .......... .......... .......... .......... 25%  122M 1s
 27050K .......... .......... .......... .......... .......... 25% 74,4M 1s
 27100K .......... .......... .......... .......... .......... 25% 72,9M 1s
 27150K .......... .......... .......... .......... .......... 25% 65,6M 1s
 27200K .......... .......... .......... .......... .......... 25% 72,4M 1s
 27250K .......... .......... .......... .......... .......... 25% 85,1M 1s
 27300K .......... .......... .......... .......... .......... 25%  118M 1s
 27350K .......... .......... .......... .......... .......... 25% 69,6M 1s
 27400K .......... .......... .......... .......... .......... 25% 79,9M 1s
 27450K .......... .......... .......... .......... .......... 26% 70,8M 1s
 27500K .......... .......... .......... .......... .......... 26%  115M 1s
 27550K .......... .......... .......... .......... .......... 26% 68,2M 1s
 27600K .......... .......... .......... .......... .......... 26% 72,7M 1s
 27650K .......... .......... .......... .......... .......... 26% 77,1M 1s
 27700K .......... .......... .......... .......... .......... 26% 81,5M 1s
 27750K .......... .......... .......... .......... .......... 26% 68,7M 1s
 27800K .......... .......... .......... .......... .......... 26%  114M 1s
 27850K .......... .......... .......... .......... .......... 26% 76,6M 1s
 27900K .......... .......... .......... .......... .......... 26% 73,0M 1s
 27950K .......... .......... .......... .......... .......... 26% 64,7M 1s
 28000K .......... .......... .......... .......... .......... 26% 81,8M 1s
 28050K .......... .......... .......... .......... .......... 26%  116M 1s
 28100K .......... .......... .......... .......... .......... 26%  104M 1s
 28150K .......... .......... .......... .......... .......... 26% 82,5M 1s
 28200K .......... .......... .......... .......... .......... 26%  103M 1s
 28250K .......... .......... .......... .......... .......... 26%  142M 1s
 28300K .......... .......... .......... .......... .......... 26% 98,5M 1s
 28350K .......... .......... .......... .......... .......... 26% 73,6M 1s
 28400K .......... .......... .......... .......... .......... 26%  112M 1s
 28450K .......... .......... .......... .......... .......... 26% 98,3M 1s
 28500K .......... .......... .......... .......... .......... 27% 97,2M 1s
 28550K .......... .......... .......... .......... .......... 27%  102M 1s
 28600K .......... .......... .......... .......... .......... 27%  116M 1s
 28650K .......... .......... .......... .......... .......... 27%  102M 1s
 28700K .......... .......... .......... .......... .......... 27% 89,6M 1s
 28750K .......... .......... .......... .......... .......... 27% 91,8M 1s
 28800K .......... .......... .......... .......... .......... 27%  105M 1s
 28850K .......... .......... .......... .......... .......... 27%  104M 1s
 28900K .......... .......... .......... .......... .......... 27% 93,7M 1s
 28950K .......... .......... .......... .......... .......... 27% 97,3M 1s
 29000K .......... .......... .......... .......... .......... 27%  103M 1s
 29050K .......... .......... .......... .......... .......... 27%  118M 1s
 29100K .......... .......... .......... .......... .......... 27% 94,2M 1s
 29150K .......... .......... .......... .......... .......... 27% 82,0M 1s
 29200K .......... .......... .......... .......... .......... 27%  103M 1s
 29250K .......... .......... .......... .......... .......... 27%  104M 1s
 29300K .......... .......... .......... .......... .......... 27%  106M 1s
 29350K .......... .......... .......... .......... .......... 27%  109M 1s
 29400K .......... .......... .......... .......... .......... 27% 92,4M 1s
 29450K .......... .......... .......... .......... .......... 27% 54,0M 1s
 29500K .......... .......... .......... .......... .......... 27% 59,6M 1s
 29550K .......... .......... .......... .......... .......... 28% 50,6M 1s
 29600K .......... .......... .......... .......... .......... 28% 56,7M 1s
 29650K .......... .......... .......... .......... .......... 28% 56,2M 1s
 29700K .......... .......... .......... .......... .......... 28%  116M 1s
 29750K .......... .......... .......... .......... .......... 28% 54,6M 1s
 29800K .......... .......... .......... .......... .......... 28% 56,9M 1s
 29850K .......... .......... .......... .......... .......... 28% 77,3M 1s
 29900K .......... .......... .......... .......... .......... 28%  117M 1s
 29950K .......... .......... .......... .......... .......... 28% 69,6M 1s
 30000K .......... .......... .......... .......... .......... 28% 88,1M 1s
 30050K .......... .......... .......... .......... .......... 28% 91,8M 1s
 30100K .......... .......... .......... .......... .......... 28% 82,0M 1s
 30150K .......... .......... .......... .......... .......... 28% 88,3M 1s
 30200K .......... .......... .......... .......... .......... 28%  119M 1s
 30250K .......... .......... .......... .......... .......... 28% 85,7M 1s
 30300K .......... .......... .......... .......... .......... 28% 85,2M 1s
 30350K .......... .......... .......... .......... .......... 28% 82,0M 1s
 30400K .......... .......... .......... .......... .......... 28% 85,1M 1s
 30450K .......... .......... .......... .......... .......... 28%  133M 1s
 30500K .......... .......... .......... .......... .......... 28% 94,1M 1s
 30550K .......... .......... .......... .......... .......... 28% 85,8M 1s
 30600K .......... .......... .......... .......... .......... 29% 98,3M 1s
 30650K .......... .......... .......... .......... .......... 29%  117M 1s
 30700K .......... .......... .......... .......... .......... 29% 91,8M 1s
 30750K .......... .......... .......... .......... .......... 29% 82,6M 1s
 30800K .......... .......... .......... .......... .......... 29% 91,1M 1s
 30850K .......... .......... .......... .......... .......... 29%  103M 1s
 30900K .......... .......... .......... .......... .......... 29% 93,4M 1s
 30950K .......... .......... .......... .......... .......... 29%  110M 1s
 31000K .......... .......... .......... .......... .......... 29% 91,2M 1s
 31050K .......... .......... .......... .......... .......... 29%  103M 1s
 31100K .......... .......... .......... .......... .......... 29% 89,8M 1s
 31150K .......... .......... .......... .......... .......... 29% 80,0M 1s
 31200K .......... .......... .......... .......... .......... 29%  117M 1s
 31250K .......... .......... .......... .......... .......... 29% 84,9M 1s
 31300K .......... .......... .......... .......... .......... 29%  105M 1s
 31350K .......... .......... .......... .......... .......... 29%  110M 1s
 31400K .......... .......... .......... .......... .......... 29% 91,3M 1s
 31450K .......... .......... .......... .......... .......... 29% 79,5M 1s
 31500K .......... .......... .......... .......... .......... 29%  122M 1s
 31550K .......... .......... .......... .......... .......... 29% 82,0M 1s
 31600K .......... .......... .......... .......... .......... 29% 93,2M 1s
 31650K .......... .......... .......... .......... .......... 30%  119M 1s
 31700K .......... .......... .......... .......... .......... 30% 90,5M 1s
 31750K .......... .......... .......... .......... .......... 30% 95,9M 1s
 31800K .......... .......... .......... .......... .......... 30%  101M 1s
 31850K .......... .......... .......... .......... .......... 30% 91,0M 1s
 31900K .......... .......... .......... .......... .......... 30%  115M 1s
 31950K .......... .......... .......... .......... .......... 30% 76,1M 1s
 32000K .......... .......... .......... .......... .......... 30% 93,7M 1s
 32050K .......... .......... .......... .......... .......... 30%  105M 1s
 32100K .......... .......... .......... .......... .......... 30%  112M 1s
 32150K .......... .......... .......... .......... .......... 30% 86,0M 1s
 32200K .......... .......... .......... .......... .......... 30% 92,2M 1s
 32250K .......... .......... .......... .......... .......... 30%  104M 1s
 32300K .......... .......... .......... .......... .......... 30%  102M 1s
 32350K .......... .......... .......... .......... .......... 30% 84,9M 1s
 32400K .......... .......... .......... .......... .......... 30% 94,0M 1s
 32450K .......... .......... .......... .......... .......... 30%  105M 1s
 32500K .......... .......... .......... .......... .......... 30%  106M 1s
 32550K .......... .......... .......... .......... .......... 30% 82,8M 1s
 32600K .......... .......... .......... .......... .......... 30% 93,5M 1s
 32650K .......... .......... .......... .......... .......... 30%  105M 1s
 32700K .......... .......... .......... .......... .......... 31%  104M 1s
 32750K .......... .......... .......... .......... .......... 31% 84,0M 1s
 32800K .......... .......... .......... .......... .......... 31% 94,0M 1s
 32850K .......... .......... .......... .......... .......... 31% 93,1M 1s
 32900K .......... .......... .......... .......... .......... 31%  112M 1s
 32950K .......... .......... .......... .......... .......... 31% 93,2M 1s
 33000K .......... .......... .......... .......... .......... 31%  104M 1s
 33050K .......... .......... .......... .......... .......... 31%  103M 1s
 33100K .......... .......... .......... .......... .......... 31% 92,4M 1s
 33150K .......... .......... .......... .......... .......... 31% 77,1M 1s
 33200K .......... .......... .......... .......... .......... 31%  103M 1s
 33250K .......... .......... .......... .......... .......... 31%  108M 1s
 33300K .......... .......... .......... .......... .......... 31%  104M 1s
 33350K .......... .......... .......... .......... .......... 31% 85,0M 1s
 33400K .......... .......... .......... .......... .......... 31% 93,2M 1s
 33450K .......... .......... .......... .......... .......... 31%  107M 1s
 33500K .......... .......... .......... .......... .......... 31%  106M 1s
 33550K .......... .......... .......... .......... .......... 31% 83,1M 1s
 33600K .......... .......... .......... .......... .......... 31% 91,2M 1s
 33650K .......... .......... .......... .......... .......... 31%  102M 1s
 33700K .......... .......... .......... .......... .......... 31% 95,4M 1s
 33750K .......... .......... .......... .......... .......... 32%  110M 1s
 33800K .......... .......... .......... .......... .......... 32%  102M 1s
 33850K .......... .......... .......... .......... .......... 32%  106M 1s
 33900K .......... .......... .......... .......... .......... 32% 92,7M 1s
 33950K .......... .......... .......... .......... .......... 32% 73,1M 1s
 34000K .......... .......... .......... .......... .......... 32%  110M 1s
 34050K .......... .......... .......... .......... .......... 32% 96,9M 1s
 34100K .......... .......... .......... .......... .......... 32% 92,5M 1s
 34150K .......... .......... .......... .......... .......... 32%  109M 1s
 34200K .......... .......... .......... .......... .......... 32% 88,6M 1s
 34250K .......... .......... .......... .......... .......... 32%  110M 1s
 34300K .......... .......... .......... .......... .......... 32% 88,4M 1s
 34350K .......... .......... .......... .......... .......... 32% 81,2M 1s
 34400K .......... .......... .......... .......... .......... 32%  106M 1s
 34450K .......... .......... .......... .......... .......... 32%  103M 1s
 34500K .......... .......... .......... .......... .......... 32% 92,0M 1s
 34550K .......... .......... .......... .......... .......... 32% 97,0M 1s
 34600K .......... .......... .......... .......... .......... 32%  107M 1s
 34650K .......... .......... .......... .......... .......... 32%  101M 1s
 34700K .......... .......... .......... .......... .......... 32% 90,1M 1s
 34750K .......... .......... .......... .......... .......... 32% 84,3M 1s
 34800K .......... .......... .......... .......... .......... 33%  113M 1s
 34850K .......... .......... .......... .......... .......... 33%  104M 1s
 34900K .......... .......... .......... .......... .......... 33% 94,5M 1s
 34950K .......... .......... .......... .......... .......... 33% 81,7M 1s
 35000K .......... .......... .......... .......... .......... 33%  129M 1s
 35050K .......... .......... .......... .......... .......... 33%  101M 1s
 35100K .......... .......... .......... .......... .......... 33% 93,3M 1s
 35150K .......... .......... .......... .......... .......... 33% 81,9M 1s
 35200K .......... .......... .......... .......... .......... 33% 93,9M 1s
 35250K .......... .......... .......... .......... .......... 33%  103M 1s
 35300K .......... .......... .......... .......... .......... 33%  107M 1s
 35350K .......... .......... .......... .......... .......... 33% 90,1M 1s
 35400K .......... .......... .......... .......... .......... 33% 99,3M 1s
 35450K .......... .......... .......... .......... .......... 33% 95,3M 1s
 35500K .......... .......... .......... .......... .......... 33% 87,8M 1s
 35550K .......... .......... .......... .......... .......... 33% 88,7M 1s
 35600K .......... .......... .......... .......... .......... 33%  106M 1s
 35650K .......... .......... .......... .......... .......... 33% 94,1M 1s
 35700K .......... .......... .......... .......... .......... 33%  102M 1s
 35750K .......... .......... .......... .......... .......... 33%  105M 1s
 35800K .......... .......... .......... .......... .......... 33%  105M 1s
 35850K .......... .......... .......... .......... .......... 33% 85,6M 1s
 35900K .......... .......... .......... .......... .......... 34%  104M 1s
 35950K .......... .......... .......... .......... .......... 34% 84,9M 1s
 36000K .......... .......... .......... .......... .......... 34%  101M 1s
 36050K .......... .......... .......... .......... .......... 34%  114M 1s
 36100K .......... .......... .......... .......... .......... 34% 92,6M 1s
 36150K .......... .......... .......... .......... .......... 34% 92,6M 1s
 36200K .......... .......... .......... .......... .......... 34%  107M 1s
 36250K .......... .......... .......... .......... .......... 34% 85,9M 1s
 36300K .......... .......... .......... .......... .......... 34%  108M 1s
 36350K .......... .......... .......... .......... .......... 34% 95,4M 1s
 36400K .......... .......... .......... .......... .......... 34% 96,6M 1s
 36450K .......... .......... .......... .......... .......... 34%  104M 1s
 36500K .......... .......... .......... .......... .......... 34% 92,7M 1s
 36550K .......... .......... .......... .......... .......... 34% 88,5M 1s
 36600K .......... .......... .......... .......... .......... 34%  118M 1s
 36650K .......... .......... .......... .......... .......... 34%  100M 1s
 36700K .......... .......... .......... .......... .......... 34%  104M 1s
 36750K .......... .......... .......... .......... .......... 34% 75,9M 1s
 36800K .......... .......... .......... .......... .......... 34% 92,7M 1s
 36850K .......... .......... .......... .......... .......... 34%  136M 1s
 36900K .......... .......... .......... .......... .......... 34% 78,6M 1s
 36950K .......... .......... .......... .......... .......... 35%  107M 1s
 37000K .......... .......... .......... .......... .......... 35% 94,4M 1s
 37050K .......... .......... .......... .......... .......... 35%  116M 1s
 37100K .......... .......... .......... .......... .......... 35%  103M 1s
 37150K .......... .......... .......... .......... .......... 35% 76,0M 1s
 37200K .......... .......... .......... .......... .......... 35%  103M 1s
 37250K .......... .......... .......... .......... .......... 35%  104M 1s
 37300K .......... .......... .......... .......... .......... 35%  104M 1s
 37350K .......... .......... .......... .......... .......... 35% 88,7M 1s
 37400K .......... .......... .......... .......... .......... 35%  119M 1s
 37450K .......... .......... .......... .......... .......... 35% 93,0M 1s
 37500K .......... .......... .......... .......... .......... 35%  118M 1s
 37550K .......... .......... .......... .......... .......... 35% 88,2M 1s
 37600K .......... .......... .......... .......... .......... 35%  120M 1s
 37650K .......... .......... .......... .......... .......... 35% 67,8M 1s
 37700K .......... .......... .......... .......... .......... 35%  118M 1s
 37750K .......... .......... .......... .......... .......... 35%  110M 1s
 37800K .......... .......... .......... .......... .......... 35%  116M 1s
 37850K .......... .......... .......... .......... .......... 35% 68,7M 1s
 37900K .......... .......... .......... .......... .......... 35%  124M 1s
 37950K .......... .......... .......... .......... .......... 35% 85,4M 1s
 38000K .......... .......... .......... .......... .......... 36%  121M 1s
 38050K .......... .......... .......... .......... .......... 36%  116M 1s
 38100K .......... .......... .......... .......... .......... 36% 70,7M 1s
 38150K .......... .......... .......... .......... .......... 36%  107M 1s
 38200K .......... .......... .......... .......... .......... 36%  115M 1s
 38250K .......... .......... .......... .......... .......... 36%  112M 1s
 38300K .......... .......... .......... .......... .......... 36%  116M 1s
 38350K .......... .......... .......... .......... .......... 36% 89,3M 1s
 38400K .......... .......... .......... .......... .......... 36%  114M 1s
 38450K .......... .......... .......... .......... .......... 36%  111M 1s
 38500K .......... .......... .......... .......... .......... 36% 51,7M 1s
 38550K .......... .......... .......... .......... .......... 36%  109M 1s
 38600K .......... .......... .......... .......... .......... 36%  120M 1s
 38650K .......... .......... .......... .......... .......... 36%  113M 1s
 38700K .......... .......... .......... .......... .......... 36% 74,2M 1s
 38750K .......... .......... .......... .......... .......... 36% 83,0M 1s
 38800K .......... .......... .......... .......... .......... 36%  114M 1s
 38850K .......... .......... .......... .......... .......... 36% 92,1M 1s
 38900K .......... .......... .......... .......... .......... 36%  103M 1s
 38950K .......... .......... .......... .......... .......... 36% 96,3M 1s
 39000K .......... .......... .......... .......... .......... 36% 91,7M 1s
 39050K .......... .......... .......... .......... .......... 37%  129M 1s
 39100K .......... .......... .......... .......... .......... 37% 97,5M 1s
 39150K .......... .......... .......... .......... .......... 37% 79,0M 1s
 39200K .......... .......... .......... .......... .......... 37% 92,3M 1s
 39250K .......... .......... .......... .......... .......... 37%  116M 1s
 39300K .......... .......... .......... .......... .......... 37%  108M 1s
 39350K .......... .......... .......... .......... .......... 37% 93,3M 1s
 39400K .......... .......... .......... .......... .......... 37%  106M 1s
 39450K .......... .......... .......... .......... .......... 37% 75,2M 1s
 39500K .......... .......... .......... .......... .......... 37%  114M 1s
 39550K .......... .......... .......... .......... .......... 37% 86,2M 1s
 39600K .......... .......... .......... .......... .......... 37%  114M 1s
 39650K .......... .......... .......... .......... .......... 37%  105M 1s
 39700K .......... .......... .......... .......... .......... 37% 90,1M 1s
 39750K .......... .......... .......... .......... .......... 37% 97,7M 1s
 39800K .......... .......... .......... .......... .......... 37%  116M 1s
 39850K .......... .......... .......... .......... .......... 37% 83,5M 1s
 39900K .......... .......... .......... .......... .......... 37%  139M 1s
 39950K .......... .......... .......... .......... .......... 37% 61,6M 1s
 40000K .......... .......... .......... .......... .......... 37%  101M 1s
 40050K .......... .......... .......... .......... .......... 37%  100M 1s
 40100K .......... .......... .......... .......... .......... 38%  123M 1s
 40150K .......... .......... .......... .......... .......... 38% 85,1M 1s
 40200K .......... .......... .......... .......... .......... 38% 85,3M 1s
 40250K .......... .......... .......... .......... .......... 38%  112M 1s
 40300K .......... .......... .......... .......... .......... 38% 99,5M 1s
 40350K .......... .......... .......... .......... .......... 38% 83,4M 1s
 40400K .......... .......... .......... .......... .......... 38% 91,7M 1s
 40450K .......... .......... .......... .......... .......... 38%  102M 1s
 40500K .......... .......... .......... .......... .......... 38%  118M 1s
 40550K .......... .......... .......... .......... .......... 38% 98,3M 1s
 40600K .......... .......... .......... .......... .......... 38%  102M 1s
 40650K .......... .......... .......... .......... .......... 38%  103M 1s
 40700K .......... .......... .......... .......... .......... 38%  104M 1s
 40750K .......... .......... .......... .......... .......... 38% 68,5M 1s
 40800K .......... .......... .......... .......... .......... 38%  116M 1s
 40850K .......... .......... .......... .......... .......... 38%  105M 1s
 40900K .......... .......... .......... .......... .......... 38%  101M 1s
 40950K .......... .......... .......... .......... .......... 38%  109M 1s
 41000K .......... .......... .......... .......... .......... 38% 82,7M 1s
 41050K .......... .......... .......... .......... .......... 38%  108M 1s
 41100K .......... .......... .......... .......... .......... 38%  117M 1s
 41150K .......... .......... .......... .......... .......... 39% 81,7M 1s
 41200K .......... .......... .......... .......... .......... 39%  101M 1s
 41250K .......... .......... .......... .......... .......... 39%  109M 1s
 41300K .......... .......... .......... .......... .......... 39%  117M 1s
 41350K .......... .......... .......... .......... .......... 39% 88,0M 1s
 41400K .......... .......... .......... .......... .......... 39% 65,8M 1s
 41450K .......... .......... .......... .......... .......... 39%  120M 1s
 41500K .......... .......... .......... .......... .......... 39% 99,2M 1s
 41550K .......... .......... .......... .......... .......... 39% 88,5M 1s
 41600K .......... .......... .......... .......... .......... 39%  107M 1s
 41650K .......... .......... .......... .......... .......... 39% 95,1M 1s
 41700K .......... .......... .......... .......... .......... 39%  104M 1s
 41750K .......... .......... .......... .......... .......... 39% 78,8M 1s
 41800K .......... .......... .......... .......... .......... 39%  118M 1s
 41850K .......... .......... .......... .......... .......... 39%  105M 1s
 41900K .......... .......... .......... .......... .......... 39% 98,0M 1s
 41950K .......... .......... .......... .......... .......... 39% 71,0M 1s
 42000K .......... .......... .......... .......... .......... 39%  114M 1s
 42050K .......... .......... .......... .......... .......... 39%  120M 1s
 42100K .......... .......... .......... .......... .......... 39%  104M 1s
 42150K .......... .......... .......... .......... .......... 39% 87,5M 1s
 42200K .......... .......... .......... .......... .......... 40% 73,1M 1s
 42250K .......... .......... .......... .......... .......... 40%  117M 1s
 42300K .......... .......... .......... .......... .......... 40%  139M 1s
 42350K .......... .......... .......... .......... .......... 40% 77,8M 1s
 42400K .......... .......... .......... .......... .......... 40%  115M 1s
 42450K .......... .......... .......... .......... .......... 40%  102M 1s
 42500K .......... .......... .......... .......... .......... 40%  114M 1s
 42550K .......... .......... .......... .......... .......... 40% 82,3M 1s
 42600K .......... .......... .......... .......... .......... 40%  119M 1s
 42650K .......... .......... .......... .......... .......... 40%  104M 1s
 42700K .......... .......... .......... .......... .......... 40%  102M 1s
 42750K .......... .......... .......... .......... .......... 40% 56,1M 1s
 42800K .......... .......... .......... .......... .......... 40%  116M 1s
 42850K .......... .......... .......... .......... .......... 40% 94,5M 1s
 42900K .......... .......... .......... .......... .......... 40%  102M 1s
 42950K .......... .......... .......... .......... .......... 40%  106M 1s
 43000K .......... .......... .......... .......... .......... 40%  106M 1s
 43050K .......... .......... .......... .......... .......... 40% 89,1M 1s
 43100K .......... .......... .......... .......... .......... 40%  116M 1s
 43150K .......... .......... .......... .......... .......... 40% 85,7M 1s
 43200K .......... .......... .......... .......... .......... 40%  113M 1s
 43250K .......... .......... .......... .......... .......... 41% 95,6M 1s
 43300K .......... .......... .......... .......... .......... 41% 73,3M 1s
 43350K .......... .......... .......... .......... .......... 41%  110M 1s
 43400K .......... .......... .......... .......... .......... 41%  116M 1s
 43450K .......... .......... .......... .......... .......... 41% 95,8M 1s
 43500K .......... .......... .......... .......... .......... 41%  108M 1s
 43550K .......... .......... .......... .......... .......... 41% 73,7M 1s
 43600K .......... .......... .......... .......... .......... 41%  110M 1s
 43650K .......... .......... .......... .......... .......... 41%  103M 1s
 43700K .......... .......... .......... .......... .......... 41%  106M 1s
 43750K .......... .......... .......... .......... .......... 41% 97,3M 1s
 43800K .......... .......... .......... .......... .......... 41% 86,6M 1s
 43850K .......... .......... .......... .......... .......... 41%  118M 1s
 43900K .......... .......... .......... .......... .......... 41% 97,8M 1s
 43950K .......... .......... .......... .......... .......... 41% 91,6M 1s
 44000K .......... .......... .......... .......... .......... 41%  105M 1s
 44050K .......... .......... .......... .......... .......... 41%  108M 1s
 44100K .......... .......... .......... .......... .......... 41%  109M 1s
 44150K .......... .......... .......... .......... .......... 41% 75,2M 1s
 44200K .......... .......... .......... .......... .......... 41%  124M 1s
 44250K .......... .......... .......... .......... .......... 41% 68,3M 1s
 44300K .......... .......... .......... .......... .......... 42%  104M 1s
 44350K .......... .......... .......... .......... .......... 42% 95,3M 1s
 44400K .......... .......... .......... .......... .......... 42%  104M 1s
 44450K .......... .......... .......... .......... .......... 42%  117M 1s
 44500K .......... .......... .......... .......... .......... 42% 91,3M 1s
 44550K .......... .......... .......... .......... .......... 42%  109M 1s
 44600K .......... .......... .......... .......... .......... 42%  105M 1s
 44650K .......... .......... .......... .......... .......... 42%  101M 1s
 44700K .......... .......... .......... .......... .......... 42%  107M 1s
 44750K .......... .......... .......... .......... .......... 42% 59,6M 1s
 44800K .......... .......... .......... .......... .......... 42% 98,0M 1s
 44850K .......... .......... .......... .......... .......... 42%  109M 1s
 44900K .......... .......... .......... .......... .......... 42%  120M 1s
 44950K .......... .......... .......... .......... .......... 42% 98,6M 1s
 45000K .......... .......... .......... .......... .......... 42%  100M 1s
 45050K .......... .......... .......... .......... .......... 42%  106M 1s
 45100K .......... .......... .......... .......... .......... 42% 97,7M 1s
 45150K .......... .......... .......... .......... .......... 42% 64,2M 1s
 45200K .......... .......... .......... .......... .......... 42%  117M 1s
 45250K .......... .......... .......... .......... .......... 42%  116M 1s
 45300K .......... .......... .......... .......... .......... 42%  106M 1s
 45350K .......... .......... .......... .......... .......... 42% 94,0M 1s
 45400K .......... .......... .......... .......... .......... 43%  102M 1s
 45450K .......... .......... .......... .......... .......... 43%  118M 1s
 45500K .......... .......... .......... .......... .......... 43%  103M 1s
 45550K .......... .......... .......... .......... .......... 43% 76,3M 1s
 45600K .......... .......... .......... .......... .......... 43%  109M 1s
 45650K .......... .......... .......... .......... .......... 43% 78,9M 1s
 45700K .......... .......... .......... .......... .......... 43%  104M 1s
 45750K .......... .......... .......... .......... .......... 43% 95,0M 1s
 45800K .......... .......... .......... .......... .......... 43% 96,7M 1s
 45850K .......... .......... .......... .......... .......... 43%  101M 1s
 45900K .......... .......... .......... .......... .......... 43%  102M 1s
 45950K .......... .......... .......... .......... .......... 43% 91,9M 1s
 46000K .......... .......... .......... .......... .......... 43%  104M 1s
 46050K .......... .......... .......... .......... .......... 43%  101M 1s
 46100K .......... .......... .......... .......... .......... 43%  105M 1s
 46150K .......... .......... .......... .......... .......... 43%  107M 1s
 46200K .......... .......... .......... .......... .......... 43% 85,8M 1s
 46250K .......... .......... .......... .......... .......... 43%  128M 1s
 46300K .......... .......... .......... .......... .......... 43% 78,5M 1s
 46350K .......... .......... .......... .......... .......... 43% 84,5M 1s
 46400K .......... .......... .......... .......... .......... 43%  116M 1s
 46450K .......... .......... .......... .......... .......... 44%  104M 1s
 46500K .......... .......... .......... .......... .......... 44%  104M 1s
 46550K .......... .......... .......... .......... .......... 44% 63,6M 1s
 46600K .......... .......... .......... .......... .......... 44%  112M 1s
 46650K .......... .......... .......... .......... .......... 44%  103M 1s
 46700K .......... .......... .......... .......... .......... 44%  128M 1s
 46750K .......... .......... .......... .......... .......... 44% 76,9M 1s
 46800K .......... .......... .......... .......... .......... 44%  101M 1s
 46850K .......... .......... .......... .......... .......... 44%  119M 1s
 46900K .......... .......... .......... .......... .......... 44%  116M 1s
 46950K .......... .......... .......... .......... .......... 44%  104M 1s
 47000K .......... .......... .......... .......... .......... 44%  122M 1s
 47050K .......... .......... .......... .......... .......... 44% 59,3M 1s
 47100K .......... .......... .......... .......... .......... 44%  112M 1s
 47150K .......... .......... .......... .......... .......... 44% 93,0M 1s
 47200K .......... .......... .......... .......... .......... 44%  117M 1s
 47250K .......... .......... .......... .......... .......... 44%  116M 1s
 47300K .......... .......... .......... .......... .......... 44% 66,0M 1s
 47350K .......... .......... .......... .......... .......... 44%  110M 1s
 47400K .......... .......... .......... .......... .......... 44%  120M 1s
 47450K .......... .......... .......... .......... .......... 44%  118M 1s
 47500K .......... .......... .......... .......... .......... 45%  107M 1s
 47550K .......... .......... .......... .......... .......... 45% 65,0M 1s
 47600K .......... .......... .......... .......... .......... 45%  117M 1s
 47650K .......... .......... .......... .......... .......... 45%  118M 1s
 47700K .......... .......... .......... .......... .......... 45%  114M 1s
 47750K .......... .......... .......... .......... .......... 45%  103M 1s
 47800K .......... .......... .......... .......... .......... 45%  119M 1s
 47850K .......... .......... .......... .......... .......... 45%  115M 1s
 47900K .......... .......... .......... .......... .......... 45% 42,0M 1s
 47950K .......... .......... .......... .......... .......... 45% 98,0M 1s
 48000K .......... .......... .......... .......... .......... 45%  118M 1s
 48050K .......... .......... .......... .......... .......... 45%  106M 1s
 48100K .......... .......... .......... .......... .......... 45%  109M 1s
 48150K .......... .......... .......... .......... .......... 45%  103M 1s
 48200K .......... .......... .......... .......... .......... 45%  117M 1s
 48250K .......... .......... .......... .......... .......... 45%  101M 1s
 48300K .......... .......... .......... .......... .......... 45% 92,0M 1s
 48350K .......... .......... .......... .......... .......... 45% 60,7M 1s
 48400K .......... .......... .......... .......... .......... 45%  120M 1s
 48450K .......... .......... .......... .......... .......... 45%  108M 1s
 48500K .......... .......... .......... .......... .......... 45%  106M 1s
 48550K .......... .......... .......... .......... .......... 46% 99,6M 1s
 48600K .......... .......... .......... .......... .......... 46% 87,4M 1s
 48650K .......... .......... .......... .......... .......... 46% 97,0M 1s
 48700K .......... .......... .......... .......... .......... 46%  128M 1s
 48750K .......... .......... .......... .......... .......... 46% 87,3M 1s
 48800K .......... .......... .......... .......... .......... 46%  109M 1s
 48850K .......... .......... .......... .......... .......... 46%  108M 1s
 48900K .......... .......... .......... .......... .......... 46%  101M 1s
 48950K .......... .......... .......... .......... .......... 46% 72,9M 1s
 49000K .......... .......... .......... .......... .......... 46%  115M 1s
 49050K .......... .......... .......... .......... .......... 46% 95,1M 1s
 49100K .......... .......... .......... .......... .......... 46%  102M 1s
 49150K .......... .......... .......... .......... .......... 46% 85,3M 1s
 49200K .......... .......... .......... .......... .......... 46%  117M 1s
 49250K .......... .......... .......... .......... .......... 46%  115M 1s
 49300K .......... .......... .......... .......... .......... 46% 95,6M 1s
 49350K .......... .......... .......... .......... .......... 46% 94,7M 1s
 49400K .......... .......... .......... .......... .......... 46% 66,3M 1s
 49450K .......... .......... .......... .......... .......... 46%  108M 1s
 49500K .......... .......... .......... .......... .......... 46%  133M 1s
 49550K .......... .......... .......... .......... .......... 46% 78,0M 1s
 49600K .......... .......... .......... .......... .......... 47%  108M 1s
 49650K .......... .......... .......... .......... .......... 47% 98,2M 1s
 49700K .......... .......... .......... .......... .......... 47%  100M 1s
 49750K .......... .......... .......... .......... .......... 47% 98,8M 1s
 49800K .......... .......... .......... .......... .......... 47%  133M 1s
 49850K .......... .......... .......... .......... .......... 47% 89,2M 1s
 49900K .......... .......... .......... .......... .......... 47% 70,2M 1s
 49950K .......... .......... .......... .......... .......... 47% 91,0M 1s
 50000K .......... .......... .......... .......... .......... 47%  105M 1s
 50050K .......... .......... .......... .......... .......... 47%  111M 1s
 50100K .......... .......... .......... .......... .......... 47%  111M 1s
 50150K .......... .......... .......... .......... .......... 47% 94,0M 1s
 50200K .......... .......... .......... .......... .......... 47% 99,0M 1s
 50250K .......... .......... .......... .......... .......... 47%  108M 1s
 50300K .......... .......... .......... .......... .......... 47% 79,9M 1s
 50350K .......... .......... .......... .......... .......... 47% 74,1M 1s
 50400K .......... .......... .......... .......... .......... 47%  103M 1s
 50450K .......... .......... .......... .......... .......... 47% 96,8M 1s
 50500K .......... .......... .......... .......... .......... 47% 95,9M 1s
 50550K .......... .......... .......... .......... .......... 47%  114M 1s
 50600K .......... .......... .......... .......... .......... 47%  110M 1s
 50650K .......... .......... .......... .......... .......... 48%  104M 1s
 50700K .......... .......... .......... .......... .......... 48%  109M 1s
 50750K .......... .......... .......... .......... .......... 48% 61,6M 1s
 50800K .......... .......... .......... .......... .......... 48% 92,8M 1s
 50850K .......... .......... .......... .......... .......... 48%  102M 1s
 50900K .......... .......... .......... .......... .......... 48%  122M 1s
 50950K .......... .......... .......... .......... .......... 48% 97,0M 1s
 51000K .......... .......... .......... .......... .......... 48% 88,2M 1s
 51050K .......... .......... .......... .......... .......... 48%  112M 1s
 51100K .......... .......... .......... .......... .......... 48% 90,7M 1s
 51150K .......... .......... .......... .......... .......... 48%  116M 1s
 51200K .......... .......... .......... .......... .......... 48% 94,1M 1s
 51250K .......... .......... .......... .......... .......... 48% 98,6M 1s
 51300K .......... .......... .......... .......... .......... 48%  142M 1s
 51350K .......... .......... .......... .......... .......... 48% 68,5M 1s
 51400K .......... .......... .......... .......... .......... 48% 94,8M 1s
 51450K .......... .......... .......... .......... .......... 48%  142M 1s
 51500K .......... .......... .......... .......... .......... 48% 97,8M 1s
 51550K .......... .......... .......... .......... .......... 48% 75,2M 1s
 51600K .......... .......... .......... .......... .......... 48% 93,2M 1s
 51650K .......... .......... .......... .......... .......... 48% 97,5M 1s
 51700K .......... .......... .......... .......... .......... 49% 95,7M 1s
 51750K .......... .......... .......... .......... .......... 49%  124M 1s
 51800K .......... .......... .......... .......... .......... 49% 75,5M 1s
 51850K .......... .......... .......... .......... .......... 49%  130M 1s
 51900K .......... .......... .......... .......... .......... 49%  101M 1s
 51950K .......... .......... .......... .......... .......... 49% 73,6M 1s
 52000K .......... .......... .......... .......... .......... 49% 96,4M 1s
 52050K .......... .......... .......... .......... .......... 49%  101M 1s
 52100K .......... .......... .......... .......... .......... 49%  134M 1s
 52150K .......... .......... .......... .......... .......... 49% 93,7M 1s
 52200K .......... .......... .......... .......... .......... 49%  111M 1s
 52250K .......... .......... .......... .......... .......... 49% 90,3M 1s
 52300K .......... .......... .......... .......... .......... 49% 60,7M 1s
 52350K .......... .......... .......... .......... .......... 49% 76,7M 1s
 52400K .......... .......... .......... .......... .......... 49%  115M 1s
 52450K .......... .......... .......... .......... .......... 49% 92,8M 1s
 52500K .......... .......... .......... .......... .......... 49% 95,9M 1s
 52550K .......... .......... .......... .......... .......... 49%  105M 1s
 52600K .......... .......... .......... .......... .......... 49%  109M 1s
 52650K .......... .......... .......... .......... .......... 49% 94,2M 1s
 52700K .......... .......... .......... .......... .......... 49%  132M 1s
 52750K .......... .......... .......... .......... .......... 50% 83,3M 1s
 52800K .......... .......... .......... .......... .......... 50% 91,5M 1s
 52850K .......... .......... .......... .......... .......... 50% 90,3M 1s
 52900K .......... .......... .......... .......... .......... 50%  165M 1s
 52950K .......... .......... .......... .......... .......... 50% 81,2M 1s
 53000K .......... .......... .......... .......... .......... 50%  124M 1s
 53050K .......... .......... .......... .......... .......... 50% 96,8M 1s
 53100K .......... .......... .......... .......... .......... 50%  105M 1s
 53150K .......... .......... .......... .......... .......... 50% 94,9M 1s
 53200K .......... .......... .......... .......... .......... 50% 87,4M 1s
 53250K .......... .......... .......... .......... .......... 50%  111M 1s
 53300K .......... .......... .......... .......... .......... 50%  103M 1s
 53350K .......... .......... .......... .......... .......... 50% 84,1M 1s
 53400K .......... .......... .......... .......... .......... 50%  103M 1s
 53450K .......... .......... .......... .......... .......... 50% 97,1M 1s
 53500K .......... .......... .......... .......... .......... 50%  145M 1s
 53550K .......... .......... .......... .......... .......... 50% 76,7M 1s
 53600K .......... .......... .......... .......... .......... 50% 94,2M 1s
 53650K .......... .......... .......... .......... .......... 50% 49,5M 1s
 53700K .......... .......... .......... .......... .......... 50%  104M 1s
 53750K .......... .......... .......... .......... .......... 50% 83,8M 1s
 53800K .......... .......... .......... .......... .......... 50%  165M 1s
 53850K .......... .......... .......... .......... .......... 51% 89,6M 1s
 53900K .......... .......... .......... .......... .......... 51%  101M 1s
 53950K .......... .......... .......... .......... .......... 51% 89,5M 1s
 54000K .......... .......... .......... .......... .......... 51% 98,2M 1s
 54050K .......... .......... .......... .......... .......... 51%  113M 1s
 54100K .......... .......... .......... .......... .......... 51% 97,7M 1s
 54150K .......... .......... .......... .......... .......... 51% 91,7M 1s
 54200K .......... .......... .......... .......... .......... 51% 95,4M 1s
 54250K .......... .......... .......... .......... .......... 51%  153M 1s
 54300K .......... .......... .......... .......... .......... 51%  111M 1s
 54350K .......... .......... .......... .......... .......... 51% 62,0M 1s
 54400K .......... .......... .......... .......... .......... 51%  126M 1s
 54450K .......... .......... .......... .......... .......... 51%  118M 1s
 54500K .......... .......... .......... .......... .......... 51%  109M 1s
 54550K .......... .......... .......... .......... .......... 51% 89,1M 1s
 54600K .......... .......... .......... .......... .......... 51% 97,3M 1s
 54650K .......... .......... .......... .......... .......... 51%  143M 1s
 54700K .......... .......... .......... .......... .......... 51% 96,3M 1s
 54750K .......... .......... .......... .......... .......... 51% 72,4M 1s
 54800K .......... .......... .......... .......... .......... 51% 93,8M 1s
 54850K .......... .......... .......... .......... .......... 51%  149M 1s
 54900K .......... .......... .......... .......... .......... 52% 97,9M 1s
 54950K .......... .......... .......... .......... .......... 52% 95,9M 1s
 55000K .......... .......... .......... .......... .......... 52% 43,2M 1s
 55050K .......... .......... .......... .......... .......... 52% 95,9M 1s
 55100K .......... .......... .......... .......... .......... 52%  183M 1s
 55150K .......... .......... .......... .......... .......... 52% 75,8M 1s
 55200K .......... .......... .......... .......... .......... 52% 74,7M 1s
 55250K .......... .......... .......... .......... .......... 52%  128M 1s
 55300K .......... .......... .......... .......... .......... 52%  102M 1s
 55350K .......... .......... .......... .......... .......... 52% 89,9M 1s
 55400K .......... .......... .......... .......... .......... 52%  146M 1s
 55450K .......... .......... .......... .......... .......... 52% 95,4M 1s
 55500K .......... .......... .......... .......... .......... 52% 85,9M 1s
 55550K .......... .......... .......... .......... .......... 52% 79,7M 1s
 55600K .......... .......... .......... .......... .......... 52%  146M 1s
 55650K .......... .......... .......... .......... .......... 52%  122M 1s
 55700K .......... .......... .......... .......... .......... 52% 97,1M 1s
 55750K .......... .......... .......... .......... .......... 52% 90,0M 1s
 55800K .......... .......... .......... .......... .......... 52% 96,1M 1s
 55850K .......... .......... .......... .......... .......... 52% 91,7M 1s
 55900K .......... .......... .......... .......... .......... 52%  156M 1s
 55950K .......... .......... .......... .......... .......... 53% 76,9M 1s
 56000K .......... .......... .......... .......... .......... 53% 90,1M 1s
 56050K .......... .......... .......... .......... .......... 53%  158M 1s
 56100K .......... .......... .......... .......... .......... 53% 13,6M 1s
 56150K .......... .......... .......... .......... .......... 53%  139M 1s
 56200K .......... .......... .......... .......... .......... 53%  202M 1s
 56250K .......... .......... .......... .......... .......... 53%  200M 1s
 56300K .......... .......... .......... .......... .......... 53%  205M 1s
 56350K .......... .......... .......... .......... .......... 53%  175M 1s
 56400K .......... .......... .......... .......... .......... 53%  209M 1s
 56450K .......... .......... .......... .......... .......... 53% 15,0M 1s
 56500K .......... .......... .......... .......... .......... 53%  195M 1s
 56550K .......... .......... .......... .......... .......... 53%  181M 1s
 56600K .......... .......... .......... .......... .......... 53%  210M 1s
 56650K .......... .......... .......... .......... .......... 53% 21,5M 1s
 56700K .......... .......... .......... .......... .......... 53%  201M 1s
 56750K .......... .......... .......... .......... .......... 53%  173M 1s
 56800K .......... .......... .......... .......... .......... 53%  207M 1s
 56850K .......... .......... .......... .......... .......... 53%  198M 1s
 56900K .......... .......... .......... .......... .......... 53%  205M 1s
 56950K .......... .......... .......... .......... .......... 53%  188M 1s
 57000K .......... .......... .......... .......... .......... 54%  204M 1s
 57050K .......... .......... .......... .......... .......... 54%  201M 1s
 57100K .......... .......... .......... .......... .......... 54%  210M 1s
 57150K .......... .......... .......... .......... .......... 54%  176M 1s
 57200K .......... .......... .......... .......... .......... 54%  211M 1s
 57250K .......... .......... .......... .......... .......... 54% 8,85M 1s
 57300K .......... .......... .......... .......... .......... 54% 28,5M 1s
 57350K .......... .......... .......... .......... .......... 54% 22,4M 1s
 57400K .......... .......... .......... .......... .......... 54%  201M 1s
 57450K .......... .......... .......... .......... .......... 54%  201M 1s
 57500K .......... .......... .......... .......... .......... 54%  212M 1s
 57550K .......... .......... .......... .......... .......... 54%  164M 1s
 57600K .......... .......... .......... .......... .......... 54%  202M 1s
 57650K .......... .......... .......... .......... .......... 54%  210M 1s
 57700K .......... .......... .......... .......... .......... 54%  211M 1s
 57750K .......... .......... .......... .......... .......... 54% 10,5M 1s
 57800K .......... .......... .......... .......... .......... 54% 17,5M 1s
 57850K .......... .......... .......... .......... .......... 54%  209M 1s
 57900K .......... .......... .......... .......... .......... 54%  210M 1s
 57950K .......... .......... .......... .......... .......... 54%  171M 1s
 58000K .......... .......... .......... .......... .......... 54% 28,9M 1s
 58050K .......... .......... .......... .......... .......... 55% 50,7M 1s
 58100K .......... .......... .......... .......... .......... 55% 21,7M 1s
 58150K .......... .......... .......... .......... .......... 55%  178M 1s
 58200K .......... .......... .......... .......... .......... 55%  203M 1s
 58250K .......... .......... .......... .......... .......... 55%  208M 1s
 58300K .......... .......... .......... .......... .......... 55%  206M 1s
 58350K .......... .......... .......... .......... .......... 55%  163M 1s
 58400K .......... .......... .......... .......... .......... 55%  198M 1s
 58450K .......... .......... .......... .......... .......... 55%  200M 1s
 58500K .......... .......... .......... .......... .......... 55%  204M 1s
 58550K .......... .......... .......... .......... .......... 55%  184M 1s
 58600K .......... .......... .......... .......... .......... 55%  208M 1s
 58650K .......... .......... .......... .......... .......... 55%  206M 1s
 58700K .......... .......... .......... .......... .......... 55% 5,92M 1s
 58750K .......... .......... .......... .......... .......... 55%  155M 1s
 58800K .......... .......... .......... .......... .......... 55%  202M 1s
 58850K .......... .......... .......... .......... .......... 55%  208M 1s
 58900K .......... .......... .......... .......... .......... 55%  200M 1s
 58950K .......... .......... .......... .......... .......... 55%  181M 1s
 59000K .......... .......... .......... .......... .......... 55%  199M 1s
 59050K .......... .......... .......... .......... .......... 55%  208M 1s
 59100K .......... .......... .......... .......... .......... 56%  200M 1s
 59150K .......... .......... .......... .......... .......... 56%  169M 1s
 59200K .......... .......... .......... .......... .......... 56%  203M 1s
 59250K .......... .......... .......... .......... .......... 56%  205M 1s
 59300K .......... .......... .......... .......... .......... 56% 7,79M 1s
 59350K .......... .......... .......... .......... .......... 56%  180M 1s
 59400K .......... .......... .......... .......... .......... 56%  204M 1s
 59450K .......... .......... .......... .......... .......... 56%  210M 1s
 59500K .......... .......... .......... .......... .......... 56%  169M 1s
 59550K .......... .......... .......... .......... .......... 56%  173M 1s
 59600K .......... .......... .......... .......... .......... 56%  209M 1s
 59650K .......... .......... .......... .......... .......... 56%  207M 1s
 59700K .......... .......... .......... .......... .......... 56%  202M 1s
 59750K .......... .......... .......... .......... .......... 56%  186M 1s
 59800K .......... .......... .......... .......... .......... 56%  204M 1s
 59850K .......... .......... .......... .......... .......... 56%  199M 1s
 59900K .......... .......... .......... .......... .......... 56% 2,18M 1s
 59950K .......... .......... .......... .......... .......... 56%  167M 1s
 60000K .......... .......... .......... .......... .......... 56%  205M 1s
 60050K .......... .......... .......... .......... .......... 56% 42,0M 1s
 60100K .......... .......... .......... .......... .......... 56% 47,3M 1s
 60150K .......... .......... .......... .......... .......... 57% 14,3M 1s
 60200K .......... .......... .......... .......... .......... 57% 17,2M 1s
 60250K .......... .......... .......... .......... .......... 57%  203M 1s
 60300K .......... .......... .......... .......... .......... 57%  204M 1s
 60350K .......... .......... .......... .......... .......... 57%  176M 1s
 60400K .......... .......... .......... .......... .......... 57%  198M 1s
 60450K .......... .......... .......... .......... .......... 57%  209M 1s
 60500K .......... .......... .......... .......... .......... 57%  212M 1s
 60550K .......... .......... .......... .......... .......... 57%  189M 1s
 60600K .......... .......... .......... .......... .......... 57% 8,38M 1s
 60650K .......... .......... .......... .......... .......... 57% 7,76M 1s
 60700K .......... .......... .......... .......... .......... 57%  198M 1s
 60750K .......... .......... .......... .......... .......... 57%  165M 1s
 60800K .......... .......... .......... .......... .......... 57%  200M 1s
 60850K .......... .......... .......... .......... .......... 57%  195M 1s
 60900K .......... .......... .......... .......... .......... 57%  196M 1s
 60950K .......... .......... .......... .......... .......... 57%  184M 1s
 61000K .......... .......... .......... .......... .......... 57%  194M 1s
 61050K .......... .......... .......... .......... .......... 57% 10,1M 1s
 61100K .......... .......... .......... .......... .......... 57%  177M 1s
 61150K .......... .......... .......... .......... .......... 57%  164M 1s
 61200K .......... .......... .......... .......... .......... 58% 39,0M 1s
 61250K .......... .......... .......... .......... .......... 58% 18,1M 1s
 61300K .......... .......... .......... .......... .......... 58%  202M 1s
 61350K .......... .......... .......... .......... .......... 58%  184M 1s
 61400K .......... .......... .......... .......... .......... 58% 14,5M 1s
 61450K .......... .......... .......... .......... .......... 58% 14,0M 1s
 61500K .......... .......... .......... .......... .......... 58%  196M 1s
 61550K .......... .......... .......... .......... .......... 58%  156M 1s
 61600K .......... .......... .......... .......... .......... 58%  199M 1s
 61650K .......... .......... .......... .......... .......... 58%  202M 1s
 61700K .......... .......... .......... .......... .......... 58%  200M 1s
 61750K .......... .......... .......... .......... .......... 58%  174M 1s
 61800K .......... .......... .......... .......... .......... 58%  200M 1s
 61850K .......... .......... .......... .......... .......... 58%  195M 1s
 61900K .......... .......... .......... .......... .......... 58%  201M 1s
 61950K .......... .......... .......... .......... .......... 58% 3,45M 1s
 62000K .......... .......... .......... .......... .......... 58%  194M 1s
 62050K .......... .......... .......... .......... .......... 58%  200M 1s
 62100K .......... .......... .......... .......... .......... 58%  203M 1s
 62150K .......... .......... .......... .......... .......... 58% 69,6M 1s
 62200K .......... .......... .......... .......... .......... 58% 18,5M 1s
 62250K .......... .......... .......... .......... .......... 58%  197M 1s
 62300K .......... .......... .......... .......... .......... 59%  205M 1s
 62350K .......... .......... .......... .......... .......... 59%  169M 1s
 62400K .......... .......... .......... .......... .......... 59% 26,3M 1s
 62450K .......... .......... .......... .......... .......... 59% 20,7M 1s
 62500K .......... .......... .......... .......... .......... 59%  206M 1s
 62550K .......... .......... .......... .......... .......... 59%  178M 1s
 62600K .......... .......... .......... .......... .......... 59%  203M 1s
 62650K .......... .......... .......... .......... .......... 59%  197M 1s
 62700K .......... .......... .......... .......... .......... 59% 12,3M 1s
 62750K .......... .......... .......... .......... .......... 59%  157M 1s
 62800K .......... .......... .......... .......... .......... 59%  190M 1s
 62850K .......... .......... .......... .......... .......... 59%  200M 1s
 62900K .......... .......... .......... .......... .......... 59% 27,0M 1s
 62950K .......... .......... .......... .......... .......... 59% 22,6M 1s
 63000K .......... .......... .......... .......... .......... 59%  187M 1s
 63050K .......... .......... .......... .......... .......... 59%  196M 1s
 63100K .......... .......... .......... .......... .......... 59%  203M 1s
 63150K .......... .......... .......... .......... .......... 59%  167M 1s
 63200K .......... .......... .......... .......... .......... 59%  196M 1s
 63250K .......... .......... .......... .......... .......... 59%  190M 1s
 63300K .......... .......... .......... .......... .......... 59%  204M 1s
 63350K .......... .......... .......... .......... .......... 60%  185M 1s
 63400K .......... .......... .......... .......... .......... 60% 8,00M 1s
 63450K .......... .......... .......... .......... .......... 60%  190M 1s
 63500K .......... .......... .......... .......... .......... 60%  199M 1s
 63550K .......... .......... .......... .......... .......... 60%  169M 1s
 63600K .......... .......... .......... .......... .......... 60%  183M 1s
 63650K .......... .......... .......... .......... .......... 60%  195M 1s
 63700K .......... .......... .......... .......... .......... 60%  197M 1s
 63750K .......... .......... .......... .......... .......... 60%  180M 1s
 63800K .......... .......... .......... .......... .......... 60% 8,30M 1s
 63850K .......... .......... .......... .......... .......... 60%  187M 1s
 63900K .......... .......... .......... .......... .......... 60%  194M 1s
 63950K .......... .......... .......... .......... .......... 60%  170M 1s
 64000K .......... .......... .......... .......... .......... 60%  207M 1s
 64050K .......... .......... .......... .......... .......... 60%  205M 1s
 64100K .......... .......... .......... .......... .......... 60%  207M 1s
 64150K .......... .......... .......... .......... .......... 60%  188M 1s
 64200K .......... .......... .......... .......... .......... 60%  208M 1s
 64250K .......... .......... .......... .......... .......... 60% 9,27M 1s
 64300K .......... .......... .......... .......... .......... 60%  188M 1s
 64350K .......... .......... .......... .......... .......... 60%  169M 1s
 64400K .......... .......... .......... .......... .......... 61%  186M 1s
 64450K .......... .......... .......... .......... .......... 61%  190M 1s
 64500K .......... .......... .......... .......... .......... 61%  202M 1s
 64550K .......... .......... .......... .......... .......... 61%  184M 1s
 64600K .......... .......... .......... .......... .......... 61%  199M 1s
 64650K .......... .......... .......... .......... .......... 61%  182M 1s
 64700K .......... .......... .......... .......... .......... 61% 34,6M 1s
 64750K .......... .......... .......... .......... .......... 61% 18,6M 1s
 64800K .......... .......... .......... .......... .......... 61%  196M 1s
 64850K .......... .......... .......... .......... .......... 61%  200M 1s
 64900K .......... .......... .......... .......... .......... 61%  200M 1s
 64950K .......... .......... .......... .......... .......... 61%  177M 1s
 65000K .......... .......... .......... .......... .......... 61%  203M 1s
 65050K .......... .......... .......... .......... .......... 61%  201M 1s
 65100K .......... .......... .......... .......... .......... 61%  208M 1s
 65150K .......... .......... .......... .......... .......... 61% 13,2M 1s
 65200K .......... .......... .......... .......... .......... 61%  204M 1s
 65250K .......... .......... .......... .......... .......... 61%  198M 1s
 65300K .......... .......... .......... .......... .......... 61%  209M 1s
 65350K .......... .......... .......... .......... .......... 61% 55,6M 1s
 65400K .......... .......... .......... .......... .......... 61% 45,6M 1s
 65450K .......... .......... .......... .......... .......... 62% 48,5M 1s
 65500K .......... .......... .......... .......... .......... 62% 26,7M 1s
 65550K .......... .......... .......... .......... .......... 62% 42,8M 1s
 65600K .......... .......... .......... .......... .......... 62% 47,3M 1s
 65650K .......... .......... .......... .......... .......... 62% 47,8M 1s
 65700K .......... .......... .......... .......... .......... 62% 68,5M 1s
 65750K .......... .......... .......... .......... .......... 62%  167M 1s
 65800K .......... .......... .......... .......... .......... 62%  195M 1s
 65850K .......... .......... .......... .......... .......... 62%  202M 1s
 65900K .......... .......... .......... .......... .......... 62%  124M 1s
 65950K .......... .......... .......... .......... .......... 62% 40,8M 1s
 66000K .......... .......... .......... .......... .......... 62% 72,3M 1s
 66050K .......... .......... .......... .......... .......... 62%  203M 1s
 66100K .......... .......... .......... .......... .......... 62%  207M 1s
 66150K .......... .......... .......... .......... .......... 62%  186M 1s
 66200K .......... .......... .......... .......... .......... 62%  191M 1s
 66250K .......... .......... .......... .......... .......... 62%  197M 1s
 66300K .......... .......... .......... .......... .......... 62%  209M 1s
 66350K .......... .......... .......... .......... .......... 62%  171M 1s
 66400K .......... .......... .......... .......... .......... 62%  128M 1s
 66450K .......... .......... .......... .......... .......... 62% 49,4M 1s
 66500K .......... .......... .......... .......... .......... 63% 48,4M 1s
 66550K .......... .......... .......... .......... .......... 63% 42,8M 1s
 66600K .......... .......... .......... .......... .......... 63%  144M 1s
 66650K .......... .......... .......... .......... .......... 63%  200M 1s
 66700K .......... .......... .......... .......... .......... 63%  198M 1s
 66750K .......... .......... .......... .......... .......... 63%  174M 1s
 66800K .......... .......... .......... .......... .......... 63%  209M 1s
 66850K .......... .......... .......... .......... .......... 63%  202M 1s
 66900K .......... .......... .......... .......... .......... 63% 68,7M 1s
 66950K .......... .......... .......... .......... .......... 63% 44,6M 1s
 67000K .......... .......... .......... .......... .......... 63%  190M 1s
 67050K .......... .......... .......... .......... .......... 63%  185M 1s
 67100K .......... .......... .......... .......... .......... 63%  202M 1s
 67150K .......... .......... .......... .......... .......... 63%  134M 1s
 67200K .......... .......... .......... .......... .......... 63%  186M 1s
 67250K .......... .......... .......... .......... .......... 63%  192M 1s
 67300K .......... .......... .......... .......... .......... 63%  190M 1s
 67350K .......... .......... .......... .......... .......... 63%  170M 1s
 67400K .......... .......... .......... .......... .......... 63%  188M 1s
 67450K .......... .......... .......... .......... .......... 63%  190M 1s
 67500K .......... .......... .......... .......... .......... 63%  194M 1s
 67550K .......... .......... .......... .......... .......... 64%  162M 1s
 67600K .......... .......... .......... .......... .......... 64%  181M 1s
 67650K .......... .......... .......... .......... .......... 64%  182M 1s
 67700K .......... .......... .......... .......... .......... 64%  184M 1s
 67750K .......... .......... .......... .......... .......... 64%  162M 1s
 67800K .......... .......... .......... .......... .......... 64%  189M 1s
 67850K .......... .......... .......... .......... .......... 64%  192M 1s
 67900K .......... .......... .......... .......... .......... 64%  191M 1s
 67950K .......... .......... .......... .......... .......... 64%  145M 1s
 68000K .......... .......... .......... .......... .......... 64%  176M 1s
 68050K .......... .......... .......... .......... .......... 64%  176M 1s
 68100K .......... .......... .......... .......... .......... 64%  178M 1s
 68150K .......... .......... .......... .......... .......... 64%  163M 1s
 68200K .......... .......... .......... .......... .......... 64%  185M 1s
 68250K .......... .......... .......... .......... .......... 64%  187M 1s
 68300K .......... .......... .......... .......... .......... 64%  188M 1s
 68350K .......... .......... .......... .......... .......... 64%  157M 1s
 68400K .......... .......... .......... .......... .......... 64%  188M 1s
 68450K .......... .......... .......... .......... .......... 64%  187M 1s
 68500K .......... .......... .......... .......... .......... 64%  182M 1s
 68550K .......... .......... .......... .......... .......... 64%  175M 1s
 68600K .......... .......... .......... .......... .......... 65%  191M 1s
 68650K .......... .......... .......... .......... .......... 65%  194M 1s
 68700K .......... .......... .......... .......... .......... 65%  184M 1s
 68750K .......... .......... .......... .......... .......... 65%  159M 1s
 68800K .......... .......... .......... .......... .......... 65%  189M 1s
 68850K .......... .......... .......... .......... .......... 65%  185M 1s
 68900K .......... .......... .......... .......... .......... 65%  199M 1s
 68950K .......... .......... .......... .......... .......... 65%  174M 1s
 69000K .......... .......... .......... .......... .......... 65%  171M 1s
 69050K .......... .......... .......... .......... .......... 65%  191M 1s
 69100K .......... .......... .......... .......... .......... 65%  189M 1s
 69150K .......... .......... .......... .......... .......... 65%  158M 1s
 69200K .......... .......... .......... .......... .......... 65%  200M 1s
 69250K .......... .......... .......... .......... .......... 65%  181M 1s
 69300K .......... .......... .......... .......... .......... 65%  197M 1s
 69350K .......... .......... .......... .......... .......... 65%  175M 1s
 69400K .......... .......... .......... .......... .......... 65%  185M 1s
 69450K .......... .......... .......... .......... .......... 65%  193M 1s
 69500K .......... .......... .......... .......... .......... 65%  188M 1s
 69550K .......... .......... .......... .......... .......... 65%  153M 1s
 69600K .......... .......... .......... .......... .......... 65%  184M 0s
 69650K .......... .......... .......... .......... .......... 66%  194M 0s
 69700K .......... .......... .......... .......... .......... 66%  194M 0s
 69750K .......... .......... .......... .......... .......... 66%  167M 0s
 69800K .......... .......... .......... .......... .......... 66%  193M 0s
 69850K .......... .......... .......... .......... .......... 66%  187M 0s
 69900K .......... .......... .......... .......... .......... 66%  196M 0s
 69950K .......... .......... .......... .......... .......... 66%  164M 0s
 70000K .......... .......... .......... .......... .......... 66%  183M 0s
 70050K .......... .......... .......... .......... .......... 66%  196M 0s
 70100K .......... .......... .......... .......... .......... 66%  188M 0s
 70150K .......... .......... .......... .......... .......... 66%  163M 0s
 70200K .......... .......... .......... .......... .......... 66%  195M 0s
 70250K .......... .......... .......... .......... .......... 66%  182M 0s
 70300K .......... .......... .......... .......... .......... 66%  185M 0s
 70350K .......... .......... .......... .......... .......... 66%  153M 0s
 70400K .......... .......... .......... .......... .......... 66%  181M 0s
 70450K .......... .......... .......... .......... .......... 66%  186M 0s
 70500K .......... .......... .......... .......... .......... 66%  186M 0s
 70550K .......... .......... .......... .......... .......... 66%  138M 0s
 70600K .......... .......... .......... .......... .......... 66%  192M 0s
 70650K .......... .......... .......... .......... .......... 66%  173M 0s
 70700K .......... .......... .......... .......... .......... 67%  187M 0s
 70750K .......... .......... .......... .......... .......... 67%  157M 0s
 70800K .......... .......... .......... .......... .......... 67%  193M 0s
 70850K .......... .......... .......... .......... .......... 67%  192M 0s
 70900K .......... .......... .......... .......... .......... 67%  179M 0s
 70950K .......... .......... .......... .......... .......... 67%  171M 0s
 71000K .......... .......... .......... .......... .......... 67%  194M 0s
 71050K .......... .......... .......... .......... .......... 67%  181M 0s
 71100K .......... .......... .......... .......... .......... 67%  184M 0s
 71150K .......... .......... .......... .......... .......... 67%  160M 0s
 71200K .......... .......... .......... .......... .......... 67%  179M 0s
 71250K .......... .......... .......... .......... .......... 67%  186M 0s
 71300K .......... .......... .......... .......... .......... 67%  188M 0s
 71350K .......... .......... .......... .......... .......... 67%  172M 0s
 71400K .......... .......... .......... .......... .......... 67%  199M 0s
 71450K .......... .......... .......... .......... .......... 67%  187M 0s
 71500K .......... .......... .......... .......... .......... 67%  189M 0s
 71550K .......... .......... .......... .......... .......... 67%  159M 0s
 71600K .......... .......... .......... .......... .......... 67%  193M 0s
 71650K .......... .......... .......... .......... .......... 67%  187M 0s
 71700K .......... .......... .......... .......... .......... 67%  192M 0s
 71750K .......... .......... .......... .......... .......... 67%  172M 0s
 71800K .......... .......... .......... .......... .......... 68%  184M 0s
 71850K .......... .......... .......... .......... .......... 68%  188M 0s
 71900K .......... .......... .......... .......... .......... 68%  196M 0s
 71950K .......... .......... .......... .......... .......... 68%  167M 0s
 72000K .......... .......... .......... .......... .......... 68%  183M 0s
 72050K .......... .......... .......... .......... .......... 68%  197M 0s
 72100K .......... .......... .......... .......... .......... 68%  195M 0s
 72150K .......... .......... .......... .......... .......... 68%  174M 0s
 72200K .......... .......... .......... .......... .......... 68%  191M 0s
 72250K .......... .......... .......... .......... .......... 68%  194M 0s
 72300K .......... .......... .......... .......... .......... 68%  192M 0s
 72350K .......... .......... .......... .......... .......... 68%  117M 0s
 72400K .......... .......... .......... .......... .......... 68% 89,5M 0s
 72450K .......... .......... .......... .......... .......... 68%  114M 0s
 72500K .......... .......... .......... .......... .......... 68% 88,9M 0s
 72550K .......... .......... .......... .......... .......... 68% 73,0M 0s
 72600K .......... .......... .......... .......... .......... 68% 81,0M 0s
 72650K .......... .......... .......... .......... .......... 68%  126M 0s
 72700K .......... .......... .......... .......... .......... 68% 81,1M 0s
 72750K .......... .......... .......... .......... .......... 68% 71,0M 0s
 72800K .......... .......... .......... .......... .......... 68% 87,9M 0s
 72850K .......... .......... .......... .......... .......... 69% 79,6M 0s
 72900K .......... .......... .......... .......... .......... 69% 88,4M 0s
 72950K .......... .......... .......... .......... .......... 69%  102M 0s
 73000K .......... .......... .......... .......... .......... 69% 80,0M 0s
 73050K .......... .......... .......... .......... .......... 69% 82,0M 0s
 73100K .......... .......... .......... .......... .......... 69% 90,6M 0s
 73150K .......... .......... .......... .......... .......... 69% 69,7M 0s
 73200K .......... .......... .......... .......... .......... 69%  105M 0s
 73250K .......... .......... .......... .......... .......... 69% 84,9M 0s
 73300K .......... .......... .......... .......... .......... 69% 83,0M 0s
 73350K .......... .......... .......... .......... .......... 69% 78,0M 0s
 73400K .......... .......... .......... .......... .......... 69%  134M 0s
 73450K .......... .......... .......... .......... .......... 69% 80,5M 0s
 73500K .......... .......... .......... .......... .......... 69% 77,2M 0s
 73550K .......... .......... .......... .......... .......... 69% 72,8M 0s
 73600K .......... .......... .......... .......... .......... 69% 91,3M 0s
 73650K .......... .......... .......... .......... .......... 69% 81,6M 0s
 73700K .......... .......... .......... .......... .......... 69%  112M 0s
 73750K .......... .......... .......... .......... .......... 69% 82,7M 0s
 73800K .......... .......... .......... .......... .......... 69% 80,0M 0s
 73850K .......... .......... .......... .......... .......... 69% 81,5M 0s
 73900K .......... .......... .......... .......... .......... 70%  121M 0s
 73950K .......... .......... .......... .......... .......... 70% 68,9M 0s
 74000K .......... .......... .......... .......... .......... 70% 83,0M 0s
 74050K .......... .......... .......... .......... .......... 70% 87,4M 0s
 74100K .......... .......... .......... .......... .......... 70% 80,0M 0s
 74150K .......... .......... .......... .......... .......... 70% 75,9M 0s
 74200K .......... .......... .......... .......... .......... 70%  113M 0s
 74250K .......... .......... .......... .......... .......... 70% 93,7M 0s
 74300K .......... .......... .......... .......... .......... 70% 81,6M 0s
 74350K .......... .......... .......... .......... .......... 70% 68,7M 0s
 74400K .......... .......... .......... .......... .......... 70% 78,6M 0s
 74450K .......... .......... .......... .......... .......... 70%  124M 0s
 74500K .......... .......... .......... .......... .......... 70% 89,8M 0s
 74550K .......... .......... .......... .......... .......... 70% 75,5M 0s
 74600K .......... .......... .......... .......... .......... 70% 82,8M 0s
 74650K .......... .......... .......... .......... .......... 70%  131M 0s
 74700K .......... .......... .......... .......... .......... 70% 80,8M 0s
 74750K .......... .......... .......... .......... .......... 70% 68,4M 0s
 74800K .......... .......... .......... .......... .......... 70% 85,2M 0s
 74850K .......... .......... .......... .......... .......... 70% 81,1M 0s
 74900K .......... .......... .......... .......... .......... 70% 88,0M 0s
 74950K .......... .......... .......... .......... .......... 71%  110M 0s
 75000K .......... .......... .......... .......... .......... 71% 79,7M 0s
 75050K .......... .......... .......... .......... .......... 71% 81,7M 0s
 75100K .......... .......... .......... .......... .......... 71% 85,7M 0s
 75150K .......... .......... .......... .......... .......... 71% 71,9M 0s
 75200K .......... .......... .......... .......... .......... 71%  106M 0s
 75250K .......... .......... .......... .......... .......... 71% 88,0M 0s
 75300K .......... .......... .......... .......... .......... 71% 79,8M 0s
 75350K .......... .......... .......... .......... .......... 71% 83,7M 0s
 75400K .......... .......... .......... .......... .......... 71% 79,7M 0s
 75450K .......... .......... .......... .......... .......... 71%  118M 0s
 75500K .......... .......... .......... .......... .......... 71% 81,0M 0s
 75550K .......... .......... .......... .......... .......... 71% 71,3M 0s
 75600K .......... .......... .......... .......... .......... 71% 82,5M 0s
 75650K .......... .......... .......... .......... .......... 71% 86,2M 0s
 75700K .......... .......... .......... .......... .......... 71%  112M 0s
 75750K .......... .......... .......... .......... .......... 71% 76,0M 0s
 75800K .......... .......... .......... .......... .......... 71% 81,6M 0s
 75850K .......... .......... .......... .......... .......... 71% 83,6M 0s
 75900K .......... .......... .......... .......... .......... 71% 81,3M 0s
 75950K .......... .......... .......... .......... .......... 71% 69,5M 0s
 76000K .......... .......... .......... .......... .......... 72%  114M 0s
 76050K .......... .......... .......... .......... .......... 72% 85,2M 0s
 76100K .......... .......... .......... .......... .......... 72% 93,0M 0s
 76150K .......... .......... .......... .......... .......... 72% 75,3M 0s
 76200K .......... .......... .......... .......... .......... 72%  120M 0s
 76250K .......... .......... .......... .......... .......... 72% 86,1M 0s
 76300K .......... .......... .......... .......... .......... 72% 81,6M 0s
 76350K .......... .......... .......... .......... .......... 72% 71,1M 0s
 76400K .......... .......... .......... .......... .......... 72% 82,5M 0s
 76450K .......... .......... .......... .......... .......... 72% 86,9M 0s
 76500K .......... .......... .......... .......... .......... 72%  106M 0s
 76550K .......... .......... .......... .......... .......... 72% 79,8M 0s
 76600K .......... .......... .......... .......... .......... 72% 80,8M 0s
 76650K .......... .......... .......... .......... .......... 72%  114M 0s
 76700K .......... .......... .......... .......... .......... 72%  110M 0s
 76750K .......... .......... .......... .......... .......... 72% 94,5M 0s
 76800K .......... .......... .......... .......... .......... 72%  107M 0s
 76850K .......... .......... .......... .......... .......... 72%  110M 0s
 76900K .......... .......... .......... .......... .......... 72%  115M 0s
 76950K .......... .......... .......... .......... .......... 72%  108M 0s
 77000K .......... .......... .......... .......... .......... 72%  106M 0s
 77050K .......... .......... .......... .......... .......... 73%  108M 0s
 77100K .......... .......... .......... .......... .......... 73%  121M 0s
 77150K .......... .......... .......... .......... .......... 73% 86,9M 0s
 77200K .......... .......... .......... .......... .......... 73%  106M 0s
 77250K .......... .......... .......... .......... .......... 73%  119M 0s
 77300K .......... .......... .......... .......... .......... 73%  116M 0s
 77350K .......... .......... .......... .......... .......... 73% 96,6M 0s
 77400K .......... .......... .......... .......... .......... 73%  111M 0s
 77450K .......... .......... .......... .......... .......... 73%  124M 0s
 77500K .......... .......... .......... .......... .......... 73% 17,1M 0s
 77550K .......... .......... .......... .......... .......... 73%  148M 0s
 77600K .......... .......... .......... .......... .......... 73%  199M 0s
 77650K .......... .......... .......... .......... .......... 73%  197M 0s
 77700K .......... .......... .......... .......... .......... 73%  191M 0s
 77750K .......... .......... .......... .......... .......... 73%  185M 0s
 77800K .......... .......... .......... .......... .......... 73%  201M 0s
 77850K .......... .......... .......... .......... .......... 73%  195M 0s
 77900K .......... .......... .......... .......... .......... 73%  195M 0s
 77950K .......... .......... .......... .......... .......... 73%  168M 0s
 78000K .......... .......... .......... .......... .......... 73% 3,29M 0s
 78050K .......... .......... .......... .......... .......... 73%  190M 0s
 78100K .......... .......... .......... .......... .......... 74%  198M 0s
 78150K .......... .......... .......... .......... .......... 74%  169M 0s
 78200K .......... .......... .......... .......... .......... 74%  197M 0s
 78250K .......... .......... .......... .......... .......... 74%  207M 0s
 78300K .......... .......... .......... .......... .......... 74%  207M 0s
 78350K .......... .......... .......... .......... .......... 74%  168M 0s
 78400K .......... .......... .......... .......... .......... 74%  207M 0s
 78450K .......... .......... .......... .......... .......... 74%  208M 0s
 78500K .......... .......... .......... .......... .......... 74%  211M 0s
 78550K .......... .......... .......... .......... .......... 74% 4,29M 0s
 78600K .......... .......... .......... .......... .......... 74%  137M 0s
 78650K .......... .......... .......... .......... .......... 74%  107M 0s
 78700K .......... .......... .......... .......... .......... 74% 85,1M 0s
 78750K .......... .......... .......... .......... .......... 74%  152M 0s
 78800K .......... .......... .......... .......... .......... 74%  188M 0s
 78850K .......... .......... .......... .......... .......... 74% 6,86M 0s
 78900K .......... .......... .......... .......... .......... 74%  191M 0s
 78950K .......... .......... .......... .......... .......... 74%  175M 0s
 79000K .......... .......... .......... .......... .......... 74% 21,3M 0s
 79050K .......... .......... .......... .......... .......... 74%  126M 0s
 79100K .......... .......... .......... .......... .......... 74%  201M 0s
 79150K .......... .......... .......... .......... .......... 75%  175M 0s
 79200K .......... .......... .......... .......... .......... 75%  199M 0s
 79250K .......... .......... .......... .......... .......... 75%  207M 0s
 79300K .......... .......... .......... .......... .......... 75%  200M 0s
 79350K .......... .......... .......... .......... .......... 75%  174M 0s
 79400K .......... .......... .......... .......... .......... 75%  190M 0s
 79450K .......... .......... .......... .......... .......... 75%  200M 0s
 79500K .......... .......... .......... .......... .......... 75%  195M 0s
 79550K .......... .......... .......... .......... .......... 75% 3,41M 0s
 79600K .......... .......... .......... .......... .......... 75%  163M 0s
 79650K .......... .......... .......... .......... .......... 75%  200M 0s
 79700K .......... .......... .......... .......... .......... 75%  203M 0s
 79750K .......... .......... .......... .......... .......... 75%  176M 0s
 79800K .......... .......... .......... .......... .......... 75%  200M 0s
 79850K .......... .......... .......... .......... .......... 75%  197M 0s
 79900K .......... .......... .......... .......... .......... 75%  204M 0s
 79950K .......... .......... .......... .......... .......... 75%  158M 0s
 80000K .......... .......... .......... .......... .......... 75%  203M 0s
 80050K .......... .......... .......... .......... .......... 75%  202M 0s
 80100K .......... .......... .......... .......... .......... 75%  206M 0s
 80150K .......... .......... .......... .......... .......... 75% 3,96M 0s
 80200K .......... .......... .......... .......... .......... 75%  192M 0s
 80250K .......... .......... .......... .......... .......... 76%  202M 0s
 80300K .......... .......... .......... .......... .......... 76%  201M 0s
 80350K .......... .......... .......... .......... .......... 76%  158M 0s
 80400K .......... .......... .......... .......... .......... 76%  199M 0s
 80450K .......... .......... .......... .......... .......... 76%  196M 0s
 80500K .......... .......... .......... .......... .......... 76%  203M 0s
 80550K .......... .......... .......... .......... .......... 76%  173M 0s
 80600K .......... .......... .......... .......... .......... 76%  201M 0s
 80650K .......... .......... .......... .......... .......... 76%  199M 0s
 80700K .......... .......... .......... .......... .......... 76%  204M 0s
 80750K .......... .......... .......... .......... .......... 76% 3,95M 0s
 80800K .......... .......... .......... .......... .......... 76%  198M 0s
 80850K .......... .......... .......... .......... .......... 76%  203M 0s
 80900K .......... .......... .......... .......... .......... 76%  194M 0s
 80950K .......... .......... .......... .......... .......... 76%  175M 0s
 81000K .......... .......... .......... .......... .......... 76%  200M 0s
 81050K .......... .......... .......... .......... .......... 76%  196M 0s
 81100K .......... .......... .......... .......... .......... 76%  190M 0s
 81150K .......... .......... .......... .......... .......... 76%  169M 0s
 81200K .......... .......... .......... .......... .......... 76%  206M 0s
 81250K .......... .......... .......... .......... .......... 76%  197M 0s
 81300K .......... .......... .......... .......... .......... 77% 3,97M 0s
 81350K .......... .......... .......... .......... .......... 77%  173M 0s
 81400K .......... .......... .......... .......... .......... 77%  198M 0s
 81450K .......... .......... .......... .......... .......... 77%  195M 0s
 81500K .......... .......... .......... .......... .......... 77%  190M 0s
 81550K .......... .......... .......... .......... .......... 77%  167M 0s
 81600K .......... .......... .......... .......... .......... 77%  197M 0s
 81650K .......... .......... .......... .......... .......... 77%  203M 0s
 81700K .......... .......... .......... .......... .......... 77%  193M 0s
 81750K .......... .......... .......... .......... .......... 77%  178M 0s
 81800K .......... .......... .......... .......... .......... 77%  200M 0s
 81850K .......... .......... .......... .......... .......... 77%  189M 0s
 81900K .......... .......... .......... .......... .......... 77% 3,97M 0s
 81950K .......... .......... .......... .......... .......... 77%  168M 0s
 82000K .......... .......... .......... .......... .......... 77%  186M 0s
 82050K .......... .......... .......... .......... .......... 77%  188M 0s
 82100K .......... .......... .......... .......... .......... 77%  197M 0s
 82150K .......... .......... .......... .......... .......... 77%  180M 0s
 82200K .......... .......... .......... .......... .......... 77%  198M 0s
 82250K .......... .......... .......... .......... .......... 77%  194M 0s
 82300K .......... .......... .......... .......... .......... 77%  200M 0s
 82350K .......... .......... .......... .......... .......... 78%  169M 0s
 82400K .......... .......... .......... .......... .......... 78%  196M 0s
 82450K .......... .......... .......... .......... .......... 78% 5,15M 0s
 82500K .......... .......... .......... .......... .......... 78%  201M 0s
 82550K .......... .......... .......... .......... .......... 78%  186M 0s
 82600K .......... .......... .......... .......... .......... 78%  198M 0s
 82650K .......... .......... .......... .......... .......... 78%  205M 0s
 82700K .......... .......... .......... .......... .......... 78%  204M 0s
 82750K .......... .......... .......... .......... .......... 78%  168M 0s
 82800K .......... .......... .......... .......... .......... 78%  189M 0s
 82850K .......... .......... .......... .......... .......... 78%  199M 0s
 82900K .......... .......... .......... .......... .......... 78%  205M 0s
 82950K .......... .......... .......... .......... .......... 78%  177M 0s
 83000K .......... .......... .......... .......... .......... 78% 3,64M 0s
 83050K .......... .......... .......... .......... .......... 78%  126M 0s
 83100K .......... .......... .......... .......... .......... 78%  126M 0s
 83150K .......... .......... .......... .......... .......... 78% 22,6M 0s
 83200K .......... .......... .......... .......... .......... 78%  202M 0s
 83250K .......... .......... .......... .......... .......... 78%  209M 0s
 83300K .......... .......... .......... .......... .......... 78%  205M 0s
 83350K .......... .......... .......... .......... .......... 78%  181M 0s
 83400K .......... .......... .......... .......... .......... 79%  209M 0s
 83450K .......... .......... .......... .......... .......... 79%  204M 0s
 83500K .......... .......... .......... .......... .......... 79%  206M 0s
 83550K .......... .......... .......... .......... .......... 79% 4,05M 0s
 83600K .......... .......... .......... .......... .......... 79%  202M 0s
 83650K .......... .......... .......... .......... .......... 79%  194M 0s
 83700K .......... .......... .......... .......... .......... 79%  196M 0s
 83750K .......... .......... .......... .......... .......... 79%  166M 0s
 83800K .......... .......... .......... .......... .......... 79%  200M 0s
 83850K .......... .......... .......... .......... .......... 79%  204M 0s
 83900K .......... .......... .......... .......... .......... 79%  198M 0s
 83950K .......... .......... .......... .......... .......... 79% 5,23M 0s
 84000K .......... .......... .......... .......... .......... 79%  201M 0s
 84050K .......... .......... .......... .......... .......... 79%  185M 0s
 84100K .......... .......... .......... .......... .......... 79%  201M 0s
 84150K .......... .......... .......... .......... .......... 79%  176M 0s
 84200K .......... .......... .......... .......... .......... 79%  208M 0s
 84250K .......... .......... .......... .......... .......... 79%  206M 0s
 84300K .......... .......... .......... .......... .......... 79%  206M 0s
 84350K .......... .......... .......... .......... .......... 79%  168M 0s
 84400K .......... .......... .......... .......... .......... 79%  200M 0s
 84450K .......... .......... .......... .......... .......... 80%  204M 0s
 84500K .......... .......... .......... .......... .......... 80%  205M 0s
 84550K .......... .......... .......... .......... .......... 80% 5,87M 0s
 84600K .......... .......... .......... .......... .......... 80% 35,0M 0s
 84650K .......... .......... .......... .......... .......... 80% 37,0M 0s
 84700K .......... .......... .......... .......... .......... 80% 35,6M 0s
 84750K .......... .......... .......... .......... .......... 80% 71,3M 0s
 84800K .......... .......... .......... .......... .......... 80%  191M 0s
 84850K .......... .......... .......... .......... .......... 80%  193M 0s
 84900K .......... .......... .......... .......... .......... 80%  206M 0s
 84950K .......... .......... .......... .......... .......... 80%  175M 0s
 85000K .......... .......... .......... .......... .......... 80% 34,0M 0s
 85050K .......... .......... .......... .......... .......... 80% 42,6M 0s
 85100K .......... .......... .......... .......... .......... 80% 65,7M 0s
 85150K .......... .......... .......... .......... .......... 80%  123M 0s
 85200K .......... .......... .......... .......... .......... 80%  206M 0s
 85250K .......... .......... .......... .......... .......... 80%  197M 0s
 85300K .......... .......... .......... .......... .......... 80%  208M 0s
 85350K .......... .......... .......... .......... .......... 80%  186M 0s
 85400K .......... .......... .......... .......... .......... 80%  208M 0s
 85450K .......... .......... .......... .......... .......... 80% 44,8M 0s
 85500K .......... .......... .......... .......... .......... 81% 35,4M 0s
 85550K .......... .......... .......... .......... .......... 81% 57,4M 0s
 85600K .......... .......... .......... .......... .......... 81%  205M 0s
 85650K .......... .......... .......... .......... .......... 81%  209M 0s
 85700K .......... .......... .......... .......... .......... 81%  199M 0s
 85750K .......... .......... .......... .......... .......... 81%  174M 0s
 85800K .......... .......... .......... .......... .......... 81%  205M 0s
 85850K .......... .......... .......... .......... .......... 81%  209M 0s
 85900K .......... .......... .......... .......... .......... 81%  211M 0s
 85950K .......... .......... .......... .......... .......... 81% 36,2M 0s
 86000K .......... .......... .......... .......... .......... 81% 54,8M 0s
 86050K .......... .......... .......... .......... .......... 81%  191M 0s
 86100K .......... .......... .......... .......... .......... 81%  188M 0s
 86150K .......... .......... .......... .......... .......... 81%  170M 0s
 86200K .......... .......... .......... .......... .......... 81%  184M 0s
 86250K .......... .......... .......... .......... .......... 81%  193M 0s
 86300K .......... .......... .......... .......... .......... 81%  192M 0s
 86350K .......... .......... .......... .......... .......... 81%  158M 0s
 86400K .......... .......... .......... .......... .......... 81%  182M 0s
 86450K .......... .......... .......... .......... .......... 81%  186M 0s
 86500K .......... .......... .......... .......... .......... 81%  194M 0s
 86550K .......... .......... .......... .......... .......... 82%  162M 0s
 86600K .......... .......... .......... .......... .......... 82%  182M 0s
 86650K .......... .......... .......... .......... .......... 82%  194M 0s
 86700K .......... .......... .......... .......... .......... 82%  194M 0s
 86750K .......... .......... .......... .......... .......... 82%  145M 0s
 86800K .......... .......... .......... .......... .......... 82%  185M 0s
 86850K .......... .......... .......... .......... .......... 82%  191M 0s
 86900K .......... .......... .......... .......... .......... 82%  185M 0s
 86950K .......... .......... .......... .......... .......... 82%  172M 0s
 87000K .......... .......... .......... .......... .......... 82%  185M 0s
 87050K .......... .......... .......... .......... .......... 82%  191M 0s
 87100K .......... .......... .......... .......... .......... 82%  189M 0s
 87150K .......... .......... .......... .......... .......... 82%  168M 0s
 87200K .......... .......... .......... .......... .......... 82%  198M 0s
 87250K .......... .......... .......... .......... .......... 82%  199M 0s
 87300K .......... .......... .......... .......... .......... 82%  192M 0s
 87350K .......... .......... .......... .......... .......... 82%  176M 0s
 87400K .......... .......... .......... .......... .......... 82%  200M 0s
 87450K .......... .......... .......... .......... .......... 82%  198M 0s
 87500K .......... .......... .......... .......... .......... 82%  164M 0s
 87550K .......... .......... .......... .......... .......... 82%  160M 0s
 87600K .......... .......... .......... .......... .......... 83%  188M 0s
 87650K .......... .......... .......... .......... .......... 83%  183M 0s
 87700K .......... .......... .......... .......... .......... 83%  193M 0s
 87750K .......... .......... .......... .......... .......... 83%  169M 0s
 87800K .......... .......... .......... .......... .......... 83%  184M 0s
 87850K .......... .......... .......... .......... .......... 83%  183M 0s
 87900K .......... .......... .......... .......... .......... 83%  189M 0s
 87950K .......... .......... .......... .......... .......... 83%  158M 0s
 88000K .......... .......... .......... .......... .......... 83%  197M 0s
 88050K .......... .......... .......... .......... .......... 83%  186M 0s
 88100K .......... .......... .......... .......... .......... 83%  196M 0s
 88150K .......... .......... .......... .......... .......... 83%  170M 0s
 88200K .......... .......... .......... .......... .......... 83%  188M 0s
 88250K .......... .......... .......... .......... .......... 83%  191M 0s
 88300K .......... .......... .......... .......... .......... 83%  193M 0s
 88350K .......... .......... .......... .......... .......... 83%  159M 0s
 88400K .......... .......... .......... .......... .......... 83%  190M 0s
 88450K .......... .......... .......... .......... .......... 83%  180M 0s
 88500K .......... .......... .......... .......... .......... 83%  164M 0s
 88550K .......... .......... .......... .......... .......... 83%  180M 0s
 88600K .......... .......... .......... .......... .......... 83%  182M 0s
 88650K .......... .......... .......... .......... .......... 84%  192M 0s
 88700K .......... .......... .......... .......... .......... 84%  198M 0s
 88750K .......... .......... .......... .......... .......... 84%  163M 0s
 88800K .......... .......... .......... .......... .......... 84%  181M 0s
 88850K .......... .......... .......... .......... .......... 84%  199M 0s
 88900K .......... .......... .......... .......... .......... 84%  198M 0s
 88950K .......... .......... .......... .......... .......... 84%  161M 0s
 89000K .......... .......... .......... .......... .......... 84%  189M 0s
 89050K .......... .......... .......... .......... .......... 84%  186M 0s
 89100K .......... .......... .......... .......... .......... 84%  179M 0s
 89150K .......... .......... .......... .......... .......... 84%  151M 0s
 89200K .......... .......... .......... .......... .......... 84%  189M 0s
 89250K .......... .......... .......... .......... .......... 84%  180M 0s
 89300K .......... .......... .......... .......... .......... 84%  188M 0s
 89350K .......... .......... .......... .......... .......... 84%  152M 0s
 89400K .......... .......... .......... .......... .......... 84%  175M 0s
 89450K .......... .......... .......... .......... .......... 84%  189M 0s
 89500K .......... .......... .......... .......... .......... 84%  188M 0s
 89550K .......... .......... .......... .......... .......... 84%  153M 0s
 89600K .......... .......... .......... .......... .......... 84%  194M 0s
 89650K .......... .......... .......... .......... .......... 84%  188M 0s
 89700K .......... .......... .......... .......... .......... 84%  182M 0s
 89750K .......... .......... .......... .......... .......... 85%  171M 0s
 89800K .......... .......... .......... .......... .......... 85%  188M 0s
 89850K .......... .......... .......... .......... .......... 85%  184M 0s
 89900K .......... .......... .......... .......... .......... 85%  175M 0s
 89950K .......... .......... .......... .......... .......... 85%  161M 0s
 90000K .......... .......... .......... .......... .......... 85%  174M 0s
 90050K .......... .......... .......... .......... .......... 85%  177M 0s
 90100K .......... .......... .......... .......... .......... 85%  193M 0s
 90150K .......... .......... .......... .......... .......... 85%  168M 0s
 90200K .......... .......... .......... .......... .......... 85%  182M 0s
 90250K .......... .......... .......... .......... .......... 85%  194M 0s
 90300K .......... .......... .......... .......... .......... 85%  193M 0s
 90350K .......... .......... .......... .......... .......... 85%  163M 0s
 90400K .......... .......... .......... .......... .......... 85%  198M 0s
 90450K .......... .......... .......... .......... .......... 85%  192M 0s
 90500K .......... .......... .......... .......... .......... 85%  190M 0s
 90550K .......... .......... .......... .......... .......... 85%  137M 0s
 90600K .......... .......... .......... .......... .......... 85%  187M 0s
 90650K .......... .......... .......... .......... .......... 85%  191M 0s
 90700K .......... .......... .......... .......... .......... 85%  199M 0s
 90750K .......... .......... .......... .......... .......... 85%  163M 0s
 90800K .......... .......... .......... .......... .......... 86%  182M 0s
 90850K .......... .......... .......... .......... .......... 86%  200M 0s
 90900K .......... .......... .......... .......... .......... 86%  127M 0s
 90950K .......... .......... .......... .......... .......... 86% 64,7M 0s
 91000K .......... .......... .......... .......... .......... 86% 61,5M 0s
 91050K .......... .......... .......... .......... .......... 86%  144M 0s
 91100K .......... .......... .......... .......... .......... 86% 53,9M 0s
 91150K .......... .......... .......... .......... .......... 86% 76,9M 0s
 91200K .......... .......... .......... .......... .......... 86% 66,4M 0s
 91250K .......... .......... .......... .......... .......... 86% 73,2M 0s
 91300K .......... .......... .......... .......... .......... 86%  117M 0s
 91350K .......... .......... .......... .......... .......... 86% 63,7M 0s
 91400K .......... .......... .......... .......... .......... 86% 66,2M 0s
 91450K .......... .......... .......... .......... .......... 86% 69,4M 0s
 91500K .......... .......... .......... .......... .......... 86% 68,5M 0s
 91550K .......... .......... .......... .......... .......... 86% 43,4M 0s
 91600K .......... .......... .......... .......... .......... 86%  153M 0s
 91650K .......... .......... .......... .......... .......... 86% 78,2M 0s
 91700K .......... .......... .......... .......... .......... 86% 60,3M 0s
 91750K .......... .......... .......... .......... .......... 86% 59,4M 0s
 91800K .......... .......... .......... .......... .......... 86%  172M 0s
 91850K .......... .......... .......... .......... .......... 87% 67,4M 0s
 91900K .......... .......... .......... .......... .......... 87% 76,9M 0s
 91950K .......... .......... .......... .......... .......... 87% 59,9M 0s
 92000K .......... .......... .......... .......... .......... 87% 60,2M 0s
 92050K .......... .......... .......... .......... .......... 87%  103M 0s
 92100K .......... .......... .......... .......... .......... 87% 94,7M 0s
 92150K .......... .......... .......... .......... .......... 87% 69,6M 0s
 92200K .......... .......... .......... .......... .......... 87% 83,3M 0s
 92250K .......... .......... .......... .......... .......... 87% 64,7M 0s
 92300K .......... .......... .......... .......... .......... 87%  118M 0s
 92350K .......... .......... .......... .......... .......... 87% 66,6M 0s
 92400K .......... .......... .......... .......... .......... 87% 82,7M 0s
 92450K .......... .......... .......... .......... .......... 87% 62,4M 0s
 92500K .......... .......... .......... .......... .......... 87% 73,5M 0s
 92550K .......... .......... .......... .......... .......... 87% 97,5M 0s
 92600K .......... .......... .......... .......... .......... 87% 78,2M 0s
 92650K .......... .......... .......... .......... .......... 87% 81,6M 0s
 92700K .......... .......... .......... .......... .......... 87% 71,0M 0s
 92750K .......... .......... .......... .......... .......... 87% 62,8M 0s
 92800K .......... .......... .......... .......... .......... 87% 99,0M 0s
 92850K .......... .......... .......... .......... .......... 87% 81,1M 0s
 92900K .......... .......... .......... .......... .......... 88% 84,5M 0s
 92950K .......... .......... .......... .......... .......... 88% 63,2M 0s
 93000K .......... .......... .......... .......... .......... 88% 63,5M 0s
 93050K .......... .......... .......... .......... .......... 88%  187M 0s
 93100K .......... .......... .......... .......... .......... 88% 69,9M 0s
 93150K .......... .......... .......... .......... .......... 88% 69,2M 0s
 93200K .......... .......... .......... .......... .......... 88% 46,3M 0s
 93250K .......... .......... .......... .......... .......... 88% 22,4M 0s
 93300K .......... .......... .......... .......... .......... 88%  134M 0s
 93350K .......... .......... .......... .......... .......... 88%  109M 0s
 93400K .......... .......... .......... .......... .......... 88% 95,6M 0s
 93450K .......... .......... .......... .......... .......... 88%  164M 0s
 93500K .......... .......... .......... .......... .......... 88%  117M 0s
 93550K .......... .......... .......... .......... .......... 88% 89,0M 0s
 93600K .......... .......... .......... .......... .......... 88%  119M 0s
 93650K .......... .......... .......... .......... .......... 88% 96,2M 0s
 93700K .......... .......... .......... .......... .......... 88%  141M 0s
 93750K .......... .......... .......... .......... .......... 88% 91,7M 0s
 93800K .......... .......... .......... .......... .......... 88% 65,6M 0s
 93850K .......... .......... .......... .......... .......... 88%  105M 0s
 93900K .......... .......... .......... .......... .......... 88% 76,8M 0s
 93950K .......... .......... .......... .......... .......... 89% 71,1M 0s
 94000K .......... .......... .......... .......... .......... 89% 58,9M 0s
 94050K .......... .......... .......... .......... .......... 89% 73,9M 0s
 94100K .......... .......... .......... .......... .......... 89%  139M 0s
 94150K .......... .......... .......... .......... .......... 89% 75,2M 0s
 94200K .......... .......... .......... .......... .......... 89% 71,1M 0s
 94250K .......... .......... .......... .......... .......... 89% 63,6M 0s
 94300K .......... .......... .......... .......... .......... 89%  173M 0s
 94350K .......... .......... .......... .......... .......... 89% 52,5M 0s
 94400K .......... .......... .......... .......... .......... 89% 78,0M 0s
 94450K .......... .......... .......... .......... .......... 89% 86,0M 0s
 94500K .......... .......... .......... .......... .......... 89% 67,4M 0s
 94550K .......... .......... .......... .......... .......... 89% 91,4M 0s
 94600K .......... .......... .......... .......... .......... 89% 94,2M 0s
 94650K .......... .......... .......... .......... .......... 89% 70,2M 0s
 94700K .......... .......... .......... .......... .......... 89% 69,1M 0s
 94750K .......... .......... .......... .......... .......... 89% 71,7M 0s
 94800K .......... .......... .......... .......... .......... 89% 60,9M 0s
 94850K .......... .......... .......... .......... .......... 89%  150M 0s
 94900K .......... .......... .......... .......... .......... 89% 74,3M 0s
 94950K .......... .......... .......... .......... .......... 89% 70,0M 0s
 95000K .......... .......... .......... .......... .......... 90% 72,7M 0s
 95050K .......... .......... .......... .......... .......... 90% 86,4M 0s
 95100K .......... .......... .......... .......... .......... 90% 96,2M 0s
 95150K .......... .......... .......... .......... .......... 90% 62,7M 0s
 95200K .......... .......... .......... .......... .......... 90% 78,6M 0s
 95250K .......... .......... .......... .......... .......... 90% 69,5M 0s
 95300K .......... .......... .......... .......... .......... 90% 67,5M 0s
 95350K .......... .......... .......... .......... .......... 90%  122M 0s
 95400K .......... .......... .......... .......... .......... 90% 16,0M 0s
 95450K .......... .......... .......... .......... .......... 90%  201M 0s
 95500K .......... .......... .......... .......... .......... 90%  206M 0s
 95550K .......... .......... .......... .......... .......... 90%  106M 0s
 95600K .......... .......... .......... .......... .......... 90%  204M 0s
 95650K .......... .......... .......... .......... .......... 90%  210M 0s
 95700K .......... .......... .......... .......... .......... 90%  201M 0s
 95750K .......... .......... .......... .......... .......... 90% 8,99M 0s
 95800K .......... .......... .......... .......... .......... 90%  206M 0s
 95850K .......... .......... .......... .......... .......... 90%  198M 0s
 95900K .......... .......... .......... .......... .......... 90%  208M 0s
 95950K .......... .......... .......... .......... .......... 90%  164M 0s
 96000K .......... .......... .......... .......... .......... 90%  205M 0s
 96050K .......... .......... .......... .......... .......... 91%  201M 0s
 96100K .......... .......... .......... .......... .......... 91%  208M 0s
 96150K .......... .......... .......... .......... .......... 91% 6,66M 0s
 96200K .......... .......... .......... .......... .......... 91%  199M 0s
 96250K .......... .......... .......... .......... .......... 91%  208M 0s
 96300K .......... .......... .......... .......... .......... 91%  208M 0s
 96350K .......... .......... .......... .......... .......... 91% 21,1M 0s
 96400K .......... .......... .......... .......... .......... 91%  209M 0s
 96450K .......... .......... .......... .......... .......... 91%  207M 0s
 96500K .......... .......... .......... .......... .......... 91%  208M 0s
 96550K .......... .......... .......... .......... .......... 91%  184M 0s
 96600K .......... .......... .......... .......... .......... 91%  205M 0s
 96650K .......... .......... .......... .......... .......... 91%  203M 0s
 96700K .......... .......... .......... .......... .......... 91%  197M 0s
 96750K .......... .......... .......... .......... .......... 91% 7,75M 0s
 96800K .......... .......... .......... .......... .......... 91%  191M 0s
 96850K .......... .......... .......... .......... .......... 91%  199M 0s
 96900K .......... .......... .......... .......... .......... 91%  204M 0s
 96950K .......... .......... .......... .......... .......... 91% 14,7M 0s
 97000K .......... .......... .......... .......... .......... 91%  202M 0s
 97050K .......... .......... .......... .......... .......... 91%  205M 0s
 97100K .......... .......... .......... .......... .......... 92%  192M 0s
 97150K .......... .......... .......... .......... .......... 92%  168M 0s
 97200K .......... .......... .......... .......... .......... 92%  200M 0s
 97250K .......... .......... .......... .......... .......... 92%  197M 0s
 97300K .......... .......... .......... .......... .......... 92%  194M 0s
 97350K .......... .......... .......... .......... .......... 92%  176M 0s
 97400K .......... .......... .......... .......... .......... 92%  194M 0s
 97450K .......... .......... .......... .......... .......... 92%  210M 0s
 97500K .......... .......... .......... .......... .......... 92% 5,25M 0s
 97550K .......... .......... .......... .......... .......... 92%  166M 0s
 97600K .......... .......... .......... .......... .......... 92%  203M 0s
 97650K .......... .......... .......... .......... .......... 92%  206M 0s
 97700K .......... .......... .......... .......... .......... 92% 14,9M 0s
 97750K .......... .......... .......... .......... .......... 92%  185M 0s
 97800K .......... .......... .......... .......... .......... 92%  201M 0s
 97850K .......... .......... .......... .......... .......... 92%  200M 0s
 97900K .......... .......... .......... .......... .......... 92%  199M 0s
 97950K .......... .......... .......... .......... .......... 92%  169M 0s
 98000K .......... .......... .......... .......... .......... 92%  200M 0s
 98050K .......... .......... .......... .......... .......... 92%  204M 0s
 98100K .......... .......... .......... .......... .......... 92% 7,74M 0s
 98150K .......... .......... .......... .......... .......... 92%  186M 0s
 98200K .......... .......... .......... .......... .......... 93%  199M 0s
 98250K .......... .......... .......... .......... .......... 93%  208M 0s
 98300K .......... .......... .......... .......... .......... 93%  196M 0s
 98350K .......... .......... .......... .......... .......... 93%  167M 0s
 98400K .......... .......... .......... .......... .......... 93%  191M 0s
 98450K .......... .......... .......... .......... .......... 93%  199M 0s
 98500K .......... .......... .......... .......... .......... 93%  194M 0s
 98550K .......... .......... .......... .......... .......... 93%  184M 0s
 98600K .......... .......... .......... .......... .......... 93%  194M 0s
 98650K .......... .......... .......... .......... .......... 93% 5,25M 0s
 98700K .......... .......... .......... .......... .......... 93%  185M 0s
 98750K .......... .......... .......... .......... .......... 93%  166M 0s
 98800K .......... .......... .......... .......... .......... 93%  193M 0s
 98850K .......... .......... .......... .......... .......... 93%  196M 0s
 98900K .......... .......... .......... .......... .......... 93%  199M 0s
 98950K .......... .......... .......... .......... .......... 93%  184M 0s
 99000K .......... .......... .......... .......... .......... 93%  204M 0s
 99050K .......... .......... .......... .......... .......... 93%  185M 0s
 99100K .......... .......... .......... .......... .......... 93%  204M 0s
 99150K .......... .......... .......... .......... .......... 93%  165M 0s
 99200K .......... .......... .......... .......... .......... 93%  200M 0s
 99250K .......... .......... .......... .......... .......... 94% 5,26M 0s
 99300K .......... .......... .......... .......... .......... 94%  203M 0s
 99350K .......... .......... .......... .......... .......... 94%  186M 0s
 99400K .......... .......... .......... .......... .......... 94%  207M 0s
 99450K .......... .......... .......... .......... .......... 94%  192M 0s
 99500K .......... .......... .......... .......... .......... 94%  207M 0s
 99550K .......... .......... .......... .......... .......... 94%  166M 0s
 99600K .......... .......... .......... .......... .......... 94%  196M 0s
 99650K .......... .......... .......... .......... .......... 94%  191M 0s
 99700K .......... .......... .......... .......... .......... 94%  199M 0s
 99750K .......... .......... .......... .......... .......... 94%  182M 0s
 99800K .......... .......... .......... .......... .......... 94% 5,26M 0s
 99850K .......... .......... .......... .......... .......... 94%  179M 0s
 99900K .......... .......... .......... .......... .......... 94%  199M 0s
 99950K .......... .......... .......... .......... .......... 94%  171M 0s
100000K .......... .......... .......... .......... .......... 94%  191M 0s
100050K .......... .......... .......... .......... .......... 94%  202M 0s
100100K .......... .......... .......... .......... .......... 94%  207M 0s
100150K .......... .......... .......... .......... .......... 94%  178M 0s
100200K .......... .......... .......... .......... .......... 94%  194M 0s
100250K .......... .......... .......... .......... .......... 94%  202M 0s
100300K .......... .......... .......... .......... .......... 95%  202M 0s
100350K .......... .......... .......... .......... .......... 95%  169M 0s
100400K .......... .......... .......... .......... .......... 95% 5,25M 0s
100450K .......... .......... .......... .......... .......... 95%  197M 0s
100500K .......... .......... .......... .......... .......... 95%  207M 0s
100550K .......... .......... .......... .......... .......... 95%  185M 0s
100600K .......... .......... .......... .......... .......... 95%  195M 0s
100650K .......... .......... .......... .......... .......... 95%  208M 0s
100700K .......... .......... .......... .......... .......... 95%  202M 0s
100750K .......... .......... .......... .......... .......... 95%  169M 0s
100800K .......... .......... .......... .......... .......... 95%  194M 0s
100850K .......... .......... .......... .......... .......... 95%  199M 0s
100900K .......... .......... .......... .......... .......... 95%  201M 0s
100950K .......... .......... .......... .......... .......... 95%  182M 0s
101000K .......... .......... .......... .......... .......... 95% 5,25M 0s
101050K .......... .......... .......... .......... .......... 95%  206M 0s
101100K .......... .......... .......... .......... .......... 95%  207M 0s
101150K .......... .......... .......... .......... .......... 95%  169M 0s
101200K .......... .......... .......... .......... .......... 95%  205M 0s
101250K .......... .......... .......... .......... .......... 95%  205M 0s
101300K .......... .......... .......... .......... .......... 95%  197M 0s
101350K .......... .......... .......... .......... .......... 96%  177M 0s
101400K .......... .......... .......... .......... .......... 96%  198M 0s
101450K .......... .......... .......... .......... .......... 96%  199M 0s
101500K .......... .......... .......... .......... .......... 96%  196M 0s
101550K .......... .......... .......... .......... .......... 96% 3,96M 0s
101600K .......... .......... .......... .......... .......... 96%  195M 0s
101650K .......... .......... .......... .......... .......... 96%  204M 0s
101700K .......... .......... .......... .......... .......... 96%  208M 0s
101750K .......... .......... .......... .......... .......... 96%  178M 0s
101800K .......... .......... .......... .......... .......... 96%  207M 0s
101850K .......... .......... .......... .......... .......... 96%  208M 0s
101900K .......... .......... .......... .......... .......... 96%  208M 0s
101950K .......... .......... .......... .......... .......... 96%  162M 0s
102000K .......... .......... .......... .......... .......... 96%  201M 0s
102050K .......... .......... .......... .......... .......... 96%  208M 0s
102100K .......... .......... .......... .......... .......... 96%  208M 0s
102150K .......... .......... .......... .......... .......... 96% 3,96M 0s
102200K .......... .......... .......... .......... .......... 96%  194M 0s
102250K .......... .......... .......... .......... .......... 96%  202M 0s
102300K .......... .......... .......... .......... .......... 96%  205M 0s
102350K .......... .......... .......... .......... .......... 96%  163M 0s
102400K .......... .......... .......... .......... .......... 97%  198M 0s
102450K .......... .......... .......... .......... .......... 97%  199M 0s
102500K .......... .......... .......... .......... .......... 97%  201M 0s
102550K .......... .......... .......... .......... .......... 97% 6,69M 0s
102600K .......... .......... .......... .......... .......... 97%  205M 0s
102650K .......... .......... .......... .......... .......... 97%  205M 0s
102700K .......... .......... .......... .......... .......... 97%  207M 0s
102750K .......... .......... .......... .......... .......... 97% 37,4M 0s
102800K .......... .......... .......... .......... .......... 97%  204M 0s
102850K .......... .......... .......... .......... .......... 97%  207M 0s
102900K .......... .......... .......... .......... .......... 97%  196M 0s
102950K .......... .......... .......... .......... .......... 97% 38,1M 0s
103000K .......... .......... .......... .......... .......... 97%  207M 0s
103050K .......... .......... .......... .......... .......... 97%  209M 0s
103100K .......... .......... .......... .......... .......... 97%  207M 0s
103150K .......... .......... .......... .......... .......... 97%  168M 0s
103200K .......... .......... .......... .......... .......... 97%  202M 0s
103250K .......... .......... .......... .......... .......... 97%  207M 0s
103300K .......... .......... .......... .......... .......... 97%  210M 0s
103350K .......... .......... .......... .......... .......... 97% 14,9M 0s
103400K .......... .......... .......... .......... .......... 97%  207M 0s
103450K .......... .......... .......... .......... .......... 98%  209M 0s
103500K .......... .......... .......... .......... .......... 98%  204M 0s
103550K .......... .......... .......... .......... .......... 98%  170M 0s
103600K .......... .......... .......... .......... .......... 98%  205M 0s
103650K .......... .......... .......... .......... .......... 98%  207M 0s
103700K .......... .......... .......... .......... .......... 98%  210M 0s
103750K .......... .......... .......... .......... .......... 98%  177M 0s
103800K .......... .......... .......... .......... .......... 98%  208M 0s
103850K .......... .......... .......... .......... .......... 98%  199M 0s
103900K .......... .......... .......... .......... .......... 98%  193M 0s
103950K .......... .......... .......... .......... .......... 98% 14,7M 0s
104000K .......... .......... .......... .......... .......... 98%  201M 0s
104050K .......... .......... .......... .......... .......... 98%  208M 0s
104100K .......... .......... .......... .......... .......... 98%  205M 0s
104150K .......... .......... .......... .......... .......... 98%  180M 0s
104200K .......... .......... .......... .......... .......... 98%  209M 0s
104250K .......... .......... .......... .......... .......... 98%  207M 0s
104300K .......... .......... .......... .......... .......... 98%  208M 0s
104350K .......... .......... .......... .......... .......... 98%  157M 0s
104400K .......... .......... .......... .......... .......... 98%  207M 0s
104450K .......... .......... .......... .......... .......... 98%  206M 0s
104500K .......... .......... .......... .......... .......... 99%  206M 0s
104550K .......... .......... .......... .......... .......... 99% 19,1M 0s
104600K .......... .......... .......... .......... .......... 99%  206M 0s
104650K .......... .......... .......... .......... .......... 99%  208M 0s
104700K .......... .......... .......... .......... .......... 99%  192M 0s
104750K .......... .......... .......... .......... .......... 99%  174M 0s
104800K .......... .......... .......... .......... .......... 99%  210M 0s
104850K .......... .......... .......... .......... .......... 99%  207M 0s
104900K .......... .......... .......... .......... .......... 99%  195M 0s
104950K .......... .......... .......... .......... .......... 99%  187M 0s
105000K .......... .......... .......... .......... .......... 99%  209M 0s
105050K .......... .......... .......... .......... .......... 99%  210M 0s
105100K .......... .......... .......... .......... .......... 99%  139M 0s
105150K .......... .......... .......... .......... .......... 99%  165M 0s
105200K .......... .......... .......... .......... .......... 99%  201M 0s
105250K .......... .......... .......... .......... .......... 99%  183M 0s
105300K .......... .......... .......... .......... .......... 99%  205M 0s
105350K .......... .......... .......... .......... .......... 99%  158M 0s
105400K .......... .......... .......... .......... .......... 99%  207M 0s
105450K .......... .......... .......... .......... .......... 99%  181M 0s
105500K .......... .......... .......... .......... .......... 99%  201M 0s
105550K .......... .......... .......... .......... .....     100%  187M=1,5s

2025-12-09 11:06:36 (68,1 MB/s) - ‘/home/jason/Téléchargements/discord.deb’ enregistré [108129322/108129322]

(Lecture de la base de données... 600538 fichiers et répertoires déjà installés.)
Préparation du dépaquetage de .../Téléchargements/discord.deb ...
Dépaquetage de discord (0.0.118) sur (0.0.118) ...
Paramétrage de discord (0.0.118) ...
6327
6331
6332
6334
6369
6376
6473
6506
Traitement des actions différées (« triggers ») pour mailcap (3.70+nmu1ubuntu1) ...
Traitement des actions différées (« triggers ») pour gnome-menus (3.36.0-1ubuntu3) ...
Traitement des actions différées (« triggers ») pour desktop-file-utils (0.26-1ubuntu3) ...
Discord installé avec succès

---- [2025-12-09T11:06:42+01:00] Début installation: Google Chrome (scripts/install_chrome.sh)
--2025-12-09 11:06:42--  https://dl.google.com/linux/direct/google-chrome-stable_current_amd64.deb
Résolution de dl.google.com (dl.google.com)… 74.125.133.190, 74.125.133.136, 74.125.133.91, ...
Connexion à dl.google.com (dl.google.com)|74.125.133.190|:443… connecté.
requête HTTP transmise, en attente de la réponse… 200 OK
Taille : 117933480 (112M) [application/x-debian-package]
Enregistre : ‘/home/jason/Téléchargements/chrome.deb’

     0K .......... .......... .......... .......... ..........  0% 1,85M 61s
    50K .......... .......... .......... .......... ..........  0% 3,42M 47s
   100K .......... .......... .......... .......... ..........  0% 5,29M 38s
   150K .......... .......... .......... .......... ..........  0% 7,89M 32s
   200K .......... .......... .......... .......... ..........  0% 8,22M 28s
   250K .......... .......... .......... .......... ..........  0% 14,5M 25s
   300K .......... .......... .......... .......... ..........  0% 15,2M 22s
   350K .......... .......... .......... .......... ..........  0% 17,0M 21s
   400K .......... .......... .......... .......... ..........  0% 17,9M 19s
   450K .......... .......... .......... .......... ..........  0% 15,1M 18s
   500K .......... .......... .......... .......... ..........  0% 32,5M 16s
   550K .......... .......... .......... .......... ..........  0% 24,8M 15s
   600K .......... .......... .......... .......... ..........  0% 24,3M 15s
   650K .......... .......... .......... .......... ..........  0% 29,2M 14s
   700K .......... .......... .......... .......... ..........  0% 27,0M 13s
   750K .......... .......... .......... .......... ..........  0% 32,0M 13s
   800K .......... .......... .......... .......... ..........  0% 33,6M 12s
   850K .......... .......... .......... .......... ..........  0% 25,0M 12s
   900K .......... .......... .......... .......... ..........  0% 58,3M 11s
   950K .......... .......... .......... .......... ..........  0% 42,7M 11s
  1000K .......... .......... .......... .......... ..........  0% 51,9M 10s
  1050K .......... .......... .......... .......... ..........  0% 62,9M 10s
  1100K .......... .......... .......... .......... ..........  0% 46,2M 10s
  1150K .......... .......... .......... .......... ..........  1% 58,1M 9s
  1200K .......... .......... .......... .......... ..........  1% 47,4M 9s
  1250K .......... .......... .......... .......... ..........  1% 49,0M 9s
  1300K .......... .......... .......... .......... ..........  1% 57,6M 8s
  1350K .......... .......... .......... .......... ..........  1% 39,1M 8s
  1400K .......... .......... .......... .......... ..........  1% 49,9M 8s
  1450K .......... .......... .......... .......... ..........  1% 59,1M 8s
  1500K .......... .......... .......... .......... ..........  1% 61,7M 8s
  1550K .......... .......... .......... .......... ..........  1% 48,7M 7s
  1600K .......... .......... .......... .......... ..........  1% 49,6M 7s
  1650K .......... .......... .......... .......... ..........  1% 72,4M 7s
  1700K .......... .......... .......... .......... ..........  1% 48,2M 7s
  1750K .......... .......... .......... .......... ..........  1% 48,5M 7s
  1800K .......... .......... .......... .......... ..........  1% 53,3M 7s
  1850K .......... .......... .......... .......... ..........  1% 61,1M 7s
  1900K .......... .......... .......... .......... ..........  1% 69,7M 6s
  1950K .......... .......... .......... .......... ..........  1% 68,0M 6s
  2000K .......... .......... .......... .......... ..........  1% 67,5M 6s
  2050K .......... .......... .......... .......... ..........  1%  194M 6s
  2100K .......... .......... .......... .......... ..........  1%  204M 6s
  2150K .......... .......... .......... .......... ..........  1%  146M 6s
  2200K .......... .......... .......... .......... ..........  1%  158M 6s
  2250K .......... .......... .......... .......... ..........  1%  149M 6s
  2300K .......... .......... .......... .......... ..........  2%  162M 5s
  2350K .......... .......... .......... .......... ..........  2%  145M 5s
  2400K .......... .......... .......... .......... ..........  2%  138M 5s
  2450K .......... .......... .......... .......... ..........  2%  154M 5s
  2500K .......... .......... .......... .......... ..........  2%  181M 5s
  2550K .......... .......... .......... .......... ..........  2%  179M 5s
  2600K .......... .......... .......... .......... ..........  2%  181M 5s
  2650K .......... .......... .......... .......... ..........  2%  190M 5s
  2700K .......... .......... .......... .......... ..........  2%  148M 5s
  2750K .......... .......... .......... .......... ..........  2% 95,6M 5s
  2800K .......... .......... .......... .......... ..........  2%  107M 5s
  2850K .......... .......... .......... .......... ..........  2%  114M 5s
  2900K .......... .......... .......... .......... ..........  2%  115M 4s
  2950K .......... .......... .......... .......... ..........  2%  115M 4s
  3000K .......... .......... .......... .......... ..........  2%  114M 4s
  3050K .......... .......... .......... .......... ..........  2%  118M 4s
  3100K .......... .......... .......... .......... ..........  2%  117M 4s
  3150K .......... .......... .......... .......... ..........  2% 88,9M 4s
  3200K .......... .......... .......... .......... ..........  2%  115M 4s
  3250K .......... .......... .......... .......... ..........  2% 94,2M 4s
  3300K .......... .......... .......... .......... ..........  2%  113M 4s
  3350K .......... .......... .......... .......... ..........  2%  100M 4s
  3400K .......... .......... .......... .......... ..........  2% 94,0M 4s
  3450K .......... .......... .......... .......... ..........  3%  155M 4s
  3500K .......... .......... .......... .......... ..........  3% 98,9M 4s
  3550K .......... .......... .......... .......... ..........  3%  104M 4s
  3600K .......... .......... .......... .......... ..........  3%  118M 4s
  3650K .......... .......... .......... .......... ..........  3% 87,8M 4s
  3700K .......... .......... .......... .......... ..........  3%  154M 4s
  3750K .......... .......... .......... .......... ..........  3% 76,5M 4s
  3800K .......... .......... .......... .......... ..........  3%  104M 4s
  3850K .......... .......... .......... .......... ..........  3%  109M 4s
  3900K .......... .......... .......... .......... ..........  3%  160M 4s
  3950K .......... .......... .......... .......... ..........  3%  117M 4s
  4000K .......... .......... .......... .......... ..........  3% 69,7M 4s
  4050K .......... .......... .......... .......... ..........  3%  136M 3s
  4100K .......... .......... .......... .......... ..........  3%  120M 3s
  4150K .......... .......... .......... .......... ..........  3%  141M 3s
  4200K .......... .......... .......... .......... ..........  3%  148M 3s
  4250K .......... .......... .......... .......... ..........  3%  128M 3s
  4300K .......... .......... .......... .......... ..........  3%  102M 3s
  4350K .......... .......... .......... .......... ..........  3% 93,8M 3s
  4400K .......... .......... .......... .......... ..........  3%  106M 3s
  4450K .......... .......... .......... .......... ..........  3%  131M 3s
  4500K .......... .......... .......... .......... ..........  3%  126M 3s
  4550K .......... .......... .......... .......... ..........  3% 89,2M 3s
  4600K .......... .......... .......... .......... ..........  4%  144M 3s
  4650K .......... .......... .......... .......... ..........  4%  117M 3s
  4700K .......... .......... .......... .......... ..........  4% 96,9M 3s
  4750K .......... .......... .......... .......... ..........  4%  103M 3s
  4800K .......... .......... .......... .......... ..........  4% 96,3M 3s
  4850K .......... .......... .......... .......... ..........  4%  132M 3s
  4900K .......... .......... .......... .......... ..........  4%  129M 3s
  4950K .......... .......... .......... .......... ..........  4% 87,7M 3s
  5000K .......... .......... .......... .......... ..........  4%  147M 3s
  5050K .......... .......... .......... .......... ..........  4%  108M 3s
  5100K .......... .......... .......... .......... ..........  4%  123M 3s
  5150K .......... .......... .......... .......... ..........  4% 82,6M 3s
  5200K .......... .......... .......... .......... ..........  4%  111M 3s
  5250K .......... .......... .......... .......... ..........  4%  127M 3s
  5300K .......... .......... .......... .......... ..........  4%  102M 3s
  5350K .......... .......... .......... .......... ..........  4%  136M 3s
  5400K .......... .......... .......... .......... ..........  4%  110M 3s
  5450K .......... .......... .......... .......... ..........  4% 98,0M 3s
  5500K .......... .......... .......... .......... ..........  4%  147M 3s
  5550K .......... .......... .......... .......... ..........  4% 67,2M 3s
  5600K .......... .......... .......... .......... ..........  4% 69,4M 3s
  5650K .......... .......... .......... .......... ..........  4%  111M 3s
  5700K .......... .......... .......... .......... ..........  4% 55,1M 3s
  5750K .......... .......... .......... .......... ..........  5%  148M 3s
  5800K .......... .......... .......... .......... ..........  5%  116M 3s
  5850K .......... .......... .......... .......... ..........  5% 98,6M 3s
  5900K .......... .......... .......... .......... ..........  5% 62,4M 3s
  5950K .......... .......... .......... .......... ..........  5%  110M 3s
  6000K .......... .......... .......... .......... ..........  5%  119M 3s
  6050K .......... .......... .......... .......... ..........  5% 65,6M 3s
  6100K .......... .......... .......... .......... ..........  5%  101M 3s
  6150K .......... .......... .......... .......... ..........  5%  109M 3s
  6200K .......... .......... .......... .......... ..........  5%  151M 3s
  6250K .......... .......... .......... .......... ..........  5% 87,6M 3s
  6300K .......... .......... .......... .......... ..........  5% 75,3M 3s
  6350K .......... .......... .......... .......... ..........  5% 81,9M 3s
  6400K .......... .......... .......... .......... ..........  5%  138M 3s
  6450K .......... .......... .......... .......... ..........  5%  105M 3s
  6500K .......... .......... .......... .......... ..........  5%  135M 3s
  6550K .......... .......... .......... .......... ..........  5% 65,3M 3s
  6600K .......... .......... .......... .......... ..........  5%  111M 2s
  6650K .......... .......... .......... .......... ..........  5% 58,8M 2s
  6700K .......... .......... .......... .......... ..........  5%  112M 2s
  6750K .......... .......... .......... .......... ..........  5%  114M 2s
  6800K .......... .......... .......... .......... ..........  5%  156M 2s
  6850K .......... .......... .......... .......... ..........  5% 34,3M 2s
  6900K .......... .......... .......... .......... ..........  6% 62,9M 2s
  6950K .......... .......... .......... .......... ..........  6% 37,7M 2s
  7000K .......... .......... .......... .......... ..........  6% 1,58M 3s
  7050K .......... .......... .......... .......... ..........  6%  123M 3s
  7100K .......... .......... .......... .......... ..........  6% 97,7M 3s
  7150K .......... .......... .......... .......... ..........  6%  103M 3s
  7200K .......... .......... .......... .......... ..........  6%  127M 3s
  7250K .......... .......... .......... .......... ..........  6% 98,6M 3s
  7300K .......... .......... .......... .......... ..........  6%  130M 3s
  7350K .......... .......... .......... .......... ..........  6%  173M 3s
  7400K .......... .......... .......... .......... ..........  6% 77,3M 3s
  7450K .......... .......... .......... .......... ..........  6%  112M 3s
  7500K .......... .......... .......... .......... ..........  6% 98,7M 3s
  7550K .......... .......... .......... .......... ..........  6% 78,9M 3s
  7600K .......... .......... .......... .......... ..........  6% 98,8M 3s
  7650K .......... .......... .......... .......... ..........  6%  144M 3s
  7700K .......... .......... .......... .......... ..........  6%  152M 3s
  7750K .......... .......... .......... .......... ..........  6% 97,9M 3s
  7800K .......... .......... .......... .......... ..........  6%  178M 3s
  7850K .......... .......... .......... .......... ..........  6%  144M 3s
  7900K .......... .......... .......... .......... ..........  6% 60,2M 3s
  7950K .......... .......... .......... .......... ..........  6% 95,6M 3s
  8000K .......... .......... .......... .......... ..........  6%  134M 3s
  8050K .......... .......... .......... .......... ..........  7%  164M 3s
  8100K .......... .......... .......... .......... ..........  7%  143M 3s
  8150K .......... .......... .......... .......... ..........  7%  138M 3s
  8200K .......... .......... .......... .......... ..........  7%  192M 3s
  8250K .......... .......... .......... .......... ..........  7%  192M 3s
  8300K .......... .......... .......... .......... ..........  7%  193M 3s
  8350K .......... .......... .......... .......... ..........  7%  167M 3s
  8400K .......... .......... .......... .......... ..........  7%  200M 3s
  8450K .......... .......... .......... .......... ..........  7%  190M 3s
  8500K .......... .......... .......... .......... ..........  7%  205M 3s
  8550K .......... .......... .......... .......... ..........  7%  179M 2s
  8600K .......... .......... .......... .......... ..........  7%  199M 2s
  8650K .......... .......... .......... .......... ..........  7%  192M 2s
  8700K .......... .......... .......... .......... ..........  7%  194M 2s
  8750K .......... .......... .......... .......... ..........  7%  168M 2s
  8800K .......... .......... .......... .......... ..........  7%  195M 2s
  8850K .......... .......... .......... .......... ..........  7%  194M 2s
  8900K .......... .......... .......... .......... ..........  7%  189M 2s
  8950K .......... .......... .......... .......... ..........  7%  179M 2s
  9000K .......... .......... .......... .......... ..........  7%  180M 2s
  9050K .......... .......... .......... .......... ..........  7%  196M 2s
  9100K .......... .......... .......... .......... ..........  7%  199M 2s
  9150K .......... .......... .......... .......... ..........  7%  153M 2s
  9200K .......... .......... .......... .......... ..........  8%  166M 2s
  9250K .......... .......... .......... .......... ..........  8%  189M 2s
  9300K .......... .......... .......... .......... ..........  8%  183M 2s
  9350K .......... .......... .......... .......... ..........  8%  173M 2s
  9400K .......... .......... .......... .......... ..........  8%  190M 2s
  9450K .......... .......... .......... .......... ..........  8%  189M 2s
  9500K .......... .......... .......... .......... ..........  8%  175M 2s
  9550K .......... .......... .......... .......... ..........  8%  154M 2s
  9600K .......... .......... .......... .......... ..........  8%  207M 2s
  9650K .......... .......... .......... .......... ..........  8%  200M 2s
  9700K .......... .......... .......... .......... ..........  8%  206M 2s
  9750K .......... .......... .......... .......... ..........  8%  167M 2s
  9800K .......... .......... .......... .......... ..........  8%  198M 2s
  9850K .......... .......... .......... .......... ..........  8%  190M 2s
  9900K .......... .......... .......... .......... ..........  8%  163M 2s
  9950K .......... .......... .......... .......... ..........  8%  131M 2s
 10000K .......... .......... .......... .......... ..........  8%  176M 2s
 10050K .......... .......... .......... .......... ..........  8%  187M 2s
 10100K .......... .......... .......... .......... ..........  8%  149M 2s
 10150K .......... .......... .......... .......... ..........  8%  147M 2s
 10200K .......... .......... .......... .......... ..........  8%  173M 2s
 10250K .......... .......... .......... .......... ..........  8%  191M 2s
 10300K .......... .......... .......... .......... ..........  8%  189M 2s
 10350K .......... .......... .......... .......... ..........  9%  162M 2s
 10400K .......... .......... .......... .......... ..........  9%  194M 2s
 10450K .......... .......... .......... .......... ..........  9%  188M 2s
 10500K .......... .......... .......... .......... ..........  9%  199M 2s
 10550K .......... .......... .......... .......... ..........  9%  178M 2s
 10600K .......... .......... .......... .......... ..........  9%  200M 2s
 10650K .......... .......... .......... .......... ..........  9%  192M 2s
 10700K .......... .......... .......... .......... ..........  9%  200M 2s
 10750K .......... .......... .......... .......... ..........  9%  167M 2s
 10800K .......... .......... .......... .......... ..........  9%  167M 2s
 10850K .......... .......... .......... .......... ..........  9%  184M 2s
 10900K .......... .......... .......... .......... ..........  9%  200M 2s
 10950K .......... .......... .......... .......... ..........  9%  175M 2s
 11000K .......... .......... .......... .......... ..........  9%  139M 2s
 11050K .......... .......... .......... .......... ..........  9%  136M 2s
 11100K .......... .......... .......... .......... ..........  9%  141M 2s
 11150K .......... .......... .......... .......... ..........  9%  113M 2s
 11200K .......... .......... .......... .......... ..........  9%  135M 2s
 11250K .......... .......... .......... .......... ..........  9%  138M 2s
 11300K .......... .......... .......... .......... ..........  9%  140M 2s
 11350K .......... .......... .......... .......... ..........  9%  122M 2s
 11400K .......... .......... .......... .......... ..........  9%  133M 2s
 11450K .......... .......... .......... .......... ..........  9%  135M 2s
 11500K .......... .......... .......... .......... .......... 10%  136M 2s
 11550K .......... .......... .......... .......... .......... 10%  116M 2s
 11600K .......... .......... .......... .......... .......... 10%  138M 2s
 11650K .......... .......... .......... .......... .......... 10%  130M 2s
 11700K .......... .......... .......... .......... .......... 10%  111M 2s
 11750K .......... .......... .......... .......... .......... 10%  125M 2s
 11800K .......... .......... .......... .......... .......... 10%  131M 2s
 11850K .......... .......... .......... .......... .......... 10%  139M 2s
 11900K .......... .......... .......... .......... .......... 10%  126M 2s
 11950K .......... .......... .......... .......... .......... 10% 78,5M 2s
 12000K .......... .......... .......... .......... .......... 10%  105M 2s
 12050K .......... .......... .......... .......... .......... 10% 90,6M 2s
 12100K .......... .......... .......... .......... .......... 10%  123M 2s
 12150K .......... .......... .......... .......... .......... 10% 94,7M 2s
 12200K .......... .......... .......... .......... .......... 10%  112M 2s
 12250K .......... .......... .......... .......... .......... 10%  109M 2s
 12300K .......... .......... .......... .......... .......... 10%  116M 2s
 12350K .......... .......... .......... .......... .......... 10% 98,6M 2s
 12400K .......... .......... .......... .......... .......... 10%  116M 2s
 12450K .......... .......... .......... .......... .......... 10%  128M 2s
 12500K .......... .......... .......... .......... .......... 10%  137M 2s
 12550K .......... .......... .......... .......... .......... 10%  103M 2s
 12600K .......... .......... .......... .......... .......... 10%  132M 2s
 12650K .......... .......... .......... .......... .......... 11%  138M 2s
 12700K .......... .......... .......... .......... .......... 11%  130M 2s
 12750K .......... .......... .......... .......... .......... 11% 89,7M 2s
 12800K .......... .......... .......... .......... .......... 11%  137M 2s
 12850K .......... .......... .......... .......... .......... 11%  128M 2s
 12900K .......... .......... .......... .......... .......... 11%  145M 2s
 12950K .......... .......... .......... .......... .......... 11% 89,9M 2s
 13000K .......... .......... .......... .......... .......... 11%  119M 2s
 13050K .......... .......... .......... .......... .......... 11%  148M 2s
 13100K .......... .......... .......... .......... .......... 11%  113M 2s
 13150K .......... .......... .......... .......... .......... 11% 86,3M 2s
 13200K .......... .......... .......... .......... .......... 11%  133M 2s
 13250K .......... .......... .......... .......... .......... 11%  133M 2s
 13300K .......... .......... .......... .......... .......... 11% 86,0M 2s
 13350K .......... .......... .......... .......... .......... 11%  133M 2s
 13400K .......... .......... .......... .......... .......... 11%  112M 2s
 13450K .......... .......... .......... .......... .......... 11%  145M 2s
 13500K .......... .......... .......... .......... .......... 11%  120M 2s
 13550K .......... .......... .......... .......... .......... 11% 86,5M 2s
 13600K .......... .......... .......... .......... .......... 11%  118M 2s
 13650K .......... .......... .......... .......... .......... 11% 96,9M 2s
 13700K .......... .......... .......... .......... .......... 11%  143M 2s
 13750K .......... .......... .......... .......... .......... 11% 97,7M 2s
 13800K .......... .......... .......... .......... .......... 12%  105M 2s
 13850K .......... .......... .......... .......... .......... 12%  147M 2s
 13900K .......... .......... .......... .......... .......... 12%  113M 2s
 13950K .......... .......... .......... .......... .......... 12% 89,1M 2s
 14000K .......... .......... .......... .......... .......... 12%  114M 2s
 14050K .......... .......... .......... .......... .......... 12% 97,5M 2s
 14100K .......... .......... .......... .......... .......... 12%  139M 2s
 14150K .......... .......... .......... .......... .......... 12%  105M 2s
 14200K .......... .......... .......... .......... .......... 12%  102M 2s
 14250K .......... .......... .......... .......... .......... 12%  151M 2s
 14300K .......... .......... .......... .......... .......... 12%  104M 2s
 14350K .......... .......... .......... .......... .......... 12% 96,8M 2s
 14400K .......... .......... .......... .......... .......... 12%  115M 2s
 14450K .......... .......... .......... .......... .......... 12% 91,7M 2s
 14500K .......... .......... .......... .......... .......... 12%  145M 2s
 14550K .......... .......... .......... .......... .......... 12%  104M 2s
 14600K .......... .......... .......... .......... .......... 12%  100M 2s
 14650K .......... .......... .......... .......... .......... 12%  140M 2s
 14700K .......... .......... .......... .......... .......... 12%  118M 2s
 14750K .......... .......... .......... .......... .......... 12% 88,8M 2s
 14800K .......... .......... .......... .......... .......... 12% 97,3M 2s
 14850K .......... .......... .......... .......... .......... 12%  129M 2s
 14900K .......... .......... .......... .......... .......... 12%  132M 2s
 14950K .......... .......... .......... .......... .......... 13% 91,3M 2s
 15000K .......... .......... .......... .......... .......... 13%  122M 2s
 15050K .......... .......... .......... .......... .......... 13%  113M 2s
 15100K .......... .......... .......... .......... .......... 13%  104M 2s
 15150K .......... .......... .......... .......... .......... 13% 96,7M 2s
 15200K .......... .......... .......... .......... .......... 13%  125M 2s
 15250K .......... .......... .......... .......... .......... 13%  139M 2s
 15300K .......... .......... .......... .......... .......... 13%  114M 2s
 15350K .......... .......... .......... .......... .......... 13% 84,4M 2s
 15400K .......... .......... .......... .......... .......... 13%  129M 2s
 15450K .......... .......... .......... .......... .......... 13%  103M 2s
 15500K .......... .......... .......... .......... .......... 13%  103M 2s
 15550K .......... .......... .......... .......... .......... 13%  110M 2s
 15600K .......... .......... .......... .......... .......... 13% 80,9M 2s
 15650K .......... .......... .......... .......... .......... 13%  173M 2s
 15700K .......... .......... .......... .......... .......... 13%  113M 2s
 15750K .......... .......... .......... .......... .......... 13%  101M 2s
 15800K .......... .......... .......... .......... .......... 13%  145M 2s
 15850K .......... .......... .......... .......... .......... 13% 96,2M 2s
 15900K .......... .......... .......... .......... .......... 13%  109M 2s
 15950K .......... .......... .......... .......... .......... 13%  102M 2s
 16000K .......... .......... .......... .......... .......... 13% 87,6M 2s
 16050K .......... .......... .......... .......... .......... 13%  153M 2s
 16100K .......... .......... .......... .......... .......... 14%  114M 2s
 16150K .......... .......... .......... .......... .......... 14%  125M 2s
 16200K .......... .......... .......... .......... .......... 14% 97,7M 2s
 16250K .......... .......... .......... .......... .......... 14%  119M 2s
 16300K .......... .......... .......... .......... .......... 14%  151M 2s
 16350K .......... .......... .......... .......... .......... 14% 65,4M 2s
 16400K .......... .......... .......... .......... .......... 14%  162M 2s
 16450K .......... .......... .......... .......... .......... 14% 58,8M 2s
 16500K .......... .......... .......... .......... .......... 14%  143M 2s
 16550K .......... .......... .......... .......... .......... 14%  103M 2s
 16600K .......... .......... .......... .......... .......... 14%  138M 2s
 16650K .......... .......... .......... .......... .......... 14%  116M 2s
 16700K .......... .......... .......... .......... .......... 14% 96,3M 2s
 16750K .......... .......... .......... .......... .......... 14%  103M 2s
 16800K .......... .......... .......... .......... .......... 14% 91,2M 2s
 16850K .......... .......... .......... .......... .......... 14%  155M 2s
 16900K .......... .......... .......... .......... .......... 14%  117M 2s
 16950K .......... .......... .......... .......... .......... 14% 93,7M 2s
 17000K .......... .......... .......... .......... .......... 14%  140M 2s
 17050K .......... .......... .......... .......... .......... 14%  124M 2s
 17100K .......... .......... .......... .......... .......... 14% 96,3M 2s
 17150K .......... .......... .......... .......... .......... 14% 92,3M 2s
 17200K .......... .......... .......... .......... .......... 14% 96,8M 2s
 17250K .......... .......... .......... .......... .......... 15%  161M 2s
 17300K .......... .......... .......... .......... .......... 15%  107M 2s
 17350K .......... .......... .......... .......... .......... 15% 90,0M 2s
 17400K .......... .......... .......... .......... .......... 15%  143M 2s
 17450K .......... .......... .......... .......... .......... 15%  129M 2s
 17500K .......... .......... .......... .......... .......... 15% 97,4M 2s
 17550K .......... .......... .......... .......... .......... 15%  103M 2s
 17600K .......... .......... .......... .......... .......... 15% 97,2M 2s
 17650K .......... .......... .......... .......... .......... 15%  148M 2s
 17700K .......... .......... .......... .......... .......... 15%  115M 1s
 17750K .......... .......... .......... .......... .......... 15%  135M 1s
 17800K .......... .......... .......... .......... .......... 15% 94,6M 1s
 17850K .......... .......... .......... .......... .......... 15%  114M 1s
 17900K .......... .......... .......... .......... .......... 15% 93,8M 1s
 17950K .......... .......... .......... .......... .......... 15% 98,3M 1s
 18000K .......... .......... .......... .......... .......... 15%  118M 1s
 18050K .......... .......... .......... .......... .......... 15%  114M 1s
 18100K .......... .......... .......... .......... .......... 15%  136M 1s
 18150K .......... .......... .......... .......... .......... 15% 91,2M 1s
 18200K .......... .......... .......... .......... .......... 15%  144M 1s
 18250K .......... .......... .......... .......... .......... 15% 97,4M 1s
 18300K .......... .......... .......... .......... .......... 15%  114M 1s
 18350K .......... .......... .......... .......... .......... 15% 91,4M 1s
 18400K .......... .......... .......... .......... .......... 16%  172M 1s
 18450K .......... .......... .......... .......... .......... 16%  103M 1s
 18500K .......... .......... .......... .......... .......... 16% 90,5M 1s
 18550K .......... .......... .......... .......... .......... 16%  136M 1s
 18600K .......... .......... .......... .......... .......... 16%  112M 1s
 18650K .......... .......... .......... .......... .......... 16% 33,1M 1s
 18700K .......... .......... .......... .......... .......... 16% 33,8M 1s
 18750K .......... .......... .......... .......... .......... 16% 84,9M 1s
 18800K .......... .......... .......... .......... .......... 16% 89,3M 1s
 18850K .......... .......... .......... .......... .......... 16%  152M 1s
 18900K .......... .......... .......... .......... .......... 16%  121M 1s
 18950K .......... .......... .......... .......... .......... 16%  130M 1s
 19000K .......... .......... .......... .......... .......... 16%  103M 1s
 19050K .......... .......... .......... .......... .......... 16%  104M 1s
 19100K .......... .......... .......... .......... .......... 16%  104M 1s
 19150K .......... .......... .......... .......... .......... 16%  103M 1s
 19200K .......... .......... .......... .......... .......... 16%  144M 1s
 19250K .......... .......... .......... .......... .......... 16% 97,8M 1s
 19300K .......... .......... .......... .......... .......... 16%  117M 1s
 19350K .......... .......... .......... .......... .......... 16%  133M 1s
 19400K .......... .......... .......... .......... .......... 16% 97,0M 1s
 19450K .......... .......... .......... .......... .......... 16%  112M 1s
 19500K .......... .......... .......... .......... .......... 16% 95,9M 1s
 19550K .......... .......... .......... .......... .......... 17%  104M 1s
 19600K .......... .......... .......... .......... .......... 17%  147M 1s
 19650K .......... .......... .......... .......... .......... 17% 97,3M 1s
 19700K .......... .......... .......... .......... .......... 17%  113M 1s
 19750K .......... .......... .......... .......... .......... 17%  118M 1s
 19800K .......... .......... .......... .......... .......... 17% 96,5M 1s
 19850K .......... .......... .......... .......... .......... 17%  115M 1s
 19900K .......... .......... .......... .......... .......... 17%  103M 1s
 19950K .......... .......... .......... .......... .......... 17%  109M 1s
 20000K .......... .......... .......... .......... .......... 17%  148M 1s
 20050K .......... .......... .......... .......... .......... 17% 90,4M 1s
 20100K .......... .......... .......... .......... .......... 17%  120M 1s
 20150K .......... .......... .......... .......... .......... 17%  138M 1s
 20200K .......... .......... .......... .......... .......... 17% 96,2M 1s
 20250K .......... .......... .......... .......... .......... 17% 98,0M 1s
 20300K .......... .......... .......... .......... .......... 17%  172M 1s
 20350K .......... .......... .......... .......... .......... 17% 76,2M 1s
 20400K .......... .......... .......... .......... .......... 17%  155M 1s
 20450K .......... .......... .......... .......... .......... 17% 90,4M 1s
 20500K .......... .......... .......... .......... .......... 17%  133M 1s
 20550K .......... .......... .......... .......... .......... 17%  105M 1s
 20600K .......... .......... .......... .......... .......... 17% 98,9M 1s
 20650K .......... .......... .......... .......... .......... 17%  186M 1s
 20700K .......... .......... .......... .......... .......... 18% 97,6M 1s
 20750K .......... .......... .......... .......... .......... 18%  102M 1s
 20800K .......... .......... .......... .......... .......... 18% 96,7M 1s
 20850K .......... .......... .......... .......... .......... 18%  115M 1s
 20900K .......... .......... .......... .......... .......... 18%  146M 1s
 20950K .......... .......... .......... .......... .......... 18% 90,7M 1s
 21000K .......... .......... .......... .......... .......... 18%  120M 1s
 21050K .......... .......... .......... .......... .......... 18%  142M 1s
 21100K .......... .......... .......... .......... .......... 18% 91,9M 1s
 21150K .......... .......... .......... .......... .......... 18%  107M 1s
 21200K .......... .......... .......... .......... .......... 18% 93,2M 1s
 21250K .......... .......... .......... .......... .......... 18%  118M 1s
 21300K .......... .......... .......... .......... .......... 18%  143M 1s
 21350K .......... .......... .......... .......... .......... 18% 94,1M 1s
 21400K .......... .......... .......... .......... .......... 18%  111M 1s
 21450K .......... .......... .......... .......... .......... 18%  140M 1s
 21500K .......... .......... .......... .......... .......... 18% 91,1M 1s
 21550K .......... .......... .......... .......... .......... 18%  105M 1s
 21600K .......... .......... .......... .......... .......... 18% 96,9M 1s
 21650K .......... .......... .......... .......... .......... 18%  120M 1s
 21700K .......... .......... .......... .......... .......... 18%  164M 1s
 21750K .......... .......... .......... .......... .......... 18% 89,2M 1s
 21800K .......... .......... .......... .......... .......... 18%  116M 1s
 21850K .......... .......... .......... .......... .......... 19%  149M 1s
 21900K .......... .......... .......... .......... .......... 19% 91,1M 1s
 21950K .......... .......... .......... .......... .......... 19%  112M 1s
 22000K .......... .......... .......... .......... .......... 19%  117M 1s
 22050K .......... .......... .......... .......... .......... 19% 95,6M 1s
 22100K .......... .......... .......... .......... .......... 19%  126M 1s
 22150K .......... .......... .......... .......... .......... 19% 90,9M 1s
 22200K .......... .......... .......... .......... .......... 19%  113M 1s
 22250K .......... .......... .......... .......... .......... 19%  180M 1s
 22300K .......... .......... .......... .......... .......... 19% 95,6M 1s
 22350K .......... .......... .......... .......... .......... 19%  105M 1s
 22400K .......... .......... .......... .......... .......... 19%  112M 1s
 22450K .......... .......... .......... .......... .......... 19% 98,4M 1s
 22500K .......... .......... .......... .......... .......... 19%  143M 1s
 22550K .......... .......... .......... .......... .......... 19% 90,8M 1s
 22600K .......... .......... .......... .......... .......... 19%  119M 1s
 22650K .......... .......... .......... .......... .......... 19%  143M 1s
 22700K .......... .......... .......... .......... .......... 19% 90,3M 1s
 22750K .......... .......... .......... .......... .......... 19%  110M 1s
 22800K .......... .......... .......... .......... .......... 19%  115M 1s
 22850K .......... .......... .......... .......... .......... 19% 91,5M 1s
 22900K .......... .......... .......... .......... .......... 19%  164M 1s
 22950K .......... .......... .......... .......... .......... 19%  109M 1s
 23000K .......... .......... .......... .......... .......... 20% 95,3M 1s
 23050K .......... .......... .......... .......... .......... 20%  147M 1s
 23100K .......... .......... .......... .......... .......... 20% 95,9M 1s
 23150K .......... .......... .......... .......... .......... 20%  103M 1s
 23200K .......... .......... .......... .......... .......... 20%  114M 1s
 23250K .......... .......... .......... .......... .......... 20% 93,8M 1s
 23300K .......... .......... .......... .......... .......... 20%  146M 1s
 23350K .......... .......... .......... .......... .......... 20%  113M 1s
 23400K .......... .......... .......... .......... .......... 20% 96,3M 1s
 23450K .......... .......... .......... .......... .......... 20%  139M 1s
 23500K .......... .......... .......... .......... .......... 20%  100M 1s
 23550K .......... .......... .......... .......... .......... 20%  103M 1s
 23600K .......... .......... .......... .......... .......... 20%  113M 1s
 23650K .......... .......... .......... .......... .......... 20% 93,1M 1s
 23700K .......... .......... .......... .......... .......... 20%  149M 1s
 23750K .......... .......... .......... .......... .......... 20% 84,6M 1s
 23800K .......... .......... .......... .......... .......... 20%  122M 1s
 23850K .......... .......... .......... .......... .......... 20%  158M 1s
 23900K .......... .......... .......... .......... .......... 20%  112M 1s
 23950K .......... .......... .......... .......... .......... 20% 87,4M 1s
 24000K .......... .......... .......... .......... .......... 20%  124M 1s
 24050K .......... .......... .......... .......... .......... 20% 93,9M 1s
 24100K .......... .......... .......... .......... .......... 20%  145M 1s
 24150K .......... .......... .......... .......... .......... 21% 76,5M 1s
 24200K .......... .......... .......... .......... .......... 21%  189M 1s
 24250K .......... .......... .......... .......... .......... 21% 99,0M 1s
 24300K .......... .......... .......... .......... .......... 21%  147M 1s
 24350K .......... .......... .......... .......... .......... 21% 96,4M 1s
 24400K .......... .......... .......... .......... .......... 21%  102M 1s
 24450K .......... .......... .......... .......... .......... 21%  120M 1s
 24500K .......... .......... .......... .......... .......... 21% 96,4M 1s
 24550K .......... .......... .......... .......... .......... 21%  132M 1s
 24600K .......... .......... .......... .......... .......... 21%  114M 1s
 24650K .......... .......... .......... .......... .......... 21% 95,8M 1s
 24700K .......... .......... .......... .......... .......... 21%  145M 1s
 24750K .......... .......... .......... .......... .......... 21%  105M 1s
 24800K .......... .......... .......... .......... .......... 21% 92,4M 1s
 24850K .......... .......... .......... .......... .......... 21%  115M 1s
 24900K .......... .......... .......... .......... .......... 21%  137M 1s
 24950K .......... .......... .......... .......... .......... 21% 80,9M 1s
 25000K .......... .......... .......... .......... .......... 21%  132M 1s
 25050K .......... .......... .......... .......... .......... 21% 95,7M 1s
 25100K .......... .......... .......... .......... .......... 21%  159M 1s
 25150K .......... .......... .......... .......... .......... 21% 96,9M 1s
 25200K .......... .......... .......... .......... .......... 21% 83,8M 1s
 25250K .......... .......... .......... .......... .......... 21%  166M 1s
 25300K .......... .......... .......... .......... .......... 22%  125M 1s
 25350K .......... .......... .......... .......... .......... 22%  125M 1s
 25400K .......... .......... .......... .......... .......... 22% 88,9M 1s
 25450K .......... .......... .......... .......... .......... 22%  113M 1s
 25500K .......... .......... .......... .......... .......... 22%  105M 1s
 25550K .......... .......... .......... .......... .......... 22%  106M 1s
 25600K .......... .......... .......... .......... .......... 22%  130M 1s
 25650K .......... .......... .......... .......... .......... 22%  106M 1s
 25700K .......... .......... .......... .......... .......... 22%  107M 1s
 25750K .......... .......... .......... .......... .......... 22%  142M 1s
 25800K .......... .......... .......... .......... .......... 22%  106M 1s
 25850K .......... .......... .......... .......... .......... 22% 91,0M 1s
 25900K .......... .......... .......... .......... .......... 22%  126M 1s
 25950K .......... .......... .......... .......... .......... 22%  112M 1s
 26000K .......... .......... .......... .......... .......... 22% 92,8M 1s
 26050K .......... .......... .......... .......... .......... 22%  123M 1s
 26100K .......... .......... .......... .......... .......... 22%  157M 1s
 26150K .......... .......... .......... .......... .......... 22% 84,1M 1s
 26200K .......... .......... .......... .......... .......... 22%  111M 1s
 26250K .......... .......... .......... .......... .......... 22%  102M 1s
 26300K .......... .......... .......... .......... .......... 22%  156M 1s
 26350K .......... .......... .......... .......... .......... 22%  107M 1s
 26400K .......... .......... .......... .......... .......... 22%  112M 1s
 26450K .......... .......... .......... .......... .......... 23% 92,6M 1s
 26500K .......... .......... .......... .......... .......... 23%  151M 1s
 26550K .......... .......... .......... .......... .......... 23% 85,2M 1s
 26600K .......... .......... .......... .......... .......... 23%  118M 1s
 26650K .......... .......... .......... .......... .......... 23%  142M 1s
 26700K .......... .......... .......... .......... .......... 23%  102M 1s
 26750K .......... .......... .......... .......... .......... 23% 97,7M 1s
 26800K .......... .......... .......... .......... .......... 23%  117M 1s
 26850K .......... .......... .......... .......... .......... 23% 95,2M 1s
 26900K .......... .......... .......... .......... .......... 23%  141M 1s
 26950K .......... .......... .......... .......... .......... 23%  104M 1s
 27000K .......... .......... .......... .......... .......... 23% 97,7M 1s
 27050K .......... .......... .......... .......... .......... 23%  141M 1s
 27100K .......... .......... .......... .......... .......... 23%  106M 1s
 27150K .......... .......... .......... .......... .......... 23%  103M 1s
 27200K .......... .......... .......... .......... .......... 23% 98,1M 1s
 27250K .......... .......... .......... .......... .......... 23%  135M 1s
 27300K .......... .......... .......... .......... .......... 23%  124M 1s
 27350K .......... .......... .......... .......... .......... 23% 71,2M 1s
 27400K .......... .......... .......... .......... .......... 23% 83,7M 1s
 27450K .......... .......... .......... .......... .......... 23%  185M 1s
 27500K .......... .......... .......... .......... .......... 23%  201M 1s
 27550K .......... .......... .......... .......... .......... 23% 96,1M 1s
 27600K .......... .......... .......... .......... .......... 24%  115M 1s
 27650K .......... .......... .......... .......... .......... 24%  103M 1s
 27700K .......... .......... .......... .......... .......... 24%  143M 1s
 27750K .......... .......... .......... .......... .......... 24%  105M 1s
 27800K .......... .......... .......... .......... .......... 24% 96,4M 1s
 27850K .......... .......... .......... .......... .......... 24%  145M 1s
 27900K .......... .......... .......... .......... .......... 24%  120M 1s
 27950K .......... .......... .......... .......... .......... 24% 86,1M 1s
 28000K .......... .......... .......... .......... .......... 24%  118M 1s
 28050K .......... .......... .......... .......... .......... 24% 91,6M 1s
 28100K .......... .......... .......... .......... .......... 24%  143M 1s
 28150K .......... .......... .......... .......... .......... 24% 96,6M 1s
 28200K .......... .......... .......... .......... .......... 24%  115M 1s
 28250K .......... .......... .......... .......... .......... 24%  144M 1s
 28300K .......... .......... .......... .......... .......... 24%  101M 1s
 28350K .......... .......... .......... .......... .......... 24%  102M 1s
 28400K .......... .......... .......... .......... .......... 24%  108M 1s
 28450K .......... .......... .......... .......... .......... 24% 97,7M 1s
 28500K .......... .......... .......... .......... .......... 24%  145M 1s
 28550K .......... .......... .......... .......... .......... 24%  106M 1s
 28600K .......... .......... .......... .......... .......... 24% 91,7M 1s
 28650K .......... .......... .......... .......... .......... 24%  151M 1s
 28700K .......... .......... .......... .......... .......... 24%  117M 1s
 28750K .......... .......... .......... .......... .......... 25% 80,1M 1s
 28800K .......... .......... .......... .......... .......... 25%  117M 1s
 28850K .......... .......... .......... .......... .......... 25%  107M 1s
 28900K .......... .......... .......... .......... .......... 25%  148M 1s
 28950K .......... .......... .......... .......... .......... 25% 94,0M 1s
 29000K .......... .......... .......... .......... .......... 25%  105M 1s
 29050K .......... .......... .......... .......... .......... 25%  128M 1s
 29100K .......... .......... .......... .......... .......... 25%  111M 1s
 29150K .......... .......... .......... .......... .......... 25% 98,5M 1s
 29200K .......... .......... .......... .......... .......... 25%  124M 1s
 29250K .......... .......... .......... .......... .......... 25%  135M 1s
 29300K .......... .......... .......... .......... .......... 25%  101M 1s
 29350K .......... .......... .......... .......... .......... 25%  107M 1s
 29400K .......... .......... .......... .......... .......... 25% 94,8M 1s
 29450K .......... .......... .......... .......... .......... 25%  150M 1s
 29500K .......... .......... .......... .......... .......... 25% 96,8M 1s
 29550K .......... .......... .......... .......... .......... 25%  118M 1s
 29600K .......... .......... .......... .......... .......... 25%  104M 1s
 29650K .......... .......... .......... .......... .......... 25%  120M 1s
 29700K .......... .......... .......... .......... .......... 25%  101M 1s
 29750K .......... .......... .......... .......... .......... 25%  118M 1s
 29800K .......... .......... .......... .......... .......... 25% 94,2M 1s
 29850K .......... .......... .......... .......... .......... 25%  153M 1s
 29900K .......... .......... .......... .......... .......... 26%  110M 1s
 29950K .......... .......... .......... .......... .......... 26% 86,3M 1s
 30000K .......... .......... .......... .......... .......... 26%  111M 1s
 30050K .......... .......... .......... .......... .......... 26%  152M 1s
 30100K .......... .......... .......... .......... .......... 26%  100M 1s
 30150K .......... .......... .......... .......... .......... 26%  103M 1s
 30200K .......... .......... .......... .......... .......... 26% 85,2M 1s
 30250K .......... .......... .......... .......... .......... 26%  180M 1s
 30300K .......... .......... .......... .......... .......... 26%  128M 1s
 30350K .......... .......... .......... .......... .......... 26% 56,6M 1s
 30400K .......... .......... .......... .......... .......... 26%  210M 1s
 30450K .......... .......... .......... .......... .......... 26% 3,17M 1s
 30500K .......... .......... .......... .......... .......... 26%  161M 1s
 30550K .......... .......... .......... .......... .......... 26%  170M 1s
 30600K .......... .......... .......... .......... .......... 26%  191M 1s
 30650K .......... .......... .......... .......... .......... 26%  184M 1s
 30700K .......... .......... .......... .......... .......... 26%  188M 1s
 30750K .......... .......... .......... .......... .......... 26%  148M 1s
 30800K .......... .......... .......... .......... .......... 26%  180M 1s
 30850K .......... .......... .......... .......... .......... 26%  187M 1s
 30900K .......... .......... .......... .......... .......... 26%  188M 1s
 30950K .......... .......... .......... .......... .......... 26%  168M 1s
 31000K .......... .......... .......... .......... .......... 26% 3,19M 1s
 31050K .......... .......... .......... .......... .......... 27%  192M 1s
 31100K .......... .......... .......... .......... .......... 27%  212M 1s
 31150K .......... .......... .......... .......... .......... 27%  164M 1s
 31200K .......... .......... .......... .......... .......... 27%  192M 1s
 31250K .......... .......... .......... .......... .......... 27%  212M 1s
 31300K .......... .......... .......... .......... .......... 27%  210M 1s
 31350K .......... .......... .......... .......... .......... 27%  192M 1s
 31400K .......... .......... .......... .......... .......... 27%  203M 1s
 31450K .......... .......... .......... .......... .......... 27%  209M 1s
 31500K .......... .......... .......... .......... .......... 27%  206M 1s
 31550K .......... .......... .......... .......... .......... 27%  178M 1s
 31600K .......... .......... .......... .......... .......... 27% 3,41M 1s
 31650K .......... .......... .......... .......... .......... 27%  186M 1s
 31700K .......... .......... .......... .......... .......... 27%  192M 1s
 31750K .......... .......... .......... .......... .......... 27%  170M 1s
 31800K .......... .......... .......... .......... .......... 27%  207M 1s
 31850K .......... .......... .......... .......... .......... 27%  203M 1s
 31900K .......... .......... .......... .......... .......... 27%  210M 1s
 31950K .......... .......... .......... .......... .......... 27%  170M 1s
 32000K .......... .......... .......... .......... .......... 27%  208M 1s
 32050K .......... .......... .......... .......... .......... 27%  212M 1s
 32100K .......... .......... .......... .......... .......... 27%  205M 1s
 32150K .......... .......... .......... .......... .......... 27%  189M 1s
 32200K .......... .......... .......... .......... .......... 28% 3,19M 1s
 32250K .......... .......... .......... .......... .......... 28%  205M 1s
 32300K .......... .......... .......... .......... .......... 28%  212M 1s
 32350K .......... .......... .......... .......... .......... 28%  171M 1s
 32400K .......... .......... .......... .......... .......... 28%  209M 1s
 32450K .......... .......... .......... .......... .......... 28%  206M 1s
 32500K .......... .......... .......... .......... .......... 28%  209M 1s
 32550K .......... .......... .......... .......... .......... 28%  182M 1s
 32600K .......... .......... .......... .......... .......... 28%  211M 1s
 32650K .......... .......... .......... .......... .......... 28%  209M 1s
 32700K .......... .......... .......... .......... .......... 28%  210M 1s
 32750K .......... .......... .......... .......... .......... 28% 2,67M 1s
 32800K .......... .......... .......... .......... .......... 28%  170M 1s
 32850K .......... .......... .......... .......... .......... 28%  197M 1s
 32900K .......... .......... .......... .......... .......... 28%  201M 1s
 32950K .......... .......... .......... .......... .......... 28%  183M 1s
 33000K .......... .......... .......... .......... .......... 28%  206M 1s
 33050K .......... .......... .......... .......... .......... 28%  209M 1s
 33100K .......... .......... .......... .......... .......... 28%  212M 1s
 33150K .......... .......... .......... .......... .......... 28%  172M 1s
 33200K .......... .......... .......... .......... .......... 28%  212M 1s
 33250K .......... .......... .......... .......... .......... 28%  205M 1s
 33300K .......... .......... .......... .......... .......... 28%  201M 1s
 33350K .......... .......... .......... .......... .......... 29% 2,41M 1s
 33400K .......... .......... .......... .......... .......... 29%  188M 1s
 33450K .......... .......... .......... .......... .......... 29%  210M 1s
 33500K .......... .......... .......... .......... .......... 29%  208M 1s
 33550K .......... .......... .......... .......... .......... 29%  168M 1s
 33600K .......... .......... .......... .......... .......... 29%  212M 1s
 33650K .......... .......... .......... .......... .......... 29%  207M 1s
 33700K .......... .......... .......... .......... .......... 29%  214M 1s
 33750K .......... .......... .......... .......... .......... 29%  185M 1s
 33800K .......... .......... .......... .......... .......... 29%  211M 1s
 33850K .......... .......... .......... .......... .......... 29%  121M 1s
 33900K .......... .......... .......... .......... .......... 29%  207M 1s
 33950K .......... .......... .......... .......... .......... 29% 2,66M 1s
 34000K .......... .......... .......... .......... .......... 29%  185M 1s
 34050K .......... .......... .......... .......... .......... 29%  195M 1s
 34100K .......... .......... .......... .......... .......... 29%  199M 1s
 34150K .......... .......... .......... .......... .......... 29%  177M 1s
 34200K .......... .......... .......... .......... .......... 29%  207M 1s
 34250K .......... .......... .......... .......... .......... 29%  210M 1s
 34300K .......... .......... .......... .......... .......... 29%  204M 1s
 34350K .......... .......... .......... .......... .......... 29%  174M 1s
 34400K .......... .......... .......... .......... .......... 29%  206M 1s
 34450K .......... .......... .......... .......... .......... 29%  211M 1s
 34500K .......... .......... .......... .......... .......... 29%  213M 1s
 34550K .......... .......... .......... .......... .......... 30% 3,19M 1s
 34600K .......... .......... .......... .......... .......... 30%  208M 1s
 34650K .......... .......... .......... .......... .......... 30%  206M 1s
 34700K .......... .......... .......... .......... .......... 30%  209M 1s
 34750K .......... .......... .......... .......... .......... 30%  174M 1s
 34800K .......... .......... .......... .......... .......... 30%  211M 1s
 34850K .......... .......... .......... .......... .......... 30%  211M 1s
 34900K .......... .......... .......... .......... .......... 30%  196M 1s
 34950K .......... .......... .......... .......... .......... 30%  184M 1s
 35000K .......... .......... .......... .......... .......... 30%  211M 1s
 35050K .......... .......... .......... .......... .......... 30%  201M 1s
 35100K .......... .......... .......... .......... .......... 30%  212M 1s
 35150K .......... .......... .......... .......... .......... 30% 3,96M 1s
 35200K .......... .......... .......... .......... .......... 30%  200M 1s
 35250K .......... .......... .......... .......... .......... 30%  204M 1s
 35300K .......... .......... .......... .......... .......... 30%  204M 1s
 35350K .......... .......... .......... .......... .......... 30%  185M 1s
 35400K .......... .......... .......... .......... .......... 30%  212M 1s
 35450K .......... .......... .......... .......... .......... 30%  205M 1s
 35500K .......... .......... .......... .......... .......... 30%  210M 1s
 35550K .......... .......... .......... .......... .......... 30%  170M 1s
 35600K .......... .......... .......... .......... .......... 30%  207M 1s
 35650K .......... .......... .......... .......... .......... 30%  207M 1s
 35700K .......... .......... .......... .......... .......... 31%  203M 1s
 35750K .......... .......... .......... .......... .......... 31% 7,13M 1s
 35800K .......... .......... .......... .......... .......... 31%  191M 1s
 35850K .......... .......... .......... .......... .......... 31%  204M 1s
 35900K .......... .......... .......... .......... .......... 31%  204M 1s
 35950K .......... .......... .......... .......... .......... 31%  177M 1s
 36000K .......... .......... .......... .......... .......... 31%  203M 1s
 36050K .......... .......... .......... .......... .......... 31%  211M 1s
 36100K .......... .......... .......... .......... .......... 31%  209M 1s
 36150K .......... .......... .......... .......... .......... 31%  188M 1s
 36200K .......... .......... .......... .......... .......... 31% 14,9M 1s
 36250K .......... .......... .......... .......... .......... 31%  199M 1s
 36300K .......... .......... .......... .......... .......... 31%  212M 1s
 36350K .......... .......... .......... .......... .......... 31%  177M 1s
 36400K .......... .......... .......... .......... .......... 31%  189M 1s
 36450K .......... .......... .......... .......... .......... 31%  198M 1s
 36500K .......... .......... .......... .......... .......... 31%  201M 1s
 36550K .......... .......... .......... .......... .......... 31%  183M 1s
 36600K .......... .......... .......... .......... .......... 31% 14,9M 1s
 36650K .......... .......... .......... .......... .......... 31%  200M 1s
 36700K .......... .......... .......... .......... .......... 31%  197M 1s
 36750K .......... .......... .......... .......... .......... 31%  173M 1s
 36800K .......... .......... .......... .......... .......... 31% 7,76M 1s
 36850K .......... .......... .......... .......... .......... 32%  204M 1s
 36900K .......... .......... .......... .......... .......... 32%  207M 1s
 36950K .......... .......... .......... .......... .......... 32%  182M 1s
 37000K .......... .......... .......... .......... .......... 32%  197M 1s
 37050K .......... .......... .......... .......... .......... 32%  210M 1s
 37100K .......... .......... .......... .......... .......... 32%  209M 1s
 37150K .......... .......... .......... .......... .......... 32%  178M 1s
 37200K .......... .......... .......... .......... .......... 32%  206M 1s
 37250K .......... .......... .......... .......... .......... 32%  206M 1s
 37300K .......... .......... .......... .......... .......... 32%  209M 1s
 37350K .......... .......... .......... .......... .......... 32%  189M 1s
 37400K .......... .......... .......... .......... .......... 32% 22,7M 1s
 37450K .......... .......... .......... .......... .......... 32%  186M 1s
 37500K .......... .......... .......... .......... .......... 32%  193M 1s
 37550K .......... .......... .......... .......... .......... 32%  156M 1s
 37600K .......... .......... .......... .......... .......... 32%  177M 1s
 37650K .......... .......... .......... .......... .......... 32%  194M 1s
 37700K .......... .......... .......... .......... .......... 32%  201M 1s
 37750K .......... .......... .......... .......... .......... 32%  105M 1s
 37800K .......... .......... .......... .......... .......... 32%  182M 1s
 37850K .......... .......... .......... .......... .......... 32%  201M 1s
 37900K .......... .......... .......... .......... .......... 32%  206M 1s
 37950K .......... .......... .......... .......... .......... 32%  158M 1s
 38000K .......... .......... .......... .......... .......... 33%  156M 1s
 38050K .......... .......... .......... .......... .......... 33%  198M 1s
 38100K .......... .......... .......... .......... .......... 33%  204M 1s
 38150K .......... .......... .......... .......... .......... 33% 40,0M 1s
 38200K .......... .......... .......... .......... .......... 33% 48,5M 1s
 38250K .......... .......... .......... .......... .......... 33%  159M 1s
 38300K .......... .......... .......... .......... .......... 33%  179M 1s
 38350K .......... .......... .......... .......... .......... 33%  149M 1s
 38400K .......... .......... .......... .......... .......... 33%  184M 1s
 38450K .......... .......... .......... .......... .......... 33%  170M 1s
 38500K .......... .......... .......... .......... .......... 33%  186M 1s
 38550K .......... .......... .......... .......... .......... 33% 89,2M 1s
 38600K .......... .......... .......... .......... .......... 33%  146M 1s
 38650K .......... .......... .......... .......... .......... 33%  181M 1s
 38700K .......... .......... .......... .......... .......... 33%  182M 1s
 38750K .......... .......... .......... .......... .......... 33%  157M 1s
 38800K .......... .......... .......... .......... .......... 33%  183M 1s
 38850K .......... .......... .......... .......... .......... 33%  194M 1s
 38900K .......... .......... .......... .......... .......... 33%  198M 1s
 38950K .......... .......... .......... .......... .......... 33%  180M 1s
 39000K .......... .......... .......... .......... .......... 33%  197M 1s
 39050K .......... .......... .......... .......... .......... 33%  194M 1s
 39100K .......... .......... .......... .......... .......... 33%  196M 1s
 39150K .......... .......... .......... .......... .......... 34%  168M 1s
 39200K .......... .......... .......... .......... .......... 34%  196M 1s
 39250K .......... .......... .......... .......... .......... 34%  194M 1s
 39300K .......... .......... .......... .......... .......... 34%  201M 1s
 39350K .......... .......... .......... .......... .......... 34%  179M 1s
 39400K .......... .......... .......... .......... .......... 34%  201M 1s
 39450K .......... .......... .......... .......... .......... 34%  192M 1s
 39500K .......... .......... .......... .......... .......... 34%  201M 1s
 39550K .......... .......... .......... .......... .......... 34%  168M 1s
 39600K .......... .......... .......... .......... .......... 34%  191M 1s
 39650K .......... .......... .......... .......... .......... 34%  195M 1s
 39700K .......... .......... .......... .......... .......... 34%  200M 1s
 39750K .......... .......... .......... .......... .......... 34%  173M 1s
 39800K .......... .......... .......... .......... .......... 34%  179M 1s
 39850K .......... .......... .......... .......... .......... 34%  179M 1s
 39900K .......... .......... .......... .......... .......... 34%  171M 1s
 39950K .......... .......... .......... .......... .......... 34%  151M 1s
 40000K .......... .......... .......... .......... .......... 34%  187M 1s
 40050K .......... .......... .......... .......... .......... 34%  197M 1s
 40100K .......... .......... .......... .......... .......... 34%  165M 1s
 40150K .......... .......... .......... .......... .......... 34%  170M 1s
 40200K .......... .......... .......... .......... .......... 34%  188M 1s
 40250K .......... .......... .......... .......... .......... 34%  194M 1s
 40300K .......... .......... .......... .......... .......... 35%  194M 1s
 40350K .......... .......... .......... .......... .......... 35%  156M 1s
 40400K .......... .......... .......... .......... .......... 35%  197M 1s
 40450K .......... .......... .......... .......... .......... 35%  160M 1s
 40500K .......... .......... .......... .......... .......... 35%  183M 1s
 40550K .......... .......... .......... .......... .......... 35%  171M 1s
 40600K .......... .......... .......... .......... .......... 35%  198M 1s
 40650K .......... .......... .......... .......... .......... 35%  191M 1s
 40700K .......... .......... .......... .......... .......... 35%  193M 1s
 40750K .......... .......... .......... .......... .......... 35%  163M 1s
 40800K .......... .......... .......... .......... .......... 35%  192M 1s
 40850K .......... .......... .......... .......... .......... 35%  186M 1s
 40900K .......... .......... .......... .......... .......... 35%  193M 1s
 40950K .......... .......... .......... .......... .......... 35%  170M 1s
 41000K .......... .......... .......... .......... .......... 35%  196M 1s
 41050K .......... .......... .......... .......... .......... 35%  192M 1s
 41100K .......... .......... .......... .......... .......... 35%  154M 1s
 41150K .......... .......... .......... .......... .......... 35%  160M 1s
 41200K .......... .......... .......... .......... .......... 35%  184M 1s
 41250K .......... .......... .......... .......... .......... 35%  184M 1s
 41300K .......... .......... .......... .......... .......... 35%  176M 1s
 41350K .......... .......... .......... .......... .......... 35%  170M 1s
 41400K .......... .......... .......... .......... .......... 35%  191M 1s
 41450K .......... .......... .......... .......... .......... 36%  177M 1s
 41500K .......... .......... .......... .......... .......... 36%  202M 1s
 41550K .......... .......... .......... .......... .......... 36%  157M 1s
 41600K .......... .......... .......... .......... .......... 36%  193M 1s
 41650K .......... .......... .......... .......... .......... 36%  124M 1s
 41700K .......... .......... .......... .......... .......... 36%  179M 1s
 41750K .......... .......... .......... .......... .......... 36%  163M 1s
 41800K .......... .......... .......... .......... .......... 36%  180M 1s
 41850K .......... .......... .......... .......... .......... 36%  191M 1s
 41900K .......... .......... .......... .......... .......... 36%  185M 1s
 41950K .......... .......... .......... .......... .......... 36%  156M 1s
 42000K .......... .......... .......... .......... .......... 36%  181M 1s
 42050K .......... .......... .......... .......... .......... 36%  186M 1s
 42100K .......... .......... .......... .......... .......... 36%  186M 1s
 42150K .......... .......... .......... .......... .......... 36%  169M 1s
 42200K .......... .......... .......... .......... .......... 36%  188M 1s
 42250K .......... .......... .......... .......... .......... 36%  175M 1s
 42300K .......... .......... .......... .......... .......... 36%  190M 1s
 42350K .......... .......... .......... .......... .......... 36%  152M 1s
 42400K .......... .......... .......... .......... .......... 36%  185M 1s
 42450K .......... .......... .......... .......... .......... 36%  194M 1s
 42500K .......... .......... .......... .......... .......... 36%  189M 1s
 42550K .......... .......... .......... .......... .......... 36%  165M 1s
 42600K .......... .......... .......... .......... .......... 37%  190M 1s
 42650K .......... .......... .......... .......... .......... 37%  184M 1s
 42700K .......... .......... .......... .......... .......... 37%  184M 1s
 42750K .......... .......... .......... .......... .......... 37% 77,2M 1s
 42800K .......... .......... .......... .......... .......... 37%  104M 1s
 42850K .......... .......... .......... .......... .......... 37%  118M 1s
 42900K .......... .......... .......... .......... .......... 37% 84,4M 1s
 42950K .......... .......... .......... .......... .......... 37% 41,4M 1s
 43000K .......... .......... .......... .......... .......... 37% 48,3M 1s
 43050K .......... .......... .......... .......... .......... 37%  119M 1s
 43100K .......... .......... .......... .......... .......... 37% 39,0M 1s
 43150K .......... .......... .......... .......... .......... 37% 30,8M 1s
 43200K .......... .......... .......... .......... .......... 37% 45,2M 1s
 43250K .......... .......... .......... .......... .......... 37% 55,9M 1s
 43300K .......... .......... .......... .......... .......... 37%  102M 1s
 43350K .......... .......... .......... .......... .......... 37% 91,8M 1s
 43400K .......... .......... .......... .......... .......... 37% 57,0M 1s
 43450K .......... .......... .......... .......... .......... 37%  106M 1s
 43500K .......... .......... .......... .......... .......... 37%  151M 1s
 43550K .......... .......... .......... .......... .......... 37% 92,3M 1s
 43600K .......... .......... .......... .......... .......... 37% 94,7M 1s
 43650K .......... .......... .......... .......... .......... 37% 92,2M 1s
 43700K .......... .......... .......... .......... .......... 37% 36,5M 1s
 43750K .......... .......... .......... .......... .......... 38% 83,8M 1s
 43800K .......... .......... .......... .......... .......... 38%  100M 1s
 43850K .......... .......... .......... .......... .......... 38% 50,9M 1s
 43900K .......... .......... .......... .......... .......... 38% 48,2M 1s
 43950K .......... .......... .......... .......... .......... 38% 41,2M 1s
 44000K .......... .......... .......... .......... .......... 38% 29,2M 1s
 44050K .......... .......... .......... .......... .......... 38%  161M 1s
 44100K .......... .......... .......... .......... .......... 38% 40,8M 1s
 44150K .......... .......... .......... .......... .......... 38% 59,1M 1s
 44200K .......... .......... .......... .......... .......... 38%  125M 1s
 44250K .......... .......... .......... .......... .......... 38%  104M 1s
 44300K .......... .......... .......... .......... .......... 38%  125M 1s
 44350K .......... .......... .......... .......... .......... 38%  115M 1s
 44400K .......... .......... .......... .......... .......... 38% 73,3M 1s
 44450K .......... .......... .......... .......... .......... 38%  136M 1s
 44500K .......... .......... .......... .......... .......... 38% 99,0M 1s
 44550K .......... .......... .......... .......... .......... 38% 79,8M 1s
 44600K .......... .......... .......... .......... .......... 38% 97,2M 1s
 44650K .......... .......... .......... .......... .......... 38%  130M 1s
 44700K .......... .......... .......... .......... .......... 38% 99,1M 1s
 44750K .......... .......... .......... .......... .......... 38% 89,9M 1s
 44800K .......... .......... .......... .......... .......... 38% 85,5M 1s
 44850K .......... .......... .......... .......... .......... 38%  121M 1s
 44900K .......... .......... .......... .......... .......... 39% 99,9M 1s
 44950K .......... .......... .......... .......... .......... 39% 93,9M 1s
 45000K .......... .......... .......... .......... .......... 39% 87,7M 1s
 45050K .......... .......... .......... .......... .......... 39% 79,1M 1s
 45100K .......... .......... .......... .......... .......... 39%  103M 1s
 45150K .......... .......... .......... .......... .......... 39% 53,6M 1s
 45200K .......... .......... .......... .......... .......... 39% 93,3M 1s
 45250K .......... .......... .......... .......... .......... 39%  106M 1s
 45300K .......... .......... .......... .......... .......... 39% 94,2M 1s
 45350K .......... .......... .......... .......... .......... 39% 58,2M 1s
 45400K .......... .......... .......... .......... .......... 39% 93,8M 1s
 45450K .......... .......... .......... .......... .......... 39% 62,1M 1s
 45500K .......... .......... .......... .......... .......... 39%  133M 1s
 45550K .......... .......... .......... .......... .......... 39% 78,9M 1s
 45600K .......... .......... .......... .......... .......... 39% 76,6M 1s
 45650K .......... .......... .......... .......... .......... 39% 62,1M 1s
 45700K .......... .......... .......... .......... .......... 39% 99,0M 1s
 45750K .......... .......... .......... .......... .......... 39% 91,9M 1s
 45800K .......... .......... .......... .......... .......... 39% 85,8M 1s
 45850K .......... .......... .......... .......... .......... 39% 97,4M 1s
 45900K .......... .......... .......... .......... .......... 39% 96,8M 1s
 45950K .......... .......... .......... .......... .......... 39% 88,2M 1s
 46000K .......... .......... .......... .......... .......... 39%  119M 1s
 46050K .......... .......... .......... .......... .......... 40% 68,4M 1s
 46100K .......... .......... .......... .......... .......... 40% 67,5M 1s
 46150K .......... .......... .......... .......... .......... 40% 85,8M 1s
 46200K .......... .......... .......... .......... .......... 40%  108M 1s
 46250K .......... .......... .......... .......... .......... 40% 86,4M 1s
 46300K .......... .......... .......... .......... .......... 40% 97,8M 1s
 46350K .......... .......... .......... .......... .......... 40% 86,5M 1s
 46400K .......... .......... .......... .......... .......... 40%  124M 1s
 46450K .......... .......... .......... .......... .......... 40% 93,4M 1s
 46500K .......... .......... .......... .......... .......... 40%  104M 1s
 46550K .......... .......... .......... .......... .......... 40%  120M 1s
 46600K .......... .......... .......... .......... .......... 40%  124M 1s
 46650K .......... .......... .......... .......... .......... 40% 81,8M 1s
 46700K .......... .......... .......... .......... .......... 40% 87,3M 1s
 46750K .......... .......... .......... .......... .......... 40% 80,3M 1s
 46800K .......... .......... .......... .......... .......... 40%  136M 1s
 46850K .......... .......... .......... .......... .......... 40%  102M 1s
 46900K .......... .......... .......... .......... .......... 40%  112M 1s
 46950K .......... .......... .......... .......... .......... 40% 87,9M 1s
 47000K .......... .......... .......... .......... .......... 40% 98,6M 1s
 47050K .......... .......... .......... .......... .......... 40%  145M 1s
 47100K .......... .......... .......... .......... .......... 40% 69,0M 1s
 47150K .......... .......... .......... .......... .......... 40% 89,5M 1s
 47200K .......... .......... .......... .......... .......... 41%  123M 1s
 47250K .......... .......... .......... .......... .......... 41% 94,8M 1s
 47300K .......... .......... .......... .......... .......... 41% 98,8M 1s
 47350K .......... .......... .......... .......... .......... 41% 90,9M 1s
 47400K .......... .......... .......... .......... .......... 41%  146M 1s
 47450K .......... .......... .......... .......... .......... 41% 94,0M 1s
 47500K .......... .......... .......... .......... .......... 41%  101M 1s
 47550K .......... .......... .......... .......... .......... 41% 65,3M 1s
 47600K .......... .......... .......... .......... .......... 41%  108M 1s
 47650K .......... .......... .......... .......... .......... 41% 86,4M 1s
 47700K .......... .......... .......... .......... .......... 41%  107M 1s
 47750K .......... .......... .......... .......... .......... 41% 77,1M 1s
 47800K .......... .......... .......... .......... .......... 41%  154M 1s
 47850K .......... .......... .......... .......... .......... 41%  127M 1s
 47900K .......... .......... .......... .......... .......... 41% 86,6M 1s
 47950K .......... .......... .......... .......... .......... 41% 96,8M 1s
 48000K .......... .......... .......... .......... .......... 41% 71,8M 1s
 48050K .......... .......... .......... .......... .......... 41%  124M 1s
 48100K .......... .......... .......... .......... .......... 41% 90,1M 1s
 48150K .......... .......... .......... .......... .......... 41% 75,6M 1s
 48200K .......... .......... .......... .......... .......... 41%  118M 1s
 48250K .......... .......... .......... .......... .......... 41% 62,5M 1s
 48300K .......... .......... .......... .......... .......... 41%  158M 1s
 48350K .......... .......... .......... .......... .......... 42% 65,8M 1s
 48400K .......... .......... .......... .......... .......... 42% 99,8M 1s
 48450K .......... .......... .......... .......... .......... 42% 90,1M 1s
 48500K .......... .......... .......... .......... .......... 42%  116M 1s
 48550K .......... .......... .......... .......... .......... 42% 89,1M 1s
 48600K .......... .......... .......... .......... .......... 42% 79,3M 1s
 48650K .......... .......... .......... .......... .......... 42%  113M 1s
 48700K .......... .......... .......... .......... .......... 42% 90,1M 1s
 48750K .......... .......... .......... .......... .......... 42%  108M 1s
 48800K .......... .......... .......... .......... .......... 42%  102M 1s
 48850K .......... .......... .......... .......... .......... 42% 97,7M 1s
 48900K .......... .......... .......... .......... .......... 42% 45,6M 1s
 48950K .......... .......... .......... .......... .......... 42% 33,2M 1s
 49000K .......... .......... .......... .......... .......... 42% 46,6M 1s
 49050K .......... .......... .......... .......... .......... 42% 74,5M 1s
 49100K .......... .......... .......... .......... .......... 42% 41,1M 1s
 49150K .......... .......... .......... .......... .......... 42% 56,6M 1s
 49200K .......... .......... .......... .......... .......... 42% 40,4M 1s
 49250K .......... .......... .......... .......... .......... 42% 30,0M 1s
 49300K .......... .......... .......... .......... .......... 42%  140M 1s
 49350K .......... .......... .......... .......... .......... 42% 1,46M 1s
 49400K .......... .......... .......... .......... .......... 42% 80,0M 1s
 49450K .......... .......... .......... .......... .......... 42%  102M 1s
 49500K .......... .......... .......... .......... .......... 43%  178M 1s
 49550K .......... .......... .......... .......... .......... 43% 42,0M 1s
 49600K .......... .......... .......... .......... .......... 43%  193M 1s
 49650K .......... .......... .......... .......... .......... 43% 98,6M 1s
 49700K .......... .......... .......... .......... .......... 43% 67,9M 1s
 49750K .......... .......... .......... .......... .......... 43% 98,6M 1s
 49800K .......... .......... .......... .......... .......... 43%  186M 1s
 49850K .......... .......... .......... .......... .......... 43%  204M 1s
 49900K .......... .......... .......... .......... .......... 43% 44,1M 1s
 49950K .......... .......... .......... .......... .......... 43% 75,9M 1s
 50000K .......... .......... .......... .......... .......... 43% 87,7M 1s
 50050K .......... .......... .......... .......... .......... 43%  190M 1s
 50100K .......... .......... .......... .......... .......... 43% 53,1M 1s
 50150K .......... .......... .......... .......... .......... 43%  106M 1s
 50200K .......... .......... .......... .......... .......... 43%  196M 1s
 50250K .......... .......... .......... .......... .......... 43%  203M 1s
 50300K .......... .......... .......... .......... .......... 43% 45,8M 1s
 50350K .......... .......... .......... .......... .......... 43%  167M 1s
 50400K .......... .......... .......... .......... .......... 43% 57,0M 1s
 50450K .......... .......... .......... .......... .......... 43%  198M 1s
 50500K .......... .......... .......... .......... .......... 43% 38,8M 1s
 50550K .......... .......... .......... .......... .......... 43%  170M 1s
 50600K .......... .......... .......... .......... .......... 43%  175M 1s
 50650K .......... .......... .......... .......... .......... 44%  116M 1s
 50700K .......... .......... .......... .......... .......... 44% 74,6M 1s
 50750K .......... .......... .......... .......... .......... 44%  168M 1s
 50800K .......... .......... .......... .......... .......... 44%  198M 1s
 50850K .......... .......... .......... .......... .......... 44%  194M 1s
 50900K .......... .......... .......... .......... .......... 44%  201M 1s
 50950K .......... .......... .......... .......... .......... 44%  180M 1s
 51000K .......... .......... .......... .......... .......... 44%  206M 1s
 51050K .......... .......... .......... .......... .......... 44% 25,2M 1s
 51100K .......... .......... .......... .......... .......... 44%  192M 1s
 51150K .......... .......... .......... .......... .......... 44%  168M 1s
 51200K .......... .......... .......... .......... .......... 44%  204M 1s
 51250K .......... .......... .......... .......... .......... 44%  203M 1s
 51300K .......... .......... .......... .......... .......... 44%  189M 1s
 51350K .......... .......... .......... .......... .......... 44%  182M 1s
 51400K .......... .......... .......... .......... .......... 44%  203M 1s
 51450K .......... .......... .......... .......... .......... 44%  201M 1s
 51500K .......... .......... .......... .......... .......... 44%  196M 1s
 51550K .......... .......... .......... .......... .......... 44%  172M 1s
 51600K .......... .......... .......... .......... .......... 44%  205M 1s
 51650K .......... .......... .......... .......... .......... 44%  174M 1s
 51700K .......... .......... .......... .......... .......... 44%  197M 1s
 51750K .......... .......... .......... .......... .......... 44%  177M 1s
 51800K .......... .......... .......... .......... .......... 45%  200M 1s
 51850K .......... .......... .......... .......... .......... 45%  207M 1s
 51900K .......... .......... .......... .......... .......... 45%  206M 1s
 51950K .......... .......... .......... .......... .......... 45%  177M 1s
 52000K .......... .......... .......... .......... .......... 45%  213M 1s
 52050K .......... .......... .......... .......... .......... 45%  212M 1s
 52100K .......... .......... .......... .......... .......... 45%  169M 1s
 52150K .......... .......... .......... .......... .......... 45%  182M 1s
 52200K .......... .......... .......... .......... .......... 45%  200M 1s
 52250K .......... .......... .......... .......... .......... 45%  204M 1s
 52300K .......... .......... .......... .......... .......... 45%  197M 1s
 52350K .......... .......... .......... .......... .......... 45%  170M 1s
 52400K .......... .......... .......... .......... .......... 45%  200M 1s
 52450K .......... .......... .......... .......... .......... 45%  201M 1s
 52500K .......... .......... .......... .......... .......... 45%  191M 1s
 52550K .......... .......... .......... .......... .......... 45%  180M 1s
 52600K .......... .......... .......... .......... .......... 45%  201M 1s
 52650K .......... .......... .......... .......... .......... 45%  203M 1s
 52700K .......... .......... .......... .......... .......... 45%  175M 1s
 52750K .......... .......... .......... .......... .......... 45%  169M 1s
 52800K .......... .......... .......... .......... .......... 45%  201M 1s
 52850K .......... .......... .......... .......... .......... 45%  204M 1s
 52900K .......... .......... .......... .......... .......... 45%  208M 1s
 52950K .......... .......... .......... .......... .......... 46%  188M 1s
 53000K .......... .......... .......... .......... .......... 46%  207M 1s
 53050K .......... .......... .......... .......... .......... 46%  160M 1s
 53100K .......... .......... .......... .......... .......... 46%  129M 1s
 53150K .......... .......... .......... .......... .......... 46%  169M 1s
 53200K .......... .......... .......... .......... .......... 46% 41,9M 1s
 53250K .......... .......... .......... .......... .......... 46%  183M 1s
 53300K .......... .......... .......... .......... .......... 46%  198M 1s
 53350K .......... .......... .......... .......... .......... 46% 27,3M 1s
 53400K .......... .......... .......... .......... .......... 46%  199M 1s
 53450K .......... .......... .......... .......... .......... 46%  138M 1s
 53500K .......... .......... .......... .......... .......... 46%  190M 1s
 53550K .......... .......... .......... .......... .......... 46%  133M 1s
 53600K .......... .......... .......... .......... .......... 46%  105M 1s
 53650K .......... .......... .......... .......... .......... 46%  114M 1s
 53700K .......... .......... .......... .......... .......... 46% 77,3M 1s
 53750K .......... .......... .......... .......... .......... 46%  108M 1s
 53800K .......... .......... .......... .......... .......... 46% 41,4M 1s
 53850K .......... .......... .......... .......... .......... 46%  106M 1s
 53900K .......... .......... .......... .......... .......... 46%  137M 1s
 53950K .......... .......... .......... .......... .......... 46% 47,1M 1s
 54000K .......... .......... .......... .......... .......... 46% 91,8M 1s
 54050K .......... .......... .......... .......... .......... 46%  132M 1s
 54100K .......... .......... .......... .......... .......... 47% 70,1M 1s
 54150K .......... .......... .......... .......... .......... 47% 91,5M 1s
 54200K .......... .......... .......... .......... .......... 47% 95,6M 1s
 54250K .......... .......... .......... .......... .......... 47% 82,5M 1s
 54300K .......... .......... .......... .......... .......... 47% 71,4M 1s
 54350K .......... .......... .......... .......... .......... 47% 67,1M 1s
 54400K .......... .......... .......... .......... .......... 47% 83,2M 1s
 54450K .......... .......... .......... .......... .......... 47% 71,4M 1s
 54500K .......... .......... .......... .......... .......... 47%  117M 1s
 54550K .......... .......... .......... .......... .......... 47% 75,7M 1s
 54600K .......... .......... .......... .......... .......... 47% 98,6M 1s
 54650K .......... .......... .......... .......... .......... 47% 71,5M 1s
 54700K .......... .......... .......... .......... .......... 47%  107M 1s
 54750K .......... .......... .......... .......... .......... 47% 62,9M 1s
 54800K .......... .......... .......... .......... .......... 47% 73,8M 1s
 54850K .......... .......... .......... .......... .......... 47% 96,9M 1s
 54900K .......... .......... .......... .......... .......... 47% 61,2M 1s
 54950K .......... .......... .......... .......... .......... 47% 90,9M 1s
 55000K .......... .......... .......... .......... .......... 47% 56,9M 1s
 55050K .......... .......... .......... .......... .......... 47% 65,1M 1s
 55100K .......... .......... .......... .......... .......... 47% 60,9M 1s
 55150K .......... .......... .......... .......... .......... 47% 44,1M 1s
 55200K .......... .......... .......... .......... .......... 47%  153M 1s
 55250K .......... .......... .......... .......... .......... 48% 98,0M 1s
 55300K .......... .......... .......... .......... .......... 48% 51,5M 1s
 55350K .......... .......... .......... .......... .......... 48% 79,5M 1s
 55400K .......... .......... .......... .......... .......... 48% 59,2M 1s
 55450K .......... .......... .......... .......... .......... 48%  161M 1s
 55500K .......... .......... .......... .......... .......... 48% 47,1M 1s
 55550K .......... .......... .......... .......... .......... 48% 90,0M 1s
 55600K .......... .......... .......... .......... .......... 48% 44,5M 1s
 55650K .......... .......... .......... .......... .......... 48% 98,0M 1s
 55700K .......... .......... .......... .......... .......... 48%  149M 1s
 55750K .......... .......... .......... .......... .......... 48% 63,5M 1s
 55800K .......... .......... .......... .......... .......... 48%  176M 1s
 55850K .......... .......... .......... .......... .......... 48% 99,4M 1s
 55900K .......... .......... .......... .......... .......... 48%  156M 1s
 55950K .......... .......... .......... .......... .......... 48% 74,0M 1s
 56000K .......... .......... .......... .......... .......... 48%  124M 1s
 56050K .......... .......... .......... .......... .......... 48%  112M 1s
 56100K .......... .......... .......... .......... .......... 48%  146M 1s
 56150K .......... .......... .......... .......... .......... 48%  109M 1s
 56200K .......... .......... .......... .......... .......... 48% 97,0M 1s
 56250K .......... .......... .......... .......... .......... 48%  148M 1s
 56300K .......... .......... .......... .......... .......... 48%  116M 1s
 56350K .......... .......... .......... .......... .......... 48% 67,1M 1s
 56400K .......... .......... .......... .......... .......... 49% 96,8M 1s
 56450K .......... .......... .......... .......... .......... 49% 81,1M 1s
 56500K .......... .......... .......... .......... .......... 49% 86,4M 1s
 56550K .......... .......... .......... .......... .......... 49% 59,1M 1s
 56600K .......... .......... .......... .......... .......... 49% 69,2M 1s
 56650K .......... .......... .......... .......... .......... 49%  157M 1s
 56700K .......... .......... .......... .......... .......... 49% 63,5M 1s
 56750K .......... .......... .......... .......... .......... 49% 84,6M 1s
 56800K .......... .......... .......... .......... .......... 49% 59,0M 1s
 56850K .......... .......... .......... .......... .......... 49% 75,9M 1s
 56900K .......... .......... .......... .......... .......... 49% 97,0M 1s
 56950K .......... .......... .......... .......... .......... 49% 81,3M 1s
 57000K .......... .......... .......... .......... .......... 49% 80,9M 1s
 57050K .......... .......... .......... .......... .......... 49% 82,9M 1s
 57100K .......... .......... .......... .......... .......... 49% 66,0M 1s
 57150K .......... .......... .......... .......... .......... 49% 61,8M 1s
 57200K .......... .......... .......... .......... .......... 49%  159M 1s
 57250K .......... .......... .......... .......... .......... 49% 67,6M 1s
 57300K .......... .......... .......... .......... .......... 49% 67,3M 1s
 57350K .......... .......... .......... .......... .......... 49% 91,9M 1s
 57400K .......... .......... .......... .......... .......... 49% 93,5M 1s
 57450K .......... .......... .......... .......... .......... 49% 70,4M 1s
 57500K .......... .......... .......... .......... .......... 49% 49,7M 1s
 57550K .......... .......... .......... .......... .......... 50% 91,7M 1s
 57600K .......... .......... .......... .......... .......... 50%  102M 1s
 57650K .......... .......... .......... .......... .......... 50% 82,8M 1s
 57700K .......... .......... .......... .......... .......... 50% 72,0M 1s
 57750K .......... .......... .......... .......... .......... 50% 77,7M 1s
 57800K .......... .......... .......... .......... .......... 50% 60,3M 1s
 57850K .......... .......... .......... .......... .......... 50% 72,3M 1s
 57900K .......... .......... .......... .......... .......... 50%  185M 1s
 57950K .......... .......... .......... .......... .......... 50% 38,2M 1s
 58000K .......... .......... .......... .......... .......... 50%  171M 1s
 58050K .......... .......... .......... .......... .......... 50%  114M 1s
 58100K .......... .......... .......... .......... .......... 50% 62,3M 1s
 58150K .......... .......... .......... .......... .......... 50% 82,1M 1s
 58200K .......... .......... .......... .......... .......... 50%  106M 1s
 58250K .......... .......... .......... .......... .......... 50% 76,3M 1s
 58300K .......... .......... .......... .......... .......... 50% 63,1M 1s
 58350K .......... .......... .......... .......... .......... 50% 81,0M 1s
 58400K .......... .......... .......... .......... .......... 50% 99,6M 1s
 58450K .......... .......... .......... .......... .......... 50% 77,2M 1s
 58500K .......... .......... .......... .......... .......... 50% 61,4M 1s
 58550K .......... .......... .......... .......... .......... 50% 89,9M 1s
 58600K .......... .......... .......... .......... .......... 50% 59,8M 1s
 58650K .......... .......... .......... .......... .......... 50%  141M 1s
 58700K .......... .......... .......... .......... .......... 51% 61,8M 1s
 58750K .......... .......... .......... .......... .......... 51% 87,3M 1s
 58800K .......... .......... .......... .......... .......... 51% 63,8M 1s
 58850K .......... .......... .......... .......... .......... 51% 92,9M 1s
 58900K .......... .......... .......... .......... .......... 51% 94,2M 1s
 58950K .......... .......... .......... .......... .......... 51% 81,2M 1s
 59000K .......... .......... .......... .......... .......... 51% 65,4M 1s
 59050K .......... .......... .......... .......... .......... 51%  108M 1s
 59100K .......... .......... .......... .......... .......... 51% 91,8M 1s
 59150K .......... .......... .......... .......... .......... 51% 49,7M 1s
 59200K .......... .......... .......... .......... .......... 51% 90,1M 1s
 59250K .......... .......... .......... .......... .......... 51% 84,0M 1s
 59300K .......... .......... .......... .......... .......... 51% 72,2M 1s
 59350K .......... .......... .......... .......... .......... 51%  105M 1s
 59400K .......... .......... .......... .......... .......... 51% 70,6M 1s
 59450K .......... .......... .......... .......... .......... 51% 72,6M 1s
 59500K .......... .......... .......... .......... .......... 51% 67,9M 1s
 59550K .......... .......... .......... .......... .......... 51% 67,6M 1s
 59600K .......... .......... .......... .......... .......... 51% 99,4M 1s
 59650K .......... .......... .......... .......... .......... 51%  102M 1s
 59700K .......... .......... .......... .......... .......... 51% 64,0M 1s
 59750K .......... .......... .......... .......... .......... 51% 77,5M 1s
 59800K .......... .......... .......... .......... .......... 51% 83,3M 1s
 59850K .......... .......... .......... .......... .......... 52% 91,3M 1s
 59900K .......... .......... .......... .......... .......... 52% 53,6M 1s
 59950K .......... .......... .......... .......... .......... 52% 78,3M 1s
 60000K .......... .......... .......... .......... .......... 52% 80,3M 1s
 60050K .......... .......... .......... .......... .......... 52% 76,0M 1s
 60100K .......... .......... .......... .......... .......... 52%  154M 1s
 60150K .......... .......... .......... .......... .......... 52% 62,6M 1s
 60200K .......... .......... .......... .......... .......... 52% 79,9M 1s
 60250K .......... .......... .......... .......... .......... 52% 61,7M 1s
 60300K .......... .......... .......... .......... .......... 52% 91,3M 1s
 60350K .......... .......... .......... .......... .......... 52% 62,5M 1s
 60400K .......... .......... .......... .......... .......... 52% 93,6M 1s
 60450K .......... .......... .......... .......... .......... 52% 77,2M 1s
 60500K .......... .......... .......... .......... .......... 52% 69,0M 1s
 60550K .......... .......... .......... .......... .......... 52% 86,2M 1s
 60600K .......... .......... .......... .......... .......... 52%  157M 1s
 60650K .......... .......... .......... .......... .......... 52% 61,4M 1s
 60700K .......... .......... .......... .......... .......... 52% 70,6M 1s
 60750K .......... .......... .......... .......... .......... 52% 71,8M 1s
 60800K .......... .......... .......... .......... .......... 52% 98,0M 1s
 60850K .......... .......... .......... .......... .......... 52% 77,1M 1s
 60900K .......... .......... .......... .......... .......... 52% 74,1M 1s
 60950K .......... .......... .......... .......... .......... 52% 79,7M 1s
 61000K .......... .......... .......... .......... .......... 53% 67,4M 1s
 61050K .......... .......... .......... .......... .......... 53% 70,1M 1s
 61100K .......... .......... .......... .......... .......... 53% 98,8M 1s
 61150K .......... .......... .......... .......... .......... 53% 70,4M 1s
 61200K .......... .......... .......... .......... .......... 53% 74,9M 1s
 61250K .......... .......... .......... .......... .......... 53% 73,1M 1s
 61300K .......... .......... .......... .......... .......... 53% 88,5M 1s
 61350K .......... .......... .......... .......... .......... 53% 78,3M 1s
 61400K .......... .......... .......... .......... .......... 53% 79,2M 1s
 61450K .......... .......... .......... .......... .......... 53% 71,8M 1s
 61500K .......... .......... .......... .......... .......... 53% 98,7M 1s
 61550K .......... .......... .......... .......... .......... 53% 48,7M 1s
 61600K .......... .......... .......... .......... .......... 53%  103M 1s
 61650K .......... .......... .......... .......... .......... 53% 96,7M 1s
 61700K .......... .......... .......... .......... .......... 53% 76,1M 1s
 61750K .......... .......... .......... .......... .......... 53% 89,9M 1s
 61800K .......... .......... .......... .......... .......... 53% 93,1M 1s
 61850K .......... .......... .......... .......... .......... 53% 62,2M 1s
 61900K .......... .......... .......... .......... .......... 53% 93,2M 1s
 61950K .......... .......... .......... .......... .......... 53% 59,3M 1s
 62000K .......... .......... .......... .......... .......... 53% 72,6M 1s
 62050K .......... .......... .......... .......... .......... 53% 93,3M 1s
 62100K .......... .......... .......... .......... .......... 53%  104M 1s
 62150K .......... .......... .......... .......... .......... 54% 57,1M 1s
 62200K .......... .......... .......... .......... .......... 54% 75,8M 1s
 62250K .......... .......... .......... .......... .......... 54% 75,7M 1s
 62300K .......... .......... .......... .......... .......... 54%  136M 1s
 62350K .......... .......... .......... .......... .......... 54% 67,5M 1s
 62400K .......... .......... .......... .......... .......... 54% 78,5M 1s
 62450K .......... .......... .......... .......... .......... 54% 71,0M 1s
 62500K .......... .......... .......... .......... .......... 54% 84,1M 1s
 62550K .......... .......... .......... .......... .......... 54% 80,4M 1s
 62600K .......... .......... .......... .......... .......... 54% 86,6M 1s
 62650K .......... .......... .......... .......... .......... 54% 65,0M 1s
 62700K .......... .......... .......... .......... .......... 54% 59,5M 1s
 62750K .......... .......... .......... .......... .......... 54% 89,9M 1s
 62800K .......... .......... .......... .......... .......... 54% 72,5M 1s
 62850K .......... .......... .......... .......... .......... 54%  102M 1s
 62900K .......... .......... .......... .......... .......... 54% 82,2M 1s
 62950K .......... .......... .......... .......... .......... 54% 68,9M 1s
 63000K .......... .......... .......... .......... .......... 54% 88,8M 1s
 63050K .......... .......... .......... .......... .......... 54% 94,5M 1s
 63100K .......... .......... .......... .......... .......... 54% 87,7M 1s
 63150K .......... .......... .......... .......... .......... 54% 53,3M 1s
 63200K .......... .......... .......... .......... .......... 54% 63,3M 1s
 63250K .......... .......... .......... .......... .......... 54%  105M 1s
 63300K .......... .......... .......... .......... .......... 55% 89,8M 1s
 63350K .......... .......... .......... .......... .......... 55% 87,7M 1s
 63400K .......... .......... .......... .......... .......... 55% 58,8M 1s
 63450K .......... .......... .......... .......... .......... 55% 71,9M 1s
 63500K .......... .......... .......... .......... .......... 55%  136M 1s
 63550K .......... .......... .......... .......... .......... 55% 69,6M 1s
 63600K .......... .......... .......... .......... .......... 55% 70,3M 1s
 63650K .......... .......... .......... .......... .......... 55% 81,8M 1s
 63700K .......... .......... .......... .......... .......... 55% 71,7M 1s
 63750K .......... .......... .......... .......... .......... 55% 61,1M 1s
 63800K .......... .......... .......... .......... .......... 55%  143M 1s
 63850K .......... .......... .......... .......... .......... 55% 74,4M 1s
 63900K .......... .......... .......... .......... .......... 55% 69,2M 1s
 63950K .......... .......... .......... .......... .......... 55% 67,5M 1s
 64000K .......... .......... .......... .......... .......... 55% 99,8M 1s
 64050K .......... .......... .......... .......... .......... 55% 87,6M 1s
 64100K .......... .......... .......... .......... .......... 55% 70,9M 1s
 64150K .......... .......... .......... .......... .......... 55% 71,2M 1s
 64200K .......... .......... .......... .......... .......... 55% 92,4M 1s
 64250K .......... .......... .......... .......... .......... 55%  106M 1s
 64300K .......... .......... .......... .......... .......... 55% 63,8M 1s
 64350K .......... .......... .......... .......... .......... 55% 63,4M 1s
 64400K .......... .......... .......... .......... .......... 55% 81,3M 1s
 64450K .......... .......... .......... .......... .......... 56% 68,6M 1s
 64500K .......... .......... .......... .......... .......... 56% 75,9M 1s
 64550K .......... .......... .......... .......... .......... 56% 98,3M 1s
 64600K .......... .......... .......... .......... .......... 56% 73,3M 1s
 64650K .......... .......... .......... .......... .......... 56% 69,1M 1s
 64700K .......... .......... .......... .......... .......... 56% 98,3M 1s
 64750K .......... .......... .......... .......... .......... 56% 72,2M 1s
 64800K .......... .......... .......... .......... .......... 56% 95,5M 1s
 64850K .......... .......... .......... .......... .......... 56% 69,3M 1s
 64900K .......... .......... .......... .......... .......... 56% 64,2M 1s
 64950K .......... .......... .......... .......... .......... 56% 98,9M 1s
 65000K .......... .......... .......... .......... .......... 56% 82,0M 1s
 65050K .......... .......... .......... .......... .......... 56% 92,4M 1s
 65100K .......... .......... .......... .......... .......... 56% 63,4M 1s
 65150K .......... .......... .......... .......... .......... 56% 64,3M 1s
 65200K .......... .......... .......... .......... .......... 56% 70,5M 1s
 65250K .......... .......... .......... .......... .......... 56% 99,3M 1s
 65300K .......... .......... .......... .......... .......... 56% 96,8M 1s
 65350K .......... .......... .......... .......... .......... 56% 69,4M 1s
 65400K .......... .......... .......... .......... .......... 56% 60,0M 1s
 65450K .......... .......... .......... .......... .......... 56% 94,0M 1s
 65500K .......... .......... .......... .......... .......... 56%  101M 1s
 65550K .......... .......... .......... .......... .......... 56% 69,6M 1s
 65600K .......... .......... .......... .......... .......... 57% 69,3M 1s
 65650K .......... .......... .......... .......... .......... 57% 87,7M 1s
 65700K .......... .......... .......... .......... .......... 57% 72,3M 1s
 65750K .......... .......... .......... .......... .......... 57% 91,7M 1s
 65800K .......... .......... .......... .......... .......... 57% 79,1M 1s
 65850K .......... .......... .......... .......... .......... 57% 73,1M 1s
 65900K .......... .......... .......... .......... .......... 57% 98,1M 1s
 65950K .......... .......... .......... .......... .......... 57% 49,0M 1s
 66000K .......... .......... .......... .......... .......... 57%  147M 1s
 66050K .......... .......... .......... .......... .......... 57% 71,8M 1s
 66100K .......... .......... .......... .......... .......... 57% 75,7M 1s
 66150K .......... .......... .......... .......... .......... 57% 57,7M 1s
 66200K .......... .......... .......... .......... .......... 57% 91,9M 1s
 66250K .......... .......... .......... .......... .......... 57%  147M 1s
 66300K .......... .......... .......... .......... .......... 57% 56,0M 1s
 66350K .......... .......... .......... .......... .......... 57% 72,5M 1s
 66400K .......... .......... .......... .......... .......... 57% 72,2M 1s
 66450K .......... .......... .......... .......... .......... 57% 98,7M 1s
 66500K .......... .......... .......... .......... .......... 57% 97,0M 1s
 66550K .......... .......... .......... .......... .......... 57% 76,4M 1s
 66600K .......... .......... .......... .......... .......... 57% 60,2M 1s
 66650K .......... .......... .......... .......... .......... 57% 76,9M 1s
 66700K .......... .......... .......... .......... .......... 57%  117M 1s
 66750K .......... .......... .......... .......... .......... 58% 66,2M 1s
 66800K .......... .......... .......... .......... .......... 58% 62,0M 1s
 66850K .......... .......... .......... .......... .......... 58% 93,2M 1s
 66900K .......... .......... .......... .......... .......... 58% 62,1M 1s
 66950K .......... .......... .......... .......... .......... 58% 55,8M 1s
 67000K .......... .......... .......... .......... .......... 58%  144M 1s
 67050K .......... .......... .......... .......... .......... 58% 96,7M 1s
 67100K .......... .......... .......... .......... .......... 58% 62,4M 1s
 67150K .......... .......... .......... .......... .......... 58% 62,1M 1s
 67200K .......... .......... .......... .......... .......... 58%  103M 1s
 67250K .......... .......... .......... .......... .......... 58%  106M 1s
 67300K .......... .......... .......... .......... .......... 58% 79,3M 1s
 67350K .......... .......... .......... .......... .......... 58% 68,5M 1s
 67400K .......... .......... .......... .......... .......... 58% 63,9M 1s
 67450K .......... .......... .......... .......... .......... 58%  137M 1s
 67500K .......... .......... .......... .......... .......... 58% 85,1M 1s
 67550K .......... .......... .......... .......... .......... 58% 54,0M 1s
 67600K .......... .......... .......... .......... .......... 58% 67,1M 1s
 67650K .......... .......... .......... .......... .......... 58% 68,5M 1s
 67700K .......... .......... .......... .......... .......... 58% 97,3M 1s
 67750K .......... .......... .......... .......... .......... 58% 55,5M 1s
 67800K .......... .......... .......... .......... .......... 58% 91,0M 1s
 67850K .......... .......... .......... .......... .......... 58%  163M 1s
 67900K .......... .......... .......... .......... .......... 59% 73,0M 1s
 67950K .......... .......... .......... .......... .......... 59% 67,8M 1s
 68000K .......... .......... .......... .......... .......... 59%  145M 1s
 68050K .......... .......... .......... .......... .......... 59% 71,4M 1s
 68100K .......... .......... .......... .......... .......... 59% 60,6M 1s
 68150K .......... .......... .......... .......... .......... 59% 93,7M 1s
 68200K .......... .......... .......... .......... .......... 59% 96,8M 1s
 68250K .......... .......... .......... .......... .......... 59% 13,8M 1s
 68300K .......... .......... .......... .......... .......... 59%  174M 1s
 68350K .......... .......... .......... .......... .......... 59%  157M 1s
 68400K .......... .......... .......... .......... .......... 59%  165M 1s
 68450K .......... .......... .......... .......... .......... 59%  183M 1s
 68500K .......... .......... .......... .......... .......... 59%  183M 1s
 68550K .......... .......... .......... .......... .......... 59%  169M 1s
 68600K .......... .......... .......... .......... .......... 59%  152M 1s
 68650K .......... .......... .......... .......... .......... 59%  169M 1s
 68700K .......... .......... .......... .......... .......... 59% 14,5M 1s
 68750K .......... .......... .......... .......... .......... 59%  134M 1s
 68800K .......... .......... .......... .......... .......... 59%  183M 1s
 68850K .......... .......... .......... .......... .......... 59%  184M 1s
 68900K .......... .......... .......... .......... .......... 59%  181M 1s
 68950K .......... .......... .......... .......... .......... 59%  166M 1s
 69000K .......... .......... .......... .......... .......... 59%  184M 1s
 69050K .......... .......... .......... .......... .......... 59%  188M 1s
 69100K .......... .......... .......... .......... .......... 60%  179M 1s
 69150K .......... .......... .......... .......... .......... 60% 16,4M 1s
 69200K .......... .......... .......... .......... .......... 60%  177M 1s
 69250K .......... .......... .......... .......... .......... 60%  183M 1s
 69300K .......... .......... .......... .......... .......... 60%  188M 1s
 69350K .......... .......... .......... .......... .......... 60%  161M 1s
 69400K .......... .......... .......... .......... .......... 60%  189M 1s
 69450K .......... .......... .......... .......... .......... 60%  196M 1s
 69500K .......... .......... .......... .......... .......... 60% 7,61M 1s
 69550K .......... .......... .......... .......... .......... 60%  136M 1s
 69600K .......... .......... .......... .......... .......... 60%  182M 1s
 69650K .......... .......... .......... .......... .......... 60%  148M 1s
 69700K .......... .......... .......... .......... .......... 60%  180M 1s
 69750K .......... .......... .......... .......... .......... 60%  166M 1s
 69800K .......... .......... .......... .......... .......... 60%  180M 1s
 69850K .......... .......... .......... .......... .......... 60% 15,4M 1s
 69900K .......... .......... .......... .......... .......... 60%  182M 1s
 69950K .......... .......... .......... .......... .......... 60%  158M 1s
 70000K .......... .......... .......... .......... .......... 60% 14,8M 1s
 70050K .......... .......... .......... .......... .......... 60%  172M 1s
 70100K .......... .......... .......... .......... .......... 60%  191M 1s
 70150K .......... .......... .......... .......... .......... 60%  167M 1s
 70200K .......... .......... .......... .......... .......... 60%  173M 1s
 70250K .......... .......... .......... .......... .......... 61%  190M 1s
 70300K .......... .......... .......... .......... .......... 61%  184M 1s
 70350K .......... .......... .......... .......... .......... 61%  155M 1s
 70400K .......... .......... .......... .......... .......... 61% 11,3M 1s
 70450K .......... .......... .......... .......... .......... 61%  186M 1s
 70500K .......... .......... .......... .......... .......... 61%  184M 1s
 70550K .......... .......... .......... .......... .......... 61% 20,8M 1s
 70600K .......... .......... .......... .......... .......... 61%  177M 1s
 70650K .......... .......... .......... .......... .......... 61%  186M 1s
 70700K .......... .......... .......... .......... .......... 61%  182M 1s
 70750K .......... .......... .......... .......... .......... 61%  142M 1s
 70800K .......... .......... .......... .......... .......... 61%  186M 1s
 70850K .......... .......... .......... .......... .......... 61%  191M 1s
 70900K .......... .......... .......... .......... .......... 61%  176M 1s
 70950K .......... .......... .......... .......... .......... 61% 8,25M 1s
 71000K .......... .......... .......... .......... .......... 61%  165M 1s
 71050K .......... .......... .......... .......... .......... 61%  187M 1s
 71100K .......... .......... .......... .......... .......... 61%  188M 1s
 71150K .......... .......... .......... .......... .......... 61%  141M 1s
 71200K .......... .......... .......... .......... .......... 61%  181M 1s
 71250K .......... .......... .......... .......... .......... 61%  193M 1s
 71300K .......... .......... .......... .......... .......... 61%  179M 1s
 71350K .......... .......... .......... .......... .......... 61%  165M 1s
 71400K .......... .......... .......... .......... .......... 62%  186M 1s
 71450K .......... .......... .......... .......... .......... 62%  179M 1s
 71500K .......... .......... .......... .......... .......... 62% 7,69M 1s
 71550K .......... .......... .......... .......... .......... 62%  139M 1s
 71600K .......... .......... .......... .......... .......... 62%  178M 1s
 71650K .......... .......... .......... .......... .......... 62%  176M 1s
 71700K .......... .......... .......... .......... .......... 62%  190M 1s
 71750K .......... .......... .......... .......... .......... 62%  160M 1s
 71800K .......... .......... .......... .......... .......... 62% 14,4M 1s
 71850K .......... .......... .......... .......... .......... 62%  170M 1s
 71900K .......... .......... .......... .......... .......... 62%  181M 1s
 71950K .......... .......... .......... .......... .......... 62%  155M 1s
 72000K .......... .......... .......... .......... .......... 62%  178M 1s
 72050K .......... .......... .......... .......... .......... 62%  167M 1s
 72100K .......... .......... .......... .......... .......... 62%  185M 1s
 72150K .......... .......... .......... .......... .......... 62%  162M 1s
 72200K .......... .......... .......... .......... .......... 62%  180M 1s
 72250K .......... .......... .......... .......... .......... 62%  192M 1s
 72300K .......... .......... .......... .......... .......... 62%  190M 1s
 72350K .......... .......... .......... .......... .......... 62%  151M 1s
 72400K .......... .......... .......... .......... .......... 62%  183M 1s
 72450K .......... .......... .......... .......... .......... 62%  185M 1s
 72500K .......... .......... .......... .......... .......... 62%  185M 1s
 72550K .......... .......... .......... .......... .......... 63% 14,7M 1s
 72600K .......... .......... .......... .......... .......... 63%  192M 1s
 72650K .......... .......... .......... .......... .......... 63%  182M 1s
 72700K .......... .......... .......... .......... .......... 63%  173M 1s
 72750K .......... .......... .......... .......... .......... 63%  162M 1s
 72800K .......... .......... .......... .......... .......... 63%  165M 1s
 72850K .......... .......... .......... .......... .......... 63%  185M 1s
 72900K .......... .......... .......... .......... .......... 63%  181M 1s
 72950K .......... .......... .......... .......... .......... 63%  165M 1s
 73000K .......... .......... .......... .......... .......... 63%  186M 1s
 73050K .......... .......... .......... .......... .......... 63% 14,9M 1s
 73100K .......... .......... .......... .......... .......... 63%  162M 1s
 73150K .......... .......... .......... .......... .......... 63%  158M 1s
 73200K .......... .......... .......... .......... .......... 63%  183M 1s
 73250K .......... .......... .......... .......... .......... 63%  173M 1s
 73300K .......... .......... .......... .......... .......... 63% 16,5M 1s
 73350K .......... .......... .......... .......... .......... 63%  155M 1s
 73400K .......... .......... .......... .......... .......... 63%  188M 1s
 73450K .......... .......... .......... .......... .......... 63%  175M 1s
 73500K .......... .......... .......... .......... .......... 63%  181M 1s
 73550K .......... .......... .......... .......... .......... 63%  157M 1s
 73600K .......... .......... .......... .......... .......... 63%  185M 1s
 73650K .......... .......... .......... .......... .......... 63%  179M 1s
 73700K .......... .......... .......... .......... .......... 64%  171M 1s
 73750K .......... .......... .......... .......... .......... 64%  163M 1s
 73800K .......... .......... .......... .......... .......... 64%  183M 1s
 73850K .......... .......... .......... .......... .......... 64%  162M 1s
 73900K .......... .......... .......... .......... .......... 64%  189M 1s
 73950K .......... .......... .......... .......... .......... 64%  158M 1s
 74000K .......... .......... .......... .......... .......... 64% 14,8M 1s
 74050K .......... .......... .......... .......... .......... 64%  181M 1s
 74100K .......... .......... .......... .......... .......... 64%  183M 1s
 74150K .......... .......... .......... .......... .......... 64%  159M 1s
 74200K .......... .......... .......... .......... .......... 64%  178M 1s
 74250K .......... .......... .......... .......... .......... 64%  183M 1s
 74300K .......... .......... .......... .......... .......... 64%  190M 1s
 74350K .......... .......... .......... .......... .......... 64%  142M 1s
 74400K .......... .......... .......... .......... .......... 64%  199M 1s
 74450K .......... .......... .......... .......... .......... 64%  185M 1s
 74500K .......... .......... .......... .......... .......... 64% 13,9M 1s
 74550K .......... .......... .......... .......... .......... 64%  166M 1s
 74600K .......... .......... .......... .......... .......... 64%  180M 1s
 74650K .......... .......... .......... .......... .......... 64%  191M 1s
 74700K .......... .......... .......... .......... .......... 64%  181M 1s
 74750K .......... .......... .......... .......... .......... 64%  138M 1s
 74800K .......... .......... .......... .......... .......... 64%  190M 1s
 74850K .......... .......... .......... .......... .......... 65%  182M 1s
 74900K .......... .......... .......... .......... .......... 65%  184M 1s
 74950K .......... .......... .......... .......... .......... 65%  170M 1s
 75000K .......... .......... .......... .......... .......... 65%  188M 1s
 75050K .......... .......... .......... .......... .......... 65% 13,9M 1s
 75100K .......... .......... .......... .......... .......... 65% 45,1M 1s
 75150K .......... .......... .......... .......... .......... 65% 65,2M 1s
 75200K .......... .......... .......... .......... .......... 65%  163M 1s
 75250K .......... .......... .......... .......... .......... 65%  182M 1s
 75300K .......... .......... .......... .......... .......... 65%  133M 1s
 75350K .......... .......... .......... .......... .......... 65%  161M 1s
 75400K .......... .......... .......... .......... .......... 65%  188M 1s
 75450K .......... .......... .......... .......... .......... 65%  161M 1s
 75500K .......... .......... .......... .......... .......... 65%  182M 1s
 75550K .......... .......... .......... .......... .......... 65%  157M 1s
 75600K .......... .......... .......... .......... .......... 65%  170M 1s
 75650K .......... .......... .......... .......... .......... 65%  181M 1s
 75700K .......... .......... .......... .......... .......... 65%  200M 1s
 75750K .......... .......... .......... .......... .......... 65%  165M 1s
 75800K .......... .......... .......... .......... .......... 65%  181M 1s
 75850K .......... .......... .......... .......... .......... 65%  179M 1s
 75900K .......... .......... .......... .......... .......... 65%  178M 1s
 75950K .......... .......... .......... .......... .......... 65%  160M 1s
 76000K .......... .......... .......... .......... .......... 66%  169M 1s
 76050K .......... .......... .......... .......... .......... 66%  184M 1s
 76100K .......... .......... .......... .......... .......... 66%  182M 1s
 76150K .......... .......... .......... .......... .......... 66%  183M 1s
 76200K .......... .......... .......... .......... .......... 66%  165M 1s
 76250K .......... .......... .......... .......... .......... 66%  180M 1s
 76300K .......... .......... .......... .......... .......... 66%  178M 1s
 76350K .......... .......... .......... .......... .......... 66%  150M 1s
 76400K .......... .......... .......... .......... .......... 66%  201M 1s
 76450K .......... .......... .......... .......... .......... 66%  184M 1s
 76500K .......... .......... .......... .......... .......... 66%  175M 1s
 76550K .......... .......... .......... .......... .......... 66%  164M 1s
 76600K .......... .......... .......... .......... .......... 66%  185M 1s
 76650K .......... .......... .......... .......... .......... 66%  180M 1s
 76700K .......... .......... .......... .......... .......... 66%  193M 1s
 76750K .......... .......... .......... .......... .......... 66%  137M 1s
 76800K .......... .......... .......... .......... .......... 66%  189M 1s
 76850K .......... .......... .......... .......... .......... 66%  184M 1s
 76900K .......... .......... .......... .......... .......... 66%  177M 1s
 76950K .......... .......... .......... .......... .......... 66%  173M 1s
 77000K .......... .......... .......... .......... .......... 66%  174M 1s
 77050K .......... .......... .......... .......... .......... 66% 14,3M 1s
 77100K .......... .......... .......... .......... .......... 66%  181M 1s
 77150K .......... .......... .......... .......... .......... 67%  144M 1s
 77200K .......... .......... .......... .......... .......... 67%  184M 1s
 77250K .......... .......... .......... .......... .......... 67%  172M 1s
 77300K .......... .......... .......... .......... .......... 67%  183M 1s
 77350K .......... .......... .......... .......... .......... 67%  168M 1s
 77400K .......... .......... .......... .......... .......... 67%  183M 1s
 77450K .......... .......... .......... .......... .......... 67%  181M 1s
 77500K .......... .......... .......... .......... .......... 67%  184M 1s
 77550K .......... .......... .......... .......... .......... 67% 18,7M 1s
 77600K .......... .......... .......... .......... .......... 67%  179M 1s
 77650K .......... .......... .......... .......... .......... 67%  186M 1s
 77700K .......... .......... .......... .......... .......... 67%  186M 1s
 77750K .......... .......... .......... .......... .......... 67%  163M 1s
 77800K .......... .......... .......... .......... .......... 67%  184M 1s
 77850K .......... .......... .......... .......... .......... 67% 13,9M 1s
 77900K .......... .......... .......... .......... .......... 67%  179M 1s
 77950K .......... .......... .......... .......... .......... 67%  145M 1s
 78000K .......... .......... .......... .......... .......... 67%  175M 1s
 78050K .......... .......... .......... .......... .......... 67%  185M 1s
 78100K .......... .......... .......... .......... .......... 67%  189M 1s
 78150K .......... .......... .......... .......... .......... 67%  167M 1s
 78200K .......... .......... .......... .......... .......... 67%  179M 1s
 78250K .......... .......... .......... .......... .......... 67%  186M 1s
 78300K .......... .......... .......... .......... .......... 68%  183M 1s
 78350K .......... .......... .......... .......... .......... 68% 8,81M 1s
 78400K .......... .......... .......... .......... .......... 68%  206M 1s
 78450K .......... .......... .......... .......... .......... 68%  204M 1s
 78500K .......... .......... .......... .......... .......... 68%  203M 1s
 78550K .......... .......... .......... .......... .......... 68%  170M 1s
 78600K .......... .......... .......... .......... .......... 68%  206M 1s
 78650K .......... .......... .......... .......... .......... 68%  209M 1s
 78700K .......... .......... .......... .......... .......... 68%  209M 1s
 78750K .......... .......... .......... .......... .......... 68%  170M 0s
 78800K .......... .......... .......... .......... .......... 68%  206M 0s
 78850K .......... .......... .......... .......... .......... 68%  208M 0s
 78900K .......... .......... .......... .......... .......... 68%  210M 0s
 78950K .......... .......... .......... .......... .......... 68% 2,64M 1s
 79000K .......... .......... .......... .......... .......... 68%  197M 1s
 79050K .......... .......... .......... .......... .......... 68%  210M 1s
 79100K .......... .......... .......... .......... .......... 68%  199M 1s
 79150K .......... .......... .......... .......... .......... 68%  176M 1s
 79200K .......... .......... .......... .......... .......... 68%  211M 1s
 79250K .......... .......... .......... .......... .......... 68%  211M 0s
 79300K .......... .......... .......... .......... .......... 68%  201M 0s
 79350K .......... .......... .......... .......... .......... 68%  187M 0s
 79400K .......... .......... .......... .......... .......... 68%  211M 0s
 79450K .......... .......... .......... .......... .......... 69%  205M 0s
 79500K .......... .......... .......... .......... .......... 69% 3,19M 1s
 79550K .......... .......... .......... .......... .......... 69%  161M 1s
 79600K .......... .......... .......... .......... .......... 69%  206M 0s
 79650K .......... .......... .......... .......... .......... 69%  211M 0s
 79700K .......... .......... .......... .......... .......... 69%  196M 0s
 79750K .......... .......... .......... .......... .......... 69%  188M 0s
 79800K .......... .......... .......... .......... .......... 69%  211M 0s
 79850K .......... .......... .......... .......... .......... 69%  212M 0s
 79900K .......... .......... .......... .......... .......... 69%  199M 0s
 79950K .......... .......... .......... .......... .......... 69%  169M 0s
 80000K .......... .......... .......... .......... .......... 69%  209M 0s
 80050K .......... .......... .......... .......... .......... 69%  211M 0s
 80100K .......... .......... .......... .......... .......... 69% 3,19M 0s
 80150K .......... .......... .......... .......... .......... 69%  186M 0s
 80200K .......... .......... .......... .......... .......... 69%  209M 0s
 80250K .......... .......... .......... .......... .......... 69%  212M 0s
 80300K .......... .......... .......... .......... .......... 69%  195M 0s
 80350K .......... .......... .......... .......... .......... 69%  169M 0s
 80400K .......... .......... .......... .......... .......... 69%  210M 0s
 80450K .......... .......... .......... .......... .......... 69%  214M 0s
 80500K .......... .......... .......... .......... .......... 69% 7,75M 0s
 80550K .......... .......... .......... .......... .......... 69%  184M 0s
 80600K .......... .......... .......... .......... .......... 70%  204M 0s
 80650K .......... .......... .......... .......... .......... 70%  209M 0s
 80700K .......... .......... .......... .......... .......... 70% 3,32M 0s
 80750K .......... .......... .......... .......... .......... 70%  172M 0s
 80800K .......... .......... .......... .......... .......... 70%  195M 0s
 80850K .......... .......... .......... .......... .......... 70%  200M 0s
 80900K .......... .......... .......... .......... .......... 70%  195M 0s
 80950K .......... .......... .......... .......... .......... 70%  186M 0s
 81000K .......... .......... .......... .......... .......... 70%  198M 0s
 81050K .......... .......... .......... .......... .......... 70%  210M 0s
 81100K .......... .......... .......... .......... .......... 70%  211M 0s
 81150K .......... .......... .......... .......... .......... 70%  174M 0s
 81200K .......... .......... .......... .......... .......... 70% 5,05M 0s
 81250K .......... .......... .......... .......... .......... 70%  199M 0s
 81300K .......... .......... .......... .......... .......... 70%  191M 0s
 81350K .......... .......... .......... .......... .......... 70%  188M 0s
 81400K .......... .......... .......... .......... .......... 70%  212M 0s
 81450K .......... .......... .......... .......... .......... 70%  209M 0s
 81500K .......... .......... .......... .......... .......... 70%  200M 0s
 81550K .......... .......... .......... .......... .......... 70%  178M 0s
 81600K .......... .......... .......... .......... .......... 70%  210M 0s
 81650K .......... .......... .......... .......... .......... 70%  207M 0s
 81700K .......... .......... .......... .......... .......... 70% 14,9M 0s
 81750K .......... .......... .......... .......... .......... 71%  166M 0s
 81800K .......... .......... .......... .......... .......... 71%  189M 0s
 81850K .......... .......... .......... .......... .......... 71%  187M 0s
 81900K .......... .......... .......... .......... .......... 71% 37,7M 0s
 81950K .......... .......... .......... .......... .......... 71%  133M 0s
 82000K .......... .......... .......... .......... .......... 71%  198M 0s
 82050K .......... .......... .......... .......... .......... 71%  195M 0s
 82100K .......... .......... .......... .......... .......... 71%  203M 0s
 82150K .......... .......... .......... .......... .......... 71%  159M 0s
 82200K .......... .......... .......... .......... .......... 71%  201M 0s
 82250K .......... .......... .......... .......... .......... 71%  192M 0s
 82300K .......... .......... .......... .......... .......... 71%  202M 0s
 82350K .......... .......... .......... .......... .......... 71%  168M 0s
 82400K .......... .......... .......... .......... .......... 71%  201M 0s
 82450K .......... .......... .......... .......... .......... 71%  197M 0s
 82500K .......... .......... .......... .......... .......... 71%  212M 0s
 82550K .......... .......... .......... .......... .......... 71%  190M 0s
 82600K .......... .......... .......... .......... .......... 71%  203M 0s
 82650K .......... .......... .......... .......... .......... 71%  179M 0s
 82700K .......... .......... .......... .......... .......... 71%  200M 0s
 82750K .......... .......... .......... .......... .......... 71%  171M 0s
 82800K .......... .......... .......... .......... .......... 71%  204M 0s
 82850K .......... .......... .......... .......... .......... 71%  203M 0s
 82900K .......... .......... .......... .......... .......... 72%  213M 0s
 82950K .......... .......... .......... .......... .......... 72%  186M 0s
 83000K .......... .......... .......... .......... .......... 72%  202M 0s
 83050K .......... .......... .......... .......... .......... 72%  198M 0s
 83100K .......... .......... .......... .......... .......... 72%  205M 0s
 83150K .......... .......... .......... .......... .......... 72%  156M 0s
 83200K .......... .......... .......... .......... .......... 72%  208M 0s
 83250K .......... .......... .......... .......... .......... 72%  196M 0s
 83300K .......... .......... .......... .......... .......... 72%  206M 0s
 83350K .......... .......... .......... .......... .......... 72%  178M 0s
 83400K .......... .......... .......... .......... .......... 72%  195M 0s
 83450K .......... .......... .......... .......... .......... 72% 74,8M 0s
 83500K .......... .......... .......... .......... .......... 72%  197M 0s
 83550K .......... .......... .......... .......... .......... 72%  168M 0s
 83600K .......... .......... .......... .......... .......... 72%  210M 0s
 83650K .......... .......... .......... .......... .......... 72%  200M 0s
 83700K .......... .......... .......... .......... .......... 72%  202M 0s
 83750K .......... .......... .......... .......... .......... 72%  181M 0s
 83800K .......... .......... .......... .......... .......... 72%  201M 0s
 83850K .......... .......... .......... .......... .......... 72%  210M 0s
 83900K .......... .......... .......... .......... .......... 72%  209M 0s
 83950K .......... .......... .......... .......... .......... 72%  166M 0s
 84000K .......... .......... .......... .......... .......... 72%  199M 0s
 84050K .......... .......... .......... .......... .......... 73%  192M 0s
 84100K .......... .......... .......... .......... .......... 73%  199M 0s
 84150K .......... .......... .......... .......... .......... 73% 98,5M 0s
 84200K .......... .......... .......... .......... .......... 73%  206M 0s
 84250K .......... .......... .......... .......... .......... 73%  208M 0s
 84300K .......... .......... .......... .......... .......... 73%  203M 0s
 84350K .......... .......... .......... .......... .......... 73%  176M 0s
 84400K .......... .......... .......... .......... .......... 73%  205M 0s
 84450K .......... .......... .......... .......... .......... 73%  200M 0s
 84500K .......... .......... .......... .......... .......... 73%  179M 0s
 84550K .......... .......... .......... .......... .......... 73%  178M 0s
 84600K .......... .......... .......... .......... .......... 73%  153M 0s
 84650K .......... .......... .......... .......... .......... 73%  208M 0s
 84700K .......... .......... .......... .......... .......... 73%  202M 0s
 84750K .......... .......... .......... .......... .......... 73%  175M 0s
 84800K .......... .......... .......... .......... .......... 73%  205M 0s
 84850K .......... .......... .......... .......... .......... 73%  211M 0s
 84900K .......... .......... .......... .......... .......... 73%  192M 0s
 84950K .......... .......... .......... .......... .......... 73%  179M 0s
 85000K .......... .......... .......... .......... .......... 73%  203M 0s
 85050K .......... .......... .......... .......... .......... 73%  194M 0s
 85100K .......... .......... .......... .......... .......... 73%  195M 0s
 85150K .......... .......... .......... .......... .......... 73%  170M 0s
 85200K .......... .......... .......... .......... .......... 74%  194M 0s
 85250K .......... .......... .......... .......... .......... 74%  202M 0s
 85300K .......... .......... .......... .......... .......... 74%  196M 0s
 85350K .......... .......... .......... .......... .......... 74%  178M 0s
 85400K .......... .......... .......... .......... .......... 74%  191M 0s
 85450K .......... .......... .......... .......... .......... 74%  194M 0s
 85500K .......... .......... .......... .......... .......... 74%  188M 0s
 85550K .......... .......... .......... .......... .......... 74%  166M 0s
 85600K .......... .......... .......... .......... .......... 74%  174M 0s
 85650K .......... .......... .......... .......... .......... 74%  172M 0s
 85700K .......... .......... .......... .......... .......... 74%  192M 0s
 85750K .......... .......... .......... .......... .......... 74%  169M 0s
 85800K .......... .......... .......... .......... .......... 74%  191M 0s
 85850K .......... .......... .......... .......... .......... 74%  184M 0s
 85900K .......... .......... .......... .......... .......... 74%  192M 0s
 85950K .......... .......... .......... .......... .......... 74%  163M 0s
 86000K .......... .......... .......... .......... .......... 74%  192M 0s
 86050K .......... .......... .......... .......... .......... 74%  187M 0s
 86100K .......... .......... .......... .......... .......... 74%  187M 0s
 86150K .......... .......... .......... .......... .......... 74%  129M 0s
 86200K .......... .......... .......... .......... .......... 74%  189M 0s
 86250K .......... .......... .......... .......... .......... 74%  198M 0s
 86300K .......... .......... .......... .......... .......... 74%  190M 0s
 86350K .......... .......... .......... .......... .......... 75%  165M 0s
 86400K .......... .......... .......... .......... .......... 75%  188M 0s
 86450K .......... .......... .......... .......... .......... 75%  198M 0s
 86500K .......... .......... .......... .......... .......... 75%  197M 0s
 86550K .......... .......... .......... .......... .......... 75%  173M 0s
 86600K .......... .......... .......... .......... .......... 75%  183M 0s
 86650K .......... .......... .......... .......... .......... 75%  195M 0s
 86700K .......... .......... .......... .......... .......... 75%  202M 0s
 86750K .......... .......... .......... .......... .......... 75%  162M 0s
 86800K .......... .......... .......... .......... .......... 75% 70,0M 0s
 86850K .......... .......... .......... .......... .......... 75% 67,1M 0s
 86900K .......... .......... .......... .......... .......... 75%  124M 0s
 86950K .......... .......... .......... .......... .......... 75% 87,0M 0s
 87000K .......... .......... .......... .......... .......... 75% 63,2M 0s
 87050K .......... .......... .......... .......... .......... 75% 70,6M 0s
 87100K .......... .......... .......... .......... .......... 75%  180M 0s
 87150K .......... .......... .......... .......... .......... 75% 63,5M 0s
 87200K .......... .......... .......... .......... .......... 75% 82,2M 0s
 87250K .......... .......... .......... .......... .......... 75% 57,6M 0s
 87300K .......... .......... .......... .......... .......... 75% 70,1M 0s
 87350K .......... .......... .......... .......... .......... 75%  142M 0s
 87400K .......... .......... .......... .......... .......... 75% 66,2M 0s
 87450K .......... .......... .......... .......... .......... 75% 77,6M 0s
 87500K .......... .......... .......... .......... .......... 76% 72,9M 0s
 87550K .......... .......... .......... .......... .......... 76% 60,7M 0s
 87600K .......... .......... .......... .......... .......... 76% 92,0M 0s
 87650K .......... .......... .......... .......... .......... 76% 93,9M 0s
 87700K .......... .......... .......... .......... .......... 76% 83,7M 0s
 87750K .......... .......... .......... .......... .......... 76% 72,1M 0s
 87800K .......... .......... .......... .......... .......... 76% 93,5M 0s
 87850K .......... .......... .......... .......... .......... 76% 90,3M 0s
 87900K .......... .......... .......... .......... .......... 76% 73,7M 0s
 87950K .......... .......... .......... .......... .......... 76% 57,8M 0s
 88000K .......... .......... .......... .......... .......... 76% 80,0M 0s
 88050K .......... .......... .......... .......... .......... 76% 95,5M 0s
 88100K .......... .......... .......... .......... .......... 76% 90,1M 0s
 88150K .......... .......... .......... .......... .......... 76% 47,9M 0s
 88200K .......... .......... .......... .......... .......... 76% 73,1M 0s
 88250K .......... .......... .......... .......... .......... 76%  134M 0s
 88300K .......... .......... .......... .......... .......... 76% 69,9M 0s
 88350K .......... .......... .......... .......... .......... 76% 64,0M 0s
 88400K .......... .......... .......... .......... .......... 76%  155M 0s
 88450K .......... .......... .......... .......... .......... 76% 68,7M 0s
 88500K .......... .......... .......... .......... .......... 76% 71,0M 0s
 88550K .......... .......... .......... .......... .......... 76% 88,3M 0s
 88600K .......... .......... .......... .......... .......... 76% 92,2M 0s
 88650K .......... .......... .......... .......... .......... 77% 70,1M 0s
 88700K .......... .......... .......... .......... .......... 77% 67,5M 0s
 88750K .......... .......... .......... .......... .......... 77% 71,1M 0s
 88800K .......... .......... .......... .......... .......... 77% 96,1M 0s
 88850K .......... .......... .......... .......... .......... 77% 88,5M 0s
 88900K .......... .......... .......... .......... .......... 77% 81,0M 0s
 88950K .......... .......... .......... .......... .......... 77% 60,3M 0s
 89000K .......... .......... .......... .......... .......... 77% 96,9M 0s
 89050K .......... .......... .......... .......... .......... 77% 98,0M 0s
 89100K .......... .......... .......... .......... .......... 77% 69,4M 0s
 89150K .......... .......... .......... .......... .......... 77% 68,8M 0s
 89200K .......... .......... .......... .......... .......... 77% 67,7M 0s
 89250K .......... .......... .......... .......... .......... 77% 65,4M 0s
 89300K .......... .......... .......... .......... .......... 77%  102M 0s
 89350K .......... .......... .......... .......... .......... 77% 84,8M 0s
 89400K .......... .......... .......... .......... .......... 77% 74,0M 0s
 89450K .......... .......... .......... .......... .......... 77% 90,8M 0s
 89500K .......... .......... .......... .......... .......... 77% 68,5M 0s
 89550K .......... .......... .......... .......... .......... 77% 63,1M 0s
 89600K .......... .......... .......... .......... .......... 77% 91,9M 0s
 89650K .......... .......... .......... .......... .......... 77% 94,4M 0s
 89700K .......... .......... .......... .......... .......... 77% 74,3M 0s
 89750K .......... .......... .......... .......... .......... 77% 80,1M 0s
 89800K .......... .......... .......... .......... .......... 78% 93,9M 0s
 89850K .......... .......... .......... .......... .......... 78% 72,3M 0s
 89900K .......... .......... .......... .......... .......... 78% 67,1M 0s
 89950K .......... .......... .......... .......... .......... 78% 60,0M 0s
 90000K .......... .......... .......... .......... .......... 78% 73,5M 0s
 90050K .......... .......... .......... .......... .......... 78% 92,7M 0s
 90100K .......... .......... .......... .......... .......... 78% 92,0M 0s
 90150K .......... .......... .......... .......... .......... 78% 76,7M 0s
 90200K .......... .......... .......... .......... .......... 78% 77,7M 0s
 90250K .......... .......... .......... .......... .......... 78% 65,7M 0s
 90300K .......... .......... .......... .......... .......... 78%  160M 0s
 90350K .......... .......... .......... .......... .......... 78% 57,5M 0s
 90400K .......... .......... .......... .......... .......... 78% 73,9M 0s
 90450K .......... .......... .......... .......... .......... 78% 66,5M 0s
 90500K .......... .......... .......... .......... .......... 78% 84,3M 0s
 90550K .......... .......... .......... .......... .......... 78% 80,6M 0s
 90600K .......... .......... .......... .......... .......... 78%  101M 0s
 90650K .......... .......... .......... .......... .......... 78% 78,2M 0s
 90700K .......... .......... .......... .......... .......... 78% 94,6M 0s
 90750K .......... .......... .......... .......... .......... 78% 60,5M 0s
 90800K .......... .......... .......... .......... .......... 78% 59,0M 0s
 90850K .......... .......... .......... .......... .......... 78%  124M 0s
 90900K .......... .......... .......... .......... .......... 78% 72,4M 0s
 90950K .......... .......... .......... .......... .......... 79% 66,1M 0s
 91000K .......... .......... .......... .......... .......... 79% 89,1M 0s
 91050K .......... .......... .......... .......... .......... 79% 92,0M 0s
 91100K .......... .......... .......... .......... .......... 79% 75,6M 0s
 91150K .......... .......... .......... .......... .......... 79% 69,3M 0s
 91200K .......... .......... .......... .......... .......... 79% 71,0M 0s
 91250K .......... .......... .......... .......... .......... 79% 64,1M 0s
 91300K .......... .......... .......... .......... .......... 79%  154M 0s
 91350K .......... .......... .......... .......... .......... 79% 70,5M 0s
 91400K .......... .......... .......... .......... .......... 79% 72,7M 0s
 91450K .......... .......... .......... .......... .......... 79% 95,5M 0s
 91500K .......... .......... .......... .......... .......... 79% 99,2M 0s
 91550K .......... .......... .......... .......... .......... 79% 13,6M 0s
 91600K .......... .......... .......... .......... .......... 79%  187M 0s
 91650K .......... .......... .......... .......... .......... 79%  207M 0s
 91700K .......... .......... .......... .......... .......... 79%  209M 0s
 91750K .......... .......... .......... .......... .......... 79%  182M 0s
 91800K .......... .......... .......... .......... .......... 79%  209M 0s
 91850K .......... .......... .......... .......... .......... 79%  213M 0s
 91900K .......... .......... .......... .......... .......... 79%  211M 0s
 91950K .......... .......... .......... .......... .......... 79% 10,8M 0s
 92000K .......... .......... .......... .......... .......... 79%  169M 0s
 92050K .......... .......... .......... .......... .......... 79%  158M 0s
 92100K .......... .......... .......... .......... .......... 80%  167M 0s
 92150K .......... .......... .......... .......... .......... 80%  167M 0s
 92200K .......... .......... .......... .......... .......... 80%  187M 0s
 92250K .......... .......... .......... .......... .......... 80%  161M 0s
 92300K .......... .......... .......... .......... .......... 80%  181M 0s
 92350K .......... .......... .......... .......... .......... 80%  161M 0s
 92400K .......... .......... .......... .......... .......... 80% 5,62M 0s
 92450K .......... .......... .......... .......... .......... 80%  180M 0s
 92500K .......... .......... .......... .......... .......... 80%  177M 0s
 92550K .......... .......... .......... .......... .......... 80%  167M 0s
 92600K .......... .......... .......... .......... .......... 80%  169M 0s
 92650K .......... .......... .......... .......... .......... 80%  186M 0s
 92700K .......... .......... .......... .......... .......... 80%  185M 0s
 92750K .......... .......... .......... .......... .......... 80%  142M 0s
 92800K .......... .......... .......... .......... .......... 80%  196M 0s
 92850K .......... .......... .......... .......... .......... 80% 6,24M 0s
 92900K .......... .......... .......... .......... .......... 80%  178M 0s
 92950K .......... .......... .......... .......... .......... 80%  153M 0s
 93000K .......... .......... .......... .......... .......... 80%  178M 0s
 93050K .......... .......... .......... .......... .......... 80%  183M 0s
 93100K .......... .......... .......... .......... .......... 80%  189M 0s
 93150K .......... .......... .......... .......... .......... 80%  145M 0s
 93200K .......... .......... .......... .......... .......... 80%  176M 0s
 93250K .......... .......... .......... .......... .......... 81%  168M 0s
 93300K .......... .......... .......... .......... .......... 81%  188M 0s
 93350K .......... .......... .......... .......... .......... 81% 5,22M 0s
 93400K .......... .......... .......... .......... .......... 81%  178M 0s
 93450K .......... .......... .......... .......... .......... 81%  182M 0s
 93500K .......... .......... .......... .......... .......... 81%  180M 0s
 93550K .......... .......... .......... .......... .......... 81%  145M 0s
 93600K .......... .......... .......... .......... .......... 81%  186M 0s
 93650K .......... .......... .......... .......... .......... 81%  175M 0s
 93700K .......... .......... .......... .......... .......... 81%  169M 0s
 93750K .......... .......... .......... .......... .......... 81%  154M 0s
 93800K .......... .......... .......... .......... .......... 81%  189M 0s
 93850K .......... .......... .......... .......... .......... 81% 5,23M 0s
 93900K .......... .......... .......... .......... .......... 81%  190M 0s
 93950K .......... .......... .......... .......... .......... 81%  143M 0s
 94000K .......... .......... .......... .......... .......... 81%  172M 0s
 94050K .......... .......... .......... .......... .......... 81%  182M 0s
 94100K .......... .......... .......... .......... .......... 81%  187M 0s
 94150K .......... .......... .......... .......... .......... 81%  172M 0s
 94200K .......... .......... .......... .......... .......... 81%  172M 0s
 94250K .......... .......... .......... .......... .......... 81%  183M 0s
 94300K .......... .......... .......... .......... .......... 81%  187M 0s
 94350K .......... .......... .......... .......... .......... 81%  156M 0s
 94400K .......... .......... .......... .......... .......... 82% 5,35M 0s
 94450K .......... .......... .......... .......... .......... 82%  177M 0s
 94500K .......... .......... .......... .......... .......... 82%  180M 0s
 94550K .......... .......... .......... .......... .......... 82%  171M 0s
 94600K .......... .......... .......... .......... .......... 82%  176M 0s
 94650K .......... .......... .......... .......... .......... 82%  188M 0s
 94700K .......... .......... .......... .......... .......... 82%  188M 0s
 94750K .......... .......... .......... .......... .......... 82% 2,81M 0s
 94800K .......... .......... .......... .......... .......... 82%  151M 0s
 94850K .......... .......... .......... .......... .......... 82%  186M 0s
 94900K .......... .......... .......... .......... .......... 82%  186M 0s
 94950K .......... .......... .......... .......... .......... 82%  158M 0s
 95000K .......... .......... .......... .......... .......... 82%  180M 0s
 95050K .......... .......... .......... .......... .......... 82%  193M 0s
 95100K .......... .......... .......... .......... .......... 82%  153M 0s
 95150K .......... .......... .......... .......... .......... 82%  157M 0s
 95200K .......... .......... .......... .......... .......... 82%  179M 0s
 95250K .......... .......... .......... .......... .......... 82%  182M 0s
 95300K .......... .......... .......... .......... .......... 82% 5,19M 0s
 95350K .......... .......... .......... .......... .......... 82%  181M 0s
 95400K .......... .......... .......... .......... .......... 82%  207M 0s
 95450K .......... .......... .......... .......... .......... 82%  189M 0s
 95500K .......... .......... .......... .......... .......... 82% 15,6M 0s
 95550K .......... .......... .......... .......... .......... 83%  142M 0s
 95600K .......... .......... .......... .......... .......... 83%  185M 0s
 95650K .......... .......... .......... .......... .......... 83%  176M 0s
 95700K .......... .......... .......... .......... .......... 83%  181M 0s
 95750K .......... .......... .......... .......... .......... 83%  163M 0s
 95800K .......... .......... .......... .......... .......... 83%  183M 0s
 95850K .......... .......... .......... .......... .......... 83% 6,67M 0s
 95900K .......... .......... .......... .......... .......... 83%  189M 0s
 95950K .......... .......... .......... .......... .......... 83%  172M 0s
 96000K .......... .......... .......... .......... .......... 83%  192M 0s
 96050K .......... .......... .......... .......... .......... 83%  202M 0s
 96100K .......... .......... .......... .......... .......... 83%  205M 0s
 96150K .......... .......... .......... .......... .......... 83%  180M 0s
 96200K .......... .......... .......... .......... .......... 83%  200M 0s
 96250K .......... .......... .......... .......... .......... 83%  199M 0s
 96300K .......... .......... .......... .......... .......... 83%  199M 0s
 96350K .......... .......... .......... .......... .......... 83%  146M 0s
 96400K .......... .......... .......... .......... .......... 83% 5,21M 0s
 96450K .......... .......... .......... .......... .......... 83%  200M 0s
 96500K .......... .......... .......... .......... .......... 83%  198M 0s
 96550K .......... .......... .......... .......... .......... 83%  181M 0s
 96600K .......... .......... .......... .......... .......... 83%  179M 0s
 96650K .......... .......... .......... .......... .......... 83%  202M 0s
 96700K .......... .......... .......... .......... .......... 84%  202M 0s
 96750K .......... .......... .......... .......... .......... 84%  160M 0s
 96800K .......... .......... .......... .......... .......... 84%  199M 0s
 96850K .......... .......... .......... .......... .......... 84%  201M 0s
 96900K .......... .......... .......... .......... .......... 84%  197M 0s
 96950K .......... .......... .......... .......... .......... 84% 6,03M 0s
 97000K .......... .......... .......... .......... .......... 84%  150M 0s
 97050K .......... .......... .......... .......... .......... 84%  187M 0s
 97100K .......... .......... .......... .......... .......... 84%  181M 0s
 97150K .......... .......... .......... .......... .......... 84%  151M 0s
 97200K .......... .......... .......... .......... .......... 84%  207M 0s
 97250K .......... .......... .......... .......... .......... 84%  204M 0s
 97300K .......... .......... .......... .......... .......... 84%  200M 0s
 97350K .......... .......... .......... .......... .......... 84% 5,76M 0s
 97400K .......... .......... .......... .......... .......... 84%  175M 0s
 97450K .......... .......... .......... .......... .......... 84%  186M 0s
 97500K .......... .......... .......... .......... .......... 84%  179M 0s
 97550K .......... .......... .......... .......... .......... 84%  142M 0s
 97600K .......... .......... .......... .......... .......... 84%  181M 0s
 97650K .......... .......... .......... .......... .......... 84%  182M 0s
 97700K .......... .......... .......... .......... .......... 84%  182M 0s
 97750K .......... .......... .......... .......... .......... 84%  168M 0s
 97800K .......... .......... .......... .......... .......... 84%  179M 0s
 97850K .......... .......... .......... .......... .......... 85% 4,71M 0s
 97900K .......... .......... .......... .......... .......... 85%  203M 0s
 97950K .......... .......... .......... .......... .......... 85%  170M 0s
 98000K .......... .......... .......... .......... .......... 85%  206M 0s
 98050K .......... .......... .......... .......... .......... 85%  195M 0s
 98100K .......... .......... .......... .......... .......... 85%  205M 0s
 98150K .......... .......... .......... .......... .......... 85%  186M 0s
 98200K .......... .......... .......... .......... .......... 85%  207M 0s
 98250K .......... .......... .......... .......... .......... 85%  198M 0s
 98300K .......... .......... .......... .......... .......... 85%  199M 0s
 98350K .......... .......... .......... .......... .......... 85%  121M 0s
 98400K .......... .......... .......... .......... .......... 85% 6,59M 0s
 98450K .......... .......... .......... .......... .......... 85%  203M 0s
 98500K .......... .......... .......... .......... .......... 85%  206M 0s
 98550K .......... .......... .......... .......... .......... 85%  176M 0s
 98600K .......... .......... .......... .......... .......... 85%  195M 0s
 98650K .......... .......... .......... .......... .......... 85%  206M 0s
 98700K .......... .......... .......... .......... .......... 85%  206M 0s
 98750K .......... .......... .......... .......... .......... 85%  173M 0s
 98800K .......... .......... .......... .......... .......... 85% 39,6M 0s
 98850K .......... .......... .......... .......... .......... 85% 47,4M 0s
 98900K .......... .......... .......... .......... .......... 85%  115M 0s
 98950K .......... .......... .......... .......... .......... 85%  185M 0s
 99000K .......... .......... .......... .......... .......... 86%  201M 0s
 99050K .......... .......... .......... .......... .......... 86%  150M 0s
 99100K .......... .......... .......... .......... .......... 86%  149M 0s
 99150K .......... .......... .......... .......... .......... 86% 59,2M 0s
 99200K .......... .......... .......... .......... .......... 86% 47,3M 0s
 99250K .......... .......... .......... .......... .......... 86% 50,5M 0s
 99300K .......... .......... .......... .......... .......... 86%  138M 0s
 99350K .......... .......... .......... .......... .......... 86%  127M 0s
 99400K .......... .......... .......... .......... .......... 86%  140M 0s
 99450K .......... .......... .......... .......... .......... 86% 85,5M 0s
 99500K .......... .......... .......... .......... .......... 86% 35,5M 0s
 99550K .......... .......... .......... .......... .......... 86% 45,6M 0s
 99600K .......... .......... .......... .......... .......... 86%  201M 0s
 99650K .......... .......... .......... .......... .......... 86%  193M 0s
 99700K .......... .......... .......... .......... .......... 86% 61,2M 0s
 99750K .......... .......... .......... .......... .......... 86% 81,4M 0s
 99800K .......... .......... .......... .......... .......... 86%  197M 0s
 99850K .......... .......... .......... .......... .......... 86% 59,0M 0s
 99900K .......... .......... .......... .......... .......... 86%  126M 0s
 99950K .......... .......... .......... .......... .......... 86%  171M 0s
100000K .......... .......... .......... .......... .......... 86%  205M 0s
100050K .......... .......... .......... .......... .......... 86%  200M 0s
100100K .......... .......... .......... .......... .......... 86%  197M 0s
100150K .......... .......... .......... .......... .......... 87%  183M 0s
100200K .......... .......... .......... .......... .......... 87%  207M 0s
100250K .......... .......... .......... .......... .......... 87%  206M 0s
100300K .......... .......... .......... .......... .......... 87% 72,2M 0s
100350K .......... .......... .......... .......... .......... 87% 41,7M 0s
100400K .......... .......... .......... .......... .......... 87% 42,1M 0s
100450K .......... .......... .......... .......... .......... 87% 58,9M 0s
100500K .......... .......... .......... .......... .......... 87%  141M 0s
100550K .......... .......... .......... .......... .......... 87% 83,6M 0s
100600K .......... .......... .......... .......... .......... 87% 35,9M 0s
100650K .......... .......... .......... .......... .......... 87%  135M 0s
100700K .......... .......... .......... .......... .......... 87%  143M 0s
100750K .......... .......... .......... .......... .......... 87%  117M 0s
100800K .......... .......... .......... .......... .......... 87%  147M 0s
100850K .......... .......... .......... .......... .......... 87%  139M 0s
100900K .......... .......... .......... .......... .......... 87% 66,2M 0s
100950K .......... .......... .......... .......... .......... 87% 31,3M 0s
101000K .......... .......... .......... .......... .......... 87% 39,1M 0s
101050K .......... .......... .......... .......... .......... 87%  139M 0s
101100K .......... .......... .......... .......... .......... 87%  156M 0s
101150K .......... .......... .......... .......... .......... 87% 46,3M 0s
101200K .......... .......... .......... .......... .......... 87% 61,2M 0s
101250K .......... .......... .......... .......... .......... 87%  142M 0s
101300K .......... .......... .......... .......... .......... 88%  141M 0s
101350K .......... .......... .......... .......... .......... 88% 54,4M 0s
101400K .......... .......... .......... .......... .......... 88%  199M 0s
101450K .......... .......... .......... .......... .......... 88% 58,9M 0s
101500K .......... .......... .......... .......... .......... 88%  201M 0s
101550K .......... .......... .......... .......... .......... 88%  165M 0s
101600K .......... .......... .......... .......... .......... 88%  205M 0s
101650K .......... .......... .......... .......... .......... 88%  199M 0s
101700K .......... .......... .......... .......... .......... 88%  180M 0s
101750K .......... .......... .......... .......... .......... 88%  122M 0s
101800K .......... .......... .......... .......... .......... 88%  140M 0s
101850K .......... .......... .......... .......... .......... 88%  147M 0s
101900K .......... .......... .......... .......... .......... 88% 41,3M 0s
101950K .......... .......... .......... .......... .......... 88% 29,2M 0s
102000K .......... .......... .......... .......... .......... 88% 38,9M 0s
102050K .......... .......... .......... .......... .......... 88%  135M 0s
102100K .......... .......... .......... .......... .......... 88%  141M 0s
102150K .......... .......... .......... .......... .......... 88% 66,6M 0s
102200K .......... .......... .......... .......... .......... 88% 35,0M 0s
102250K .......... .......... .......... .......... .......... 88% 93,3M 0s
102300K .......... .......... .......... .......... .......... 88%  141M 0s
102350K .......... .......... .......... .......... .......... 88%  116M 0s
102400K .......... .......... .......... .......... .......... 88%  146M 0s
102450K .......... .......... .......... .......... .......... 88%  136M 0s
102500K .......... .......... .......... .......... .......... 89% 55,5M 0s
102550K .......... .......... .......... .......... .......... 89% 30,2M 0s
102600K .......... .......... .......... .......... .......... 89% 52,8M 0s
102650K .......... .......... .......... .......... .......... 89%  201M 0s
102700K .......... .......... .......... .......... .......... 89%  205M 0s
102750K .......... .......... .......... .......... .......... 89%  164M 0s
102800K .......... .......... .......... .......... .......... 89% 72,3M 0s
102850K .......... .......... .......... .......... .......... 89% 38,9M 0s
102900K .......... .......... .......... .......... .......... 89% 91,6M 0s
102950K .......... .......... .......... .......... .......... 89%  128M 0s
103000K .......... .......... .......... .......... .......... 89% 57,1M 0s
103050K .......... .......... .......... .......... .......... 89% 53,5M 0s
103100K .......... .......... .......... .......... .......... 89%  101M 0s
103150K .......... .......... .......... .......... .......... 89% 48,1M 0s
103200K .......... .......... .......... .......... .......... 89%  141M 0s
103250K .......... .......... .......... .......... .......... 89%  146M 0s
103300K .......... .......... .......... .......... .......... 89%  139M 0s
103350K .......... .......... .......... .......... .......... 89% 95,3M 0s
103400K .......... .......... .......... .......... .......... 89%  142M 0s
103450K .......... .......... .......... .......... .......... 89%  131M 0s
103500K .......... .......... .......... .......... .......... 89%  153M 0s
103550K .......... .......... .......... .......... .......... 89%  152M 0s
103600K .......... .......... .......... .......... .......... 89%  151M 0s
103650K .......... .......... .......... .......... .......... 90%  128M 0s
103700K .......... .......... .......... .......... .......... 90%  142M 0s
103750K .......... .......... .......... .......... .......... 90%  102M 0s
103800K .......... .......... .......... .......... .......... 90%  128M 0s
103850K .......... .......... .......... .......... .......... 90%  125M 0s
103900K .......... .......... .......... .......... .......... 90%  124M 0s
103950K .......... .......... .......... .......... .......... 90%  110M 0s
104000K .......... .......... .......... .......... .......... 90%  176M 0s
104050K .......... .......... .......... .......... .......... 90%  140M 0s
104100K .......... .......... .......... .......... .......... 90%  181M 0s
104150K .......... .......... .......... .......... .......... 90%  177M 0s
104200K .......... .......... .......... .......... .......... 90%  192M 0s
104250K .......... .......... .......... .......... .......... 90%  176M 0s
104300K .......... .......... .......... .......... .......... 90%  129M 0s
104350K .......... .......... .......... .......... .......... 90%  144M 0s
104400K .......... .......... .......... .......... .......... 90%  194M 0s
104450K .......... .......... .......... .......... .......... 90%  189M 0s
104500K .......... .......... .......... .......... .......... 90%  195M 0s
104550K .......... .......... .......... .......... .......... 90%  172M 0s
104600K .......... .......... .......... .......... .......... 90%  191M 0s
104650K .......... .......... .......... .......... .......... 90%  170M 0s
104700K .......... .......... .......... .......... .......... 90%  115M 0s
104750K .......... .......... .......... .......... .......... 90%  111M 0s
104800K .......... .......... .......... .......... .......... 91%  125M 0s
104850K .......... .......... .......... .......... .......... 91%  128M 0s
104900K .......... .......... .......... .......... .......... 91%  131M 0s
104950K .......... .......... .......... .......... .......... 91%  118M 0s
105000K .......... .......... .......... .......... .......... 91%  110M 0s
105050K .......... .......... .......... .......... .......... 91%  139M 0s
105100K .......... .......... .......... .......... .......... 91%  122M 0s
105150K .......... .......... .......... .......... .......... 91%  113M 0s
105200K .......... .......... .......... .......... .......... 91%  131M 0s
105250K .......... .......... .......... .......... .......... 91%  168M 0s
105300K .......... .......... .......... .......... .......... 91%  148M 0s
105350K .......... .......... .......... .......... .......... 91%  118M 0s
105400K .......... .......... .......... .......... .......... 91%  134M 0s
105450K .......... .......... .......... .......... .......... 91%  139M 0s
105500K .......... .......... .......... .......... .......... 91%  174M 0s
105550K .......... .......... .......... .......... .......... 91% 86,4M 0s
105600K .......... .......... .......... .......... .......... 91%  125M 0s
105650K .......... .......... .......... .......... .......... 91%  119M 0s
105700K .......... .......... .......... .......... .......... 91%  110M 0s
105750K .......... .......... .......... .......... .......... 91%  105M 0s
105800K .......... .......... .......... .......... .......... 91%  108M 0s
105850K .......... .......... .......... .......... .......... 91%  133M 0s
105900K .......... .......... .......... .......... .......... 91%  117M 0s
105950K .......... .......... .......... .......... .......... 92%  113M 0s
106000K .......... .......... .......... .......... .......... 92%  121M 0s
106050K .......... .......... .......... .......... .......... 92%  121M 0s
106100K .......... .......... .......... .......... .......... 92%  128M 0s
106150K .......... .......... .......... .......... .......... 92%  102M 0s
106200K .......... .......... .......... .......... .......... 92%  137M 0s
106250K .......... .......... .......... .......... .......... 92%  134M 0s
106300K .......... .......... .......... .......... .......... 92%  113M 0s
106350K .......... .......... .......... .......... .......... 92%  115M 0s
106400K .......... .......... .......... .......... .......... 92%  121M 0s
106450K .......... .......... .......... .......... .......... 92%  112M 0s
106500K .......... .......... .......... .......... .......... 92%  131M 0s
106550K .......... .......... .......... .......... .......... 92%  120M 0s
106600K .......... .......... .......... .......... .......... 92%  134M 0s
106650K .......... .......... .......... .......... .......... 92%  134M 0s
106700K .......... .......... .......... .......... .......... 92%  137M 0s
106750K .......... .......... .......... .......... .......... 92%  109M 0s
106800K .......... .......... .......... .......... .......... 92%  123M 0s
106850K .......... .......... .......... .......... .......... 92%  121M 0s
106900K .......... .......... .......... .......... .......... 92%  134M 0s
106950K .......... .......... .......... .......... .......... 92%  115M 0s
107000K .......... .......... .......... .......... .......... 92%  124M 0s
107050K .......... .......... .......... .......... .......... 92%  133M 0s
107100K .......... .......... .......... .......... .......... 93%  135M 0s
107150K .......... .......... .......... .......... .......... 93%  104M 0s
107200K .......... .......... .......... .......... .......... 93%  133M 0s
107250K .......... .......... .......... .......... .......... 93%  134M 0s
107300K .......... .......... .......... .......... .......... 93%  126M 0s
107350K .......... .......... .......... .......... .......... 93%  117M 0s
107400K .......... .......... .......... .......... .......... 93%  129M 0s
107450K .......... .......... .......... .......... .......... 93%  135M 0s
107500K .......... .......... .......... .......... .......... 93%  117M 0s
107550K .......... .......... .......... .......... .......... 93%  111M 0s
107600K .......... .......... .......... .......... .......... 93%  125M 0s
107650K .......... .......... .......... .......... .......... 93%  136M 0s
107700K .......... .......... .......... .......... .......... 93%  138M 0s
107750K .......... .......... .......... .......... .......... 93%  104M 0s
107800K .......... .......... .......... .......... .......... 93%  135M 0s
107850K .......... .......... .......... .......... .......... 93%  125M 0s
107900K .......... .......... .......... .......... .......... 93%  123M 0s
107950K .......... .......... .......... .......... .......... 93%  113M 0s
108000K .......... .......... .......... .......... .......... 93%  136M 0s
108050K .......... .......... .......... .......... .......... 93%  134M 0s
108100K .......... .......... .......... .......... .......... 93%  122M 0s
108150K .......... .......... .......... .......... .......... 93%  128M 0s
108200K .......... .......... .......... .......... .......... 93%  134M 0s
108250K .......... .......... .......... .......... .......... 94%  137M 0s
108300K .......... .......... .......... .......... .......... 94%  135M 0s
108350K .......... .......... .......... .......... .......... 94%  103M 0s
108400K .......... .......... .......... .......... .......... 94%  173M 0s
108450K .......... .......... .......... .......... .......... 94%  157M 0s
108500K .......... .......... .......... .......... .......... 94%  176M 0s
108550K .......... .......... .......... .......... .......... 94%  155M 0s
108600K .......... .......... .......... .......... .......... 94%  175M 0s
108650K .......... .......... .......... .......... .......... 94%  166M 0s
108700K .......... .......... .......... .......... .......... 94%  157M 0s
108750K .......... .......... .......... .......... .......... 94%  126M 0s
108800K .......... .......... .......... .......... .......... 94%  165M 0s
108850K .......... .......... .......... .......... .......... 94%  168M 0s
108900K .......... .......... .......... .......... .......... 94%  149M 0s
108950K .......... .......... .......... .......... .......... 94%  153M 0s
109000K .......... .......... .......... .......... .......... 94%  171M 0s
109050K .......... .......... .......... .......... .......... 94%  175M 0s
109100K .......... .......... .......... .......... .......... 94%  165M 0s
109150K .......... .......... .......... .......... .......... 94%  125M 0s
109200K .......... .......... .......... .......... .......... 94%  178M 0s
109250K .......... .......... .......... .......... .......... 94%  171M 0s
109300K .......... .......... .......... .......... .......... 94%  173M 0s
109350K .......... .......... .......... .......... .......... 94%  155M 0s
109400K .......... .......... .......... .......... .......... 95%  135M 0s
109450K .......... .......... .......... .......... .......... 95%  141M 0s
109500K .......... .......... .......... .......... .......... 95%  178M 0s
109550K .......... .......... .......... .......... .......... 95%  136M 0s
109600K .......... .......... .......... .......... .......... 95%  165M 0s
109650K .......... .......... .......... .......... .......... 95%  159M 0s
109700K .......... .......... .......... .......... .......... 95%  172M 0s
109750K .......... .......... .......... .......... .......... 95%  131M 0s
109800K .......... .......... .......... .......... .......... 95%  174M 0s
109850K .......... .......... .......... .......... .......... 95%  176M 0s
109900K .......... .......... .......... .......... .......... 95%  168M 0s
109950K .......... .......... .......... .......... .......... 95%  150M 0s
110000K .......... .......... .......... .......... .......... 95%  158M 0s
110050K .......... .......... .......... .......... .......... 95%  169M 0s
110100K .......... .......... .......... .......... .......... 95%  158M 0s
110150K .......... .......... .......... .......... .......... 95%  142M 0s
110200K .......... .......... .......... .......... .......... 95%  176M 0s
110250K .......... .......... .......... .......... .......... 95%  154M 0s
110300K .......... .......... .......... .......... .......... 95%  173M 0s
110350K .......... .......... .......... .......... .......... 95%  151M 0s
110400K .......... .......... .......... .......... .......... 95%  163M 0s
110450K .......... .......... .......... .......... .......... 95%  151M 0s
110500K .......... .......... .......... .......... .......... 95%  173M 0s
110550K .......... .......... .......... .......... .......... 96%  154M 0s
110600K .......... .......... .......... .......... .......... 96%  170M 0s
110650K .......... .......... .......... .......... .......... 96%  175M 0s
110700K .......... .......... .......... .......... .......... 96%  170M 0s
110750K .......... .......... .......... .......... .......... 96%  135M 0s
110800K .......... .......... .......... .......... .......... 96%  169M 0s
110850K .......... .......... .......... .......... .......... 96%  140M 0s
110900K .......... .......... .......... .......... .......... 96%  139M 0s
110950K .......... .......... .......... .......... .......... 96%  157M 0s
111000K .......... .......... .......... .......... .......... 96%  181M 0s
111050K .......... .......... .......... .......... .......... 96%  170M 0s
111100K .......... .......... .......... .......... .......... 96%  175M 0s
111150K .......... .......... .......... .......... .......... 96%  127M 0s
111200K .......... .......... .......... .......... .......... 96%  154M 0s
111250K .......... .......... .......... .......... .......... 96%  160M 0s
111300K .......... .......... .......... .......... .......... 96%  180M 0s
111350K .......... .......... .......... .......... .......... 96%  130M 0s
111400K .......... .......... .......... .......... .......... 96%  141M 0s
111450K .......... .......... .......... .......... .......... 96%  177M 0s
111500K .......... .......... .......... .......... .......... 96%  174M 0s
111550K .......... .......... .......... .......... .......... 96%  131M 0s
111600K .......... .......... .......... .......... .......... 96%  178M 0s
111650K .......... .......... .......... .......... .......... 96%  169M 0s
111700K .......... .......... .......... .......... .......... 97%  168M 0s
111750K .......... .......... .......... .......... .......... 97%  122M 0s
111800K .......... .......... .......... .......... .......... 97%  178M 0s
111850K .......... .......... .......... .......... .......... 97%  170M 0s
111900K .......... .......... .......... .......... .......... 97%  175M 0s
111950K .......... .......... .......... .......... .......... 97%  148M 0s
112000K .......... .......... .......... .......... .......... 97%  156M 0s
112050K .......... .......... .......... .......... .......... 97%  178M 0s
112100K .......... .......... .......... .......... .......... 97%  177M 0s
112150K .......... .......... .......... .......... .......... 97%  156M 0s
112200K .......... .......... .......... .......... .......... 97%  173M 0s
112250K .......... .......... .......... .......... .......... 97%  161M 0s
112300K .......... .......... .......... .......... .......... 97%  181M 0s
112350K .......... .......... .......... .......... .......... 97%  139M 0s
112400K .......... .......... .......... .......... .......... 97%  146M 0s
112450K .......... .......... .......... .......... .......... 97%  173M 0s
112500K .......... .......... .......... .......... .......... 97%  170M 0s
112550K .......... .......... .......... .......... .......... 97%  147M 0s
112600K .......... .......... .......... .......... .......... 97%  174M 0s
112650K .......... .......... .......... .......... .......... 97%  152M 0s
112700K .......... .......... .......... .......... .......... 97%  155M 0s
112750K .......... .......... .......... .......... .......... 97%  126M 0s
112800K .......... .......... .......... .......... .......... 97%  137M 0s
112850K .......... .......... .......... .......... .......... 98%  170M 0s
112900K .......... .......... .......... .......... .......... 98%  155M 0s
112950K .......... .......... .......... .......... .......... 98%  161M 0s
113000K .......... .......... .......... .......... .......... 98%  168M 0s
113050K .......... .......... .......... .......... .......... 98%  177M 0s
113100K .......... .......... .......... .......... .......... 98%  177M 0s
113150K .......... .......... .......... .......... .......... 98%  133M 0s
113200K .......... .......... .......... .......... .......... 98%  173M 0s
113250K .......... .......... .......... .......... .......... 98%  176M 0s
113300K .......... .......... .......... .......... .......... 98%  188M 0s
113350K .......... .......... .......... .......... .......... 98%  152M 0s
113400K .......... .......... .......... .......... .......... 98%  180M 0s
113450K .......... .......... .......... .......... .......... 98%  164M 0s
113500K .......... .......... .......... .......... .......... 98%  185M 0s
113550K .......... .......... .......... .......... .......... 98% 48,1M 0s
113600K .......... .......... .......... .......... .......... 98%  103M 0s
113650K .......... .......... .......... .......... .......... 98%  161M 0s
113700K .......... .......... .......... .......... .......... 98% 99,6M 0s
113750K .......... .......... .......... .......... .......... 98%  149M 0s
113800K .......... .......... .......... .......... .......... 98%  104M 0s
113850K .......... .......... .......... .......... .......... 98% 93,5M 0s
113900K .......... .......... .......... .......... .......... 98%  130M 0s
113950K .......... .......... .......... .......... .......... 98%  104M 0s
114000K .......... .......... .......... .......... .......... 99% 93,2M 0s
114050K .......... .......... .......... .......... .......... 99%  125M 0s
114100K .......... .......... .......... .......... .......... 99%  151M 0s
114150K .......... .......... .......... .......... .......... 99% 89,5M 0s
114200K .......... .......... .......... .......... .......... 99%  113M 0s
114250K .......... .......... .......... .......... .......... 99%  135M 0s
114300K .......... .......... .......... .......... .......... 99% 90,2M 0s
114350K .......... .......... .......... .......... .......... 99%  109M 0s
114400K .......... .......... .......... .......... .......... 99% 15,7M 0s
114450K .......... .......... .......... .......... .......... 99%  180M 0s
114500K .......... .......... .......... .......... .......... 99%  177M 0s
114550K .......... .......... .......... .......... .......... 99%  146M 0s
114600K .......... .......... .......... .......... .......... 99%  178M 0s
114650K .......... .......... .......... .......... .......... 99%  172M 0s
114700K .......... .......... .......... .......... .......... 99%  181M 0s
114750K .......... .......... .......... .......... .......... 99%  151M 0s
114800K .......... .......... .......... .......... .......... 99%  178M 0s
114850K .......... .......... .......... .......... .......... 99%  181M 0s
114900K .......... .......... .......... .......... .......... 99% 5,86M 0s
114950K .......... .......... .......... .......... .......... 99%  181M 0s
115000K .......... .......... .......... .......... .......... 99%  206M 0s
115050K .......... .......... .......... .......... .......... 99%  210M 0s
115100K .......... .......... .......... .......... .......... 99%  198M 0s
115150K .......... .........                                  100%  145M=1,6s

2025-12-09 11:06:44 (71,1 MB/s) - ‘/home/jason/Téléchargements/chrome.deb’ enregistré [117933480/117933480]

(Lecture de la base de données... 600538 fichiers et répertoires déjà installés.)
Préparation du dépaquetage de .../Téléchargements/chrome.deb ...
Dépaquetage de google-chrome-stable (143.0.7499.40-1) sur (143.0.7499.40-1) ...
Paramétrage de google-chrome-stable (143.0.7499.40-1) ...
Traitement des actions différées (« triggers ») pour mailcap (3.70+nmu1ubuntu1) ...
Traitement des actions différées (« triggers ») pour gnome-menus (3.36.0-1ubuntu3) ...
Traitement des actions différées (« triggers ») pour desktop-file-utils (0.26-1ubuntu3) ...
Traitement des actions différées (« triggers ») pour man-db (2.10.2-1) ...
Google Chrome installé avec succès

==== Fin du run : 2025-12-09T11:06:58+01:00 ====

